solid OpenSCAD_Model
  facet normal 0 0 -1
    outer loop
      vertex 7.979055637748108 0.011806277201811117 0
      vertex 8 0.011837267704671023 0
      vertex 8 0 0
    endloop
  endfacet
  facet normal 0 0 -1
    outer loop
      vertex 32.733333333333334 0.6 0
      vertex 8 0.14663951120162932 0
      vertex 8 0.6 0
    endloop
  endfacet
  facet normal 0 1 0
    outer loop
      vertex 32.733333333333334 0.6 0
      vertex 8 0.6 0
      vertex 8 0.6 1.2
    endloop
  endfacet
  facet normal 0 0 -1
    outer loop
      vertex 32.733333333333334 0.6 0
      vertex 33.93333333333334 0.6 0
      vertex 8 0.14663951120162932 0
    endloop
  endfacet
  facet normal 0 0 -1
    outer loop
      vertex 33.93333333333334 0.6 0
      vertex 66.06666666666668 0.6 0
      vertex 8 0.14663951120162932 0
    endloop
  endfacet
  facet normal 0 0 -1
    outer loop
      vertex 100.60000000000001 0.6 0
      vertex 8 0.011837267704671023 0
      vertex 8 0.14663951120162932 0
    endloop
  endfacet
  facet normal 0 0 -1
    outer loop
      vertex 66.06666666666668 0.6 0
      vertex 67.26666666666668 0.6 0
      vertex 8 0.14663951120162932 0
    endloop
  endfacet
  facet normal 0 0 -1
    outer loop
      vertex 132.73333333333335 0.19640000000000007 0
      vertex 8 0 0
      vertex 8 0.011837267704671023 0
    endloop
  endfacet
  facet normal 0 1 0
    outer loop
      vertex 0.6 0.6 20
      vertex 8 0.6 1.2
      vertex 0.6 0.6 1.2
    endloop
  endfacet
  facet normal 0 1 0
    outer loop
      vertex 32.733333333333334 0.6 0
      vertex 8 0.6 1.2
      vertex 0.6 0.6 20
    endloop
  endfacet
  facet normal 0 1 0
    outer loop
      vertex 33.93333333333334 0.6 0
      vertex 33.93333333333334 0.6 20
      vertex 66.06666666666668 0.6 0
    endloop
  endfacet
  facet normal 0 0 -1
    outer loop
      vertex 67.26666666666668 0.6 0
      vertex 99.4 0.6 0
      vertex 8 0.14663951120162932 0
    endloop
  endfacet
  facet normal 0 0 -1
    outer loop
      vertex 99.4 0.6 0
      vertex 100.60000000000001 0.6 0
      vertex 8 0.14663951120162932 0
    endloop
  endfacet
  facet normal 0 0 -1
    outer loop
      vertex 100.60000000000001 0.6 0
      vertex 132.73333333333335 0.19640000000000007 0
      vertex 8 0.011837267704671023 0
    endloop
  endfacet
  facet normal 0 1 0
    outer loop
      vertex 67.26666666666668 0.6 0
      vertex 67.26666666666668 0.6 20
      vertex 99.4 0.6 0
    endloop
  endfacet
  facet normal 0 1 0
    outer loop
      vertex 32.733333333333334 0.6 0
      vertex 0.6 0.6 20
      vertex 32.733333333333334 0.6 20
    endloop
  endfacet
  facet normal 0 0 1
    outer loop
      vertex 0.6 0.6 20
      vertex 0.5963999999999999 0.6 20
      vertex 0.5964214711729622 0.5964214711729622 20
    endloop
  endfacet
  facet normal 0 0 1
    outer loop
      vertex 0.6 0.6 20
      vertex 0.5964214711729622 0.5964214711729622 20
      vertex 32.733333333333334 0.6 20
    endloop
  endfacet
  facet normal 0 1 0
    outer loop
      vertex 66.06666666666668 0.6 0
      vertex 33.93333333333334 0.6 20
      vertex 66.06666666666668 0.6 20
    endloop
  endfacet
  facet normal 0 1 0
    outer loop
      vertex 99.4 0.6 0
      vertex 67.26666666666668 0.6 20
      vertex 99.4 0.6 20
    endloop
  endfacet
  facet normal 0 0 1
    outer loop
      vertex 0 0 20
      vertex 200 0 20
      vertex 0.5964214711729622 0.5964214711729622 20
    endloop
  endfacet
  facet normal 0 0 1
    outer loop
      vertex 0.5964214711729622 0.5964214711729622 20
      vertex 200 0 20
      vertex 32.733333333333334 0.6 20
    endloop
  endfacet
  facet normal 0 0 1
    outer loop
      vertex 32.733333333333334 0.6 20
      vertex 200 0 20
      vertex 33.93333333333334 0.6 20
    endloop
  endfacet
  facet normal 0 0 -1
    outer loop
      vertex 132.73333333333335 0.19640000000000007 0
      vertex 192.01734971291393 0.023307123633058084 0
      vertex 8 0 0
    endloop
  endfacet
  facet normal 0 0 -1
    outer loop
      vertex 100.60000000000001 0.6 0
      vertex 132.73333333333335 0.6 0
      vertex 132.73333333333335 0.19640000000000007 0
    endloop
  endfacet
  facet normal 0 0 -1
    outer loop
      vertex 8 0 0
      vertex 192.01734971291393 0.023307123633058084 0
      vertex 200 0 0
    endloop
  endfacet
  facet normal 0 0 -1
    outer loop
      vertex 133.93333333333334 0.2036 0
      vertex 133.93333333333334 0.6 0
      vertex 166.0666666666667 0.3964000000000001 0
    endloop
  endfacet
  facet normal 0 1 0
    outer loop
      vertex 100.60000000000001 0.6 0
      vertex 100.60000000000001 0.6 20
      vertex 132.73333333333335 0.6 0
    endloop
  endfacet
  facet normal 0 1 0
    outer loop
      vertex 133.93333333333334 0.6 0
      vertex 133.93333333333334 0.6 20
      vertex 166.0666666666667 0.6 0
    endloop
  endfacet
  facet normal 0 0 -1
    outer loop
      vertex 132.73333333333335 0.19640000000000007 0
      vertex 133.93333333333334 0.2036 0
      vertex 192.01734971291393 0.023307123633058084 0
    endloop
  endfacet
  facet normal 0 0 -1
    outer loop
      vertex 133.93333333333334 0.6 0
      vertex 166.0666666666667 0.6 0
      vertex 166.0666666666667 0.3964000000000001 0
    endloop
  endfacet
  facet normal 0 0 -1
    outer loop
      vertex 133.93333333333334 0.2036 0
      vertex 166.0666666666667 0.3964000000000001 0
      vertex 192.01734971291393 0.023307123633058084 0
    endloop
  endfacet
  facet normal 0 0 -1
    outer loop
      vertex 166.0666666666667 0.3964000000000001 0
      vertex 167.26666666666668 0.40360000000000007 0
      vertex 192.01734971291393 0.023307123633058084 0
    endloop
  endfacet
  facet normal 0 0 -1
    outer loop
      vertex 167.26666666666668 0.40360000000000007 0
      vertex 167.26666666666668 0.6 0
      vertex 192.01734971291393 0.023307123633058084 0
    endloop
  endfacet
  facet normal 0 0 -1
    outer loop
      vertex 167.26666666666668 0.6 0
      vertex 192 0.5972290456431536 0
      vertex 192.01734971291393 0.023307123633058084 0
    endloop
  endfacet
  facet normal 0 0 -1
    outer loop
      vertex 167.26666666666668 0.6 0
      vertex 192 0.6 0
      vertex 192 0.5972290456431536 0
    endloop
  endfacet
  facet normal 0 1 0
    outer loop
      vertex 167.26666666666668 0.6 0
      vertex 192 0.6 1.2
      vertex 192 0.6 0
    endloop
  endfacet
  facet normal 0 0 -1
    outer loop
      vertex 192 0.5972290456431536 0
      vertex 192.44453741191137 0.597179242696591 0
      vertex 192.01734971291393 0.023307123633058084 0
    endloop
  endfacet
  facet normal 0 1 0
    outer loop
      vertex 167.26666666666668 0.6 0
      vertex 167.26666666666668 0.6 20
      vertex 192 0.6 1.2
    endloop
  endfacet
  facet normal 0 1 0
    outer loop
      vertex 199.4 0.6 20
      vertex 199.4 0.6 1.2
      vertex 192 0.6 1.2
    endloop
  endfacet
  facet normal 0 1 0
    outer loop
      vertex 132.73333333333335 0.6 0
      vertex 100.60000000000001 0.6 20
      vertex 132.73333333333335 0.6 20
    endloop
  endfacet
  facet normal 0 0 1
    outer loop
      vertex 33.93333333333334 0.6 20
      vertex 200 0 20
      vertex 66.06666666666668 0.6 20
    endloop
  endfacet
  facet normal 0 0 1
    outer loop
      vertex 66.06666666666668 0.6 20
      vertex 200 0 20
      vertex 67.26666666666668 0.6 20
    endloop
  endfacet
  facet normal 0 0 1
    outer loop
      vertex 67.26666666666668 0.6 20
      vertex 200 0 20
      vertex 99.4 0.6 20
    endloop
  endfacet
  facet normal 0 0 1
    outer loop
      vertex 99.4 0.6 20
      vertex 200 0 20
      vertex 100.60000000000001 0.6 20
    endloop
  endfacet
  facet normal 0 0 1
    outer loop
      vertex 100.60000000000001 0.6 20
      vertex 200 0 20
      vertex 132.73333333333335 0.6 20
    endloop
  endfacet
  facet normal 0 1 0
    outer loop
      vertex 166.0666666666667 0.6 0
      vertex 133.93333333333334 0.6 20
      vertex 166.0666666666667 0.6 20
    endloop
  endfacet
  facet normal 0 1 0
    outer loop
      vertex 167.26666666666668 0.6 20
      vertex 199.4 0.6 20
      vertex 192 0.6 1.2
    endloop
  endfacet
  facet normal 0 0 1
    outer loop
      vertex 132.73333333333335 0.6 20
      vertex 200 0 20
      vertex 133.93333333333334 0.6 20
    endloop
  endfacet
  facet normal 0 0 1
    outer loop
      vertex 133.93333333333334 0.6 20
      vertex 200 0 20
      vertex 166.0666666666667 0.6 20
    endloop
  endfacet
  facet normal 0 0 1
    outer loop
      vertex 166.0666666666667 0.6 20
      vertex 200 0 20
      vertex 167.26666666666668 0.6 20
    endloop
  endfacet
  facet normal 0 0 1
    outer loop
      vertex 167.26666666666668 0.6 20
      vertex 200 0 20
      vertex 199.4 0.6 20
    endloop
  endfacet
  facet normal 0 0 -1
    outer loop
      vertex 0.6 32.733333333333334 0
      vertex 0.6 33.93333333333334 0
      vertex 32.733333333333334 32.733333333333334 0
    endloop
  endfacet
  facet normal 0 0 -1
    outer loop
      vertex 0.6 33.93333333333334 0
      vertex 32.733333333333334 33.93333333333334 0
      vertex 32.733333333333334 32.733333333333334 0
    endloop
  endfacet
  facet normal 0 0 -1
    outer loop
      vertex 33.93333333333334 32.733333333333334 0
      vertex 33.93333333333334 33.93333333333334 0
      vertex 66.06666666666668 32.733333333333334 0
    endloop
  endfacet
  facet normal 0 1 0
    outer loop
      vertex 0.6 33.93333333333334 0
      vertex 0.6 33.93333333333334 20
      vertex 32.733333333333334 33.93333333333334 0
    endloop
  endfacet
  facet normal 0 -1 0
    outer loop
      vertex 0.6 32.733333333333334 0
      vertex 32.733333333333334 32.733333333333334 0
      vertex 32.733333333333334 32.733333333333334 20
    endloop
  endfacet
  facet normal 0 1 0
    outer loop
      vertex 33.93333333333334 33.93333333333334 0
      vertex 33.93333333333334 33.93333333333334 20
      vertex 66.06666666666668 33.93333333333334 0
    endloop
  endfacet
  facet normal 0 0 -1
    outer loop
      vertex 33.93333333333334 33.93333333333334 0
      vertex 66.06666666666668 33.93333333333334 0
      vertex 66.06666666666668 32.733333333333334 0
    endloop
  endfacet
  facet normal 0 0 -1
    outer loop
      vertex 67.26666666666668 32.733333333333334 0
      vertex 67.26666666666668 33.93333333333334 0
      vertex 99.4 32.733333333333334 0
    endloop
  endfacet
  facet normal 0 0 -1
    outer loop
      vertex 67.26666666666668 33.93333333333334 0
      vertex 99.4 33.93333333333334 0
      vertex 99.4 32.733333333333334 0
    endloop
  endfacet
  facet normal 0 -1 0
    outer loop
      vertex 33.93333333333334 32.733333333333334 0
      vertex 66.06666666666668 32.733333333333334 0
      vertex 66.06666666666668 32.733333333333334 20
    endloop
  endfacet
  facet normal 0 1 0
    outer loop
      vertex 67.26666666666668 33.93333333333334 0
      vertex 67.26666666666668 33.93333333333334 20
      vertex 99.4 33.93333333333334 0
    endloop
  endfacet
  facet normal 0 -1 0
    outer loop
      vertex 67.26666666666668 32.733333333333334 0
      vertex 99.4 32.733333333333334 0
      vertex 99.4 32.733333333333334 20
    endloop
  endfacet
  facet normal 0 -1 0
    outer loop
      vertex 0.6 32.733333333333334 0
      vertex 32.733333333333334 32.733333333333334 20
      vertex 0.6 32.733333333333334 20
    endloop
  endfacet
  facet normal 0 1 0
    outer loop
      vertex 32.733333333333334 33.93333333333334 0
      vertex 0.6 33.93333333333334 20
      vertex 32.733333333333334 33.93333333333334 20
    endloop
  endfacet
  facet normal 0 -1 0
    outer loop
      vertex 33.93333333333334 32.733333333333334 0
      vertex 66.06666666666668 32.733333333333334 20
      vertex 33.93333333333334 32.733333333333334 20
    endloop
  endfacet
  facet normal 0 0 1
    outer loop
      vertex 0.40359999999999996 32.733333333333334 20
      vertex 0.6 33.93333333333334 20
      vertex 0.3964 33.93333333333334 20
    endloop
  endfacet
  facet normal 0 0 1
    outer loop
      vertex 0.40359999999999996 32.733333333333334 20
      vertex 32.733333333333334 33.93333333333334 20
      vertex 0.6 33.93333333333334 20
    endloop
  endfacet
  facet normal 0 0 1
    outer loop
      vertex 0.40359999999999996 32.733333333333334 20
      vertex 33.93333333333334 33.93333333333334 20
      vertex 32.733333333333334 33.93333333333334 20
    endloop
  endfacet
  facet normal 0 0 1
    outer loop
      vertex 0.40359999999999996 32.733333333333334 20
      vertex 66.06666666666668 33.93333333333334 20
      vertex 33.93333333333334 33.93333333333334 20
    endloop
  endfacet
  facet normal 0 0 1
    outer loop
      vertex 0.40359999999999996 32.733333333333334 20
      vertex 67.26666666666668 33.93333333333334 20
      vertex 66.06666666666668 33.93333333333334 20
    endloop
  endfacet
  facet normal 0 1 0
    outer loop
      vertex 66.06666666666668 33.93333333333334 0
      vertex 33.93333333333334 33.93333333333334 20
      vertex 66.06666666666668 33.93333333333334 20
    endloop
  endfacet
  facet normal 0 -1 0
    outer loop
      vertex 67.26666666666668 32.733333333333334 0
      vertex 99.4 32.733333333333334 20
      vertex 67.26666666666668 32.733333333333334 20
    endloop
  endfacet
  facet normal 0 1 0
    outer loop
      vertex 99.4 33.93333333333334 0
      vertex 67.26666666666668 33.93333333333334 20
      vertex 99.4 33.93333333333334 20
    endloop
  endfacet
  facet normal 0 0 1
    outer loop
      vertex 0.40359999999999996 32.733333333333334 20
      vertex 99.4 33.93333333333334 20
      vertex 67.26666666666668 33.93333333333334 20
    endloop
  endfacet
  facet normal 0 0 1
    outer loop
      vertex 0.40359999999999996 32.733333333333334 20
      vertex 0.6 32.733333333333334 20
      vertex 199.4 33.93333333333334 20
    endloop
  endfacet
  facet normal 0 0 1
    outer loop
      vertex 0.40359999999999996 32.733333333333334 20
      vertex 100.60000000000001 33.93333333333334 20
      vertex 99.4 33.93333333333334 20
    endloop
  endfacet
  facet normal 0 0 1
    outer loop
      vertex 0.6 32.733333333333334 20
      vertex 32.733333333333334 32.733333333333334 20
      vertex 199.4 33.93333333333334 20
    endloop
  endfacet
  facet normal 0 0 1
    outer loop
      vertex 0.40359999999999996 32.733333333333334 20
      vertex 132.73333333333335 33.93333333333334 20
      vertex 100.60000000000001 33.93333333333334 20
    endloop
  endfacet
  facet normal 0 0 1
    outer loop
      vertex 32.733333333333334 32.733333333333334 20
      vertex 33.93333333333334 32.733333333333334 20
      vertex 199.4 33.93333333333334 20
    endloop
  endfacet
  facet normal 0 0 1
    outer loop
      vertex 0.40359999999999996 32.733333333333334 20
      vertex 133.93333333333334 33.93333333333334 20
      vertex 132.73333333333335 33.93333333333334 20
    endloop
  endfacet
  facet normal 0 0 1
    outer loop
      vertex 33.93333333333334 32.733333333333334 20
      vertex 66.06666666666668 32.733333333333334 20
      vertex 199.4 33.93333333333334 20
    endloop
  endfacet
  facet normal 0 0 -1
    outer loop
      vertex 100.60000000000001 32.733333333333334 0
      vertex 100.60000000000001 33.93333333333334 0
      vertex 132.73333333333335 32.733333333333334 0
    endloop
  endfacet
  facet normal 0 0 -1
    outer loop
      vertex 100.60000000000001 33.93333333333334 0
      vertex 132.73333333333335 33.93333333333334 0
      vertex 132.73333333333335 32.733333333333334 0
    endloop
  endfacet
  facet normal 0 0 -1
    outer loop
      vertex 133.93333333333334 32.733333333333334 0
      vertex 133.93333333333334 33.93333333333334 0
      vertex 166.0666666666667 32.733333333333334 0
    endloop
  endfacet
  facet normal 0 1 0
    outer loop
      vertex 100.60000000000001 33.93333333333334 0
      vertex 100.60000000000001 33.93333333333334 20
      vertex 132.73333333333335 33.93333333333334 0
    endloop
  endfacet
  facet normal 0 -1 0
    outer loop
      vertex 100.60000000000001 32.733333333333334 0
      vertex 132.73333333333335 32.733333333333334 0
      vertex 132.73333333333335 32.733333333333334 20
    endloop
  endfacet
  facet normal 0 1 0
    outer loop
      vertex 133.93333333333334 33.93333333333334 0
      vertex 133.93333333333334 33.93333333333334 20
      vertex 166.0666666666667 33.93333333333334 0
    endloop
  endfacet
  facet normal 0 0 -1
    outer loop
      vertex 133.93333333333334 33.93333333333334 0
      vertex 166.0666666666667 33.93333333333334 0
      vertex 166.0666666666667 32.733333333333334 0
    endloop
  endfacet
  facet normal 0 0 -1
    outer loop
      vertex 167.26666666666668 32.733333333333334 0
      vertex 167.26666666666668 33.93333333333334 0
      vertex 199.4 32.733333333333334 0
    endloop
  endfacet
  facet normal 0 0 -1
    outer loop
      vertex 167.26666666666668 33.93333333333334 0
      vertex 199.4 33.93333333333334 0
      vertex 199.4 32.733333333333334 0
    endloop
  endfacet
  facet normal 0 -1 0
    outer loop
      vertex 133.93333333333334 32.733333333333334 0
      vertex 166.0666666666667 32.733333333333334 0
      vertex 166.0666666666667 32.733333333333334 20
    endloop
  endfacet
  facet normal 0 1 0
    outer loop
      vertex 167.26666666666668 33.93333333333334 0
      vertex 167.26666666666668 33.93333333333334 20
      vertex 199.4 33.93333333333334 0
    endloop
  endfacet
  facet normal 0 -1 0
    outer loop
      vertex 167.26666666666668 32.733333333333334 0
      vertex 199.4 32.733333333333334 0
      vertex 199.4 32.733333333333334 20
    endloop
  endfacet
  facet normal 0 -1 0
    outer loop
      vertex 100.60000000000001 32.733333333333334 0
      vertex 132.73333333333335 32.733333333333334 20
      vertex 100.60000000000001 32.733333333333334 20
    endloop
  endfacet
  facet normal 0 1 0
    outer loop
      vertex 132.73333333333335 33.93333333333334 0
      vertex 100.60000000000001 33.93333333333334 20
      vertex 132.73333333333335 33.93333333333334 20
    endloop
  endfacet
  facet normal 0 -1 0
    outer loop
      vertex 133.93333333333334 32.733333333333334 0
      vertex 166.0666666666667 32.733333333333334 20
      vertex 133.93333333333334 32.733333333333334 20
    endloop
  endfacet
  facet normal 0 0 1
    outer loop
      vertex 0.40359999999999996 32.733333333333334 20
      vertex 166.0666666666667 33.93333333333334 20
      vertex 133.93333333333334 33.93333333333334 20
    endloop
  endfacet
  facet normal 0 0 1
    outer loop
      vertex 66.06666666666668 32.733333333333334 20
      vertex 67.26666666666668 32.733333333333334 20
      vertex 199.4 33.93333333333334 20
    endloop
  endfacet
  facet normal 0 0 1
    outer loop
      vertex 0.40359999999999996 32.733333333333334 20
      vertex 167.26666666666668 33.93333333333334 20
      vertex 166.0666666666667 33.93333333333334 20
    endloop
  endfacet
  facet normal 0 0 1
    outer loop
      vertex 67.26666666666668 32.733333333333334 20
      vertex 99.4 32.733333333333334 20
      vertex 199.4 33.93333333333334 20
    endloop
  endfacet
  facet normal 0 0 1
    outer loop
      vertex 0.40359999999999996 32.733333333333334 20
      vertex 199.4 33.93333333333334 20
      vertex 167.26666666666668 33.93333333333334 20
    endloop
  endfacet
  facet normal 0 0 1
    outer loop
      vertex 99.4 32.733333333333334 20
      vertex 100.60000000000001 32.733333333333334 20
      vertex 199.4 33.93333333333334 20
    endloop
  endfacet
  facet normal 0 0 1
    outer loop
      vertex 100.60000000000001 32.733333333333334 20
      vertex 132.73333333333335 32.733333333333334 20
      vertex 199.4 33.93333333333334 20
    endloop
  endfacet
  facet normal 0 1 0
    outer loop
      vertex 166.0666666666667 33.93333333333334 0
      vertex 133.93333333333334 33.93333333333334 20
      vertex 166.0666666666667 33.93333333333334 20
    endloop
  endfacet
  facet normal 0 -1 0
    outer loop
      vertex 167.26666666666668 32.733333333333334 0
      vertex 199.4 32.733333333333334 20
      vertex 167.26666666666668 32.733333333333334 20
    endloop
  endfacet
  facet normal 0 1 0
    outer loop
      vertex 199.4 33.93333333333334 0
      vertex 167.26666666666668 33.93333333333334 20
      vertex 199.4 33.93333333333334 20
    endloop
  endfacet
  facet normal 0 0 1
    outer loop
      vertex 132.73333333333335 32.733333333333334 20
      vertex 133.93333333333334 32.733333333333334 20
      vertex 199.4 33.93333333333334 20
    endloop
  endfacet
  facet normal 0 0 1
    outer loop
      vertex 133.93333333333334 32.733333333333334 20
      vertex 166.0666666666667 32.733333333333334 20
      vertex 199.4 33.93333333333334 20
    endloop
  endfacet
  facet normal 0 0 1
    outer loop
      vertex 166.0666666666667 32.733333333333334 20
      vertex 167.26666666666668 32.733333333333334 20
      vertex 199.4 33.93333333333334 20
    endloop
  endfacet
  facet normal 0 0 1
    outer loop
      vertex 167.26666666666668 32.733333333333334 20
      vertex 199.4 32.733333333333334 20
      vertex 199.4 33.93333333333334 20
    endloop
  endfacet
  facet normal 0 0 -1
    outer loop
      vertex 0.6 66.06666666666668 0
      vertex 0.6 67.26666666666668 0
      vertex 32.733333333333334 66.06666666666668 0
    endloop
  endfacet
  facet normal 0 0 -1
    outer loop
      vertex 0.6 67.26666666666668 0
      vertex 32.733333333333334 67.26666666666668 0
      vertex 32.733333333333334 66.06666666666668 0
    endloop
  endfacet
  facet normal 0 0 -1
    outer loop
      vertex 33.93333333333334 66.06666666666668 0
      vertex 33.93333333333334 67.26666666666668 0
      vertex 66.06666666666668 66.06666666666668 0
    endloop
  endfacet
  facet normal 0 1 0
    outer loop
      vertex 0.6 67.26666666666668 0
      vertex 0.6 67.26666666666668 20
      vertex 32.733333333333334 67.26666666666668 0
    endloop
  endfacet
  facet normal 0 -1 0
    outer loop
      vertex 0.6 66.06666666666668 0
      vertex 32.733333333333334 66.06666666666668 0
      vertex 32.733333333333334 66.06666666666668 20
    endloop
  endfacet
  facet normal 0 1 0
    outer loop
      vertex 33.93333333333334 67.26666666666668 0
      vertex 33.93333333333334 67.26666666666668 20
      vertex 66.06666666666668 67.26666666666668 0
    endloop
  endfacet
  facet normal 0 0 -1
    outer loop
      vertex 33.93333333333334 67.26666666666668 0
      vertex 66.06666666666668 67.26666666666668 0
      vertex 66.06666666666668 66.06666666666668 0
    endloop
  endfacet
  facet normal 0 0 -1
    outer loop
      vertex 67.26666666666668 66.06666666666668 0
      vertex 67.26666666666668 67.26666666666668 0
      vertex 99.4 66.06666666666668 0
    endloop
  endfacet
  facet normal 0 0 -1
    outer loop
      vertex 67.26666666666668 67.26666666666668 0
      vertex 99.4 67.26666666666668 0
      vertex 99.4 66.06666666666668 0
    endloop
  endfacet
  facet normal 0 -1 0
    outer loop
      vertex 33.93333333333334 66.06666666666668 0
      vertex 66.06666666666668 66.06666666666668 0
      vertex 66.06666666666668 66.06666666666668 20
    endloop
  endfacet
  facet normal 0 1 0
    outer loop
      vertex 67.26666666666668 67.26666666666668 0
      vertex 67.26666666666668 67.26666666666668 20
      vertex 99.4 67.26666666666668 0
    endloop
  endfacet
  facet normal 0 -1 0
    outer loop
      vertex 67.26666666666668 66.06666666666668 0
      vertex 99.4 66.06666666666668 0
      vertex 99.4 66.06666666666668 20
    endloop
  endfacet
  facet normal 0 -1 0
    outer loop
      vertex 0.6 66.06666666666668 0
      vertex 32.733333333333334 66.06666666666668 20
      vertex 0.6 66.06666666666668 20
    endloop
  endfacet
  facet normal 0 1 0
    outer loop
      vertex 32.733333333333334 67.26666666666668 0
      vertex 0.6 67.26666666666668 20
      vertex 32.733333333333334 67.26666666666668 20
    endloop
  endfacet
  facet normal 0 -1 0
    outer loop
      vertex 33.93333333333334 66.06666666666668 0
      vertex 66.06666666666668 66.06666666666668 20
      vertex 33.93333333333334 66.06666666666668 20
    endloop
  endfacet
  facet normal 0 0 1
    outer loop
      vertex 0.20359999999999992 66.06666666666668 20
      vertex 0.6 67.26666666666668 20
      vertex 0.1963999999999999 67.26666666666668 20
    endloop
  endfacet
  facet normal 0 0 1
    outer loop
      vertex 0.20359999999999992 66.06666666666668 20
      vertex 32.733333333333334 67.26666666666668 20
      vertex 0.6 67.26666666666668 20
    endloop
  endfacet
  facet normal 0 0 1
    outer loop
      vertex 0.20359999999999992 66.06666666666668 20
      vertex 33.93333333333334 67.26666666666668 20
      vertex 32.733333333333334 67.26666666666668 20
    endloop
  endfacet
  facet normal 0 0 1
    outer loop
      vertex 0.20359999999999992 66.06666666666668 20
      vertex 66.06666666666668 67.26666666666668 20
      vertex 33.93333333333334 67.26666666666668 20
    endloop
  endfacet
  facet normal 0 0 1
    outer loop
      vertex 0.20359999999999992 66.06666666666668 20
      vertex 67.26666666666668 67.26666666666668 20
      vertex 66.06666666666668 67.26666666666668 20
    endloop
  endfacet
  facet normal 0 1 0
    outer loop
      vertex 66.06666666666668 67.26666666666668 0
      vertex 33.93333333333334 67.26666666666668 20
      vertex 66.06666666666668 67.26666666666668 20
    endloop
  endfacet
  facet normal 0 -1 0
    outer loop
      vertex 67.26666666666668 66.06666666666668 0
      vertex 99.4 66.06666666666668 20
      vertex 67.26666666666668 66.06666666666668 20
    endloop
  endfacet
  facet normal 0 1 0
    outer loop
      vertex 99.4 67.26666666666668 0
      vertex 67.26666666666668 67.26666666666668 20
      vertex 99.4 67.26666666666668 20
    endloop
  endfacet
  facet normal 0 0 1
    outer loop
      vertex 0.20359999999999992 66.06666666666668 20
      vertex 99.4 67.26666666666668 20
      vertex 67.26666666666668 67.26666666666668 20
    endloop
  endfacet
  facet normal 0 0 1
    outer loop
      vertex 0.20359999999999992 66.06666666666668 20
      vertex 0.6 66.06666666666668 20
      vertex 199.4 67.26666666666668 20
    endloop
  endfacet
  facet normal 0 0 1
    outer loop
      vertex 0.20359999999999992 66.06666666666668 20
      vertex 100.60000000000001 67.26666666666668 20
      vertex 99.4 67.26666666666668 20
    endloop
  endfacet
  facet normal 0 0 1
    outer loop
      vertex 0.6 66.06666666666668 20
      vertex 32.733333333333334 66.06666666666668 20
      vertex 199.4 67.26666666666668 20
    endloop
  endfacet
  facet normal 0 0 1
    outer loop
      vertex 0.20359999999999992 66.06666666666668 20
      vertex 132.73333333333335 67.26666666666668 20
      vertex 100.60000000000001 67.26666666666668 20
    endloop
  endfacet
  facet normal 0 0 1
    outer loop
      vertex 32.733333333333334 66.06666666666668 20
      vertex 33.93333333333334 66.06666666666668 20
      vertex 199.4 67.26666666666668 20
    endloop
  endfacet
  facet normal 0 0 1
    outer loop
      vertex 0.20359999999999992 66.06666666666668 20
      vertex 133.93333333333334 67.26666666666668 20
      vertex 132.73333333333335 67.26666666666668 20
    endloop
  endfacet
  facet normal 0 0 1
    outer loop
      vertex 33.93333333333334 66.06666666666668 20
      vertex 66.06666666666668 66.06666666666668 20
      vertex 199.4 67.26666666666668 20
    endloop
  endfacet
  facet normal 0 0 -1
    outer loop
      vertex 100.60000000000001 66.06666666666668 0
      vertex 100.60000000000001 67.26666666666668 0
      vertex 132.73333333333335 66.06666666666668 0
    endloop
  endfacet
  facet normal 0 0 -1
    outer loop
      vertex 100.60000000000001 67.26666666666668 0
      vertex 132.73333333333335 67.26666666666668 0
      vertex 132.73333333333335 66.06666666666668 0
    endloop
  endfacet
  facet normal 0 0 -1
    outer loop
      vertex 133.93333333333334 66.06666666666668 0
      vertex 133.93333333333334 67.26666666666668 0
      vertex 166.0666666666667 66.06666666666668 0
    endloop
  endfacet
  facet normal 0 1 0
    outer loop
      vertex 100.60000000000001 67.26666666666668 0
      vertex 100.60000000000001 67.26666666666668 20
      vertex 132.73333333333335 67.26666666666668 0
    endloop
  endfacet
  facet normal 0 -1 0
    outer loop
      vertex 100.60000000000001 66.06666666666668 0
      vertex 132.73333333333335 66.06666666666668 0
      vertex 132.73333333333335 66.06666666666668 20
    endloop
  endfacet
  facet normal 0 1 0
    outer loop
      vertex 133.93333333333334 67.26666666666668 0
      vertex 133.93333333333334 67.26666666666668 20
      vertex 166.0666666666667 67.26666666666668 0
    endloop
  endfacet
  facet normal 0 0 -1
    outer loop
      vertex 133.93333333333334 67.26666666666668 0
      vertex 166.0666666666667 67.26666666666668 0
      vertex 166.0666666666667 66.06666666666668 0
    endloop
  endfacet
  facet normal 0 0 -1
    outer loop
      vertex 167.26666666666668 66.06666666666668 0
      vertex 167.26666666666668 67.26666666666668 0
      vertex 199.4 66.06666666666668 0
    endloop
  endfacet
  facet normal 0 0 -1
    outer loop
      vertex 167.26666666666668 67.26666666666668 0
      vertex 199.4 67.26666666666668 0
      vertex 199.4 66.06666666666668 0
    endloop
  endfacet
  facet normal 0 -1 0
    outer loop
      vertex 133.93333333333334 66.06666666666668 0
      vertex 166.0666666666667 66.06666666666668 0
      vertex 166.0666666666667 66.06666666666668 20
    endloop
  endfacet
  facet normal 0 1 0
    outer loop
      vertex 167.26666666666668 67.26666666666668 0
      vertex 167.26666666666668 67.26666666666668 20
      vertex 199.4 67.26666666666668 0
    endloop
  endfacet
  facet normal 0 -1 0
    outer loop
      vertex 167.26666666666668 66.06666666666668 0
      vertex 199.4 66.06666666666668 0
      vertex 199.4 66.06666666666668 20
    endloop
  endfacet
  facet normal 0 -1 0
    outer loop
      vertex 100.60000000000001 66.06666666666668 0
      vertex 132.73333333333335 66.06666666666668 20
      vertex 100.60000000000001 66.06666666666668 20
    endloop
  endfacet
  facet normal 0 1 0
    outer loop
      vertex 132.73333333333335 67.26666666666668 0
      vertex 100.60000000000001 67.26666666666668 20
      vertex 132.73333333333335 67.26666666666668 20
    endloop
  endfacet
  facet normal 0 -1 0
    outer loop
      vertex 133.93333333333334 66.06666666666668 0
      vertex 166.0666666666667 66.06666666666668 20
      vertex 133.93333333333334 66.06666666666668 20
    endloop
  endfacet
  facet normal 0 0 1
    outer loop
      vertex 0.20359999999999992 66.06666666666668 20
      vertex 166.0666666666667 67.26666666666668 20
      vertex 133.93333333333334 67.26666666666668 20
    endloop
  endfacet
  facet normal 0 0 1
    outer loop
      vertex 66.06666666666668 66.06666666666668 20
      vertex 67.26666666666668 66.06666666666668 20
      vertex 199.4 67.26666666666668 20
    endloop
  endfacet
  facet normal 0 0 1
    outer loop
      vertex 0.20359999999999992 66.06666666666668 20
      vertex 167.26666666666668 67.26666666666668 20
      vertex 166.0666666666667 67.26666666666668 20
    endloop
  endfacet
  facet normal 0 0 1
    outer loop
      vertex 67.26666666666668 66.06666666666668 20
      vertex 99.4 66.06666666666668 20
      vertex 199.4 67.26666666666668 20
    endloop
  endfacet
  facet normal 0 0 1
    outer loop
      vertex 0.20359999999999992 66.06666666666668 20
      vertex 199.4 67.26666666666668 20
      vertex 167.26666666666668 67.26666666666668 20
    endloop
  endfacet
  facet normal 0 0 1
    outer loop
      vertex 99.4 66.06666666666668 20
      vertex 100.60000000000001 66.06666666666668 20
      vertex 199.4 67.26666666666668 20
    endloop
  endfacet
  facet normal 0 0 1
    outer loop
      vertex 100.60000000000001 66.06666666666668 20
      vertex 132.73333333333335 66.06666666666668 20
      vertex 199.4 67.26666666666668 20
    endloop
  endfacet
  facet normal 0 1 0
    outer loop
      vertex 166.0666666666667 67.26666666666668 0
      vertex 133.93333333333334 67.26666666666668 20
      vertex 166.0666666666667 67.26666666666668 20
    endloop
  endfacet
  facet normal 0 -1 0
    outer loop
      vertex 167.26666666666668 66.06666666666668 0
      vertex 199.4 66.06666666666668 20
      vertex 167.26666666666668 66.06666666666668 20
    endloop
  endfacet
  facet normal 0 1 0
    outer loop
      vertex 199.4 67.26666666666668 0
      vertex 167.26666666666668 67.26666666666668 20
      vertex 199.4 67.26666666666668 20
    endloop
  endfacet
  facet normal 0 0 1
    outer loop
      vertex 132.73333333333335 66.06666666666668 20
      vertex 133.93333333333334 66.06666666666668 20
      vertex 199.4 67.26666666666668 20
    endloop
  endfacet
  facet normal 0 0 1
    outer loop
      vertex 133.93333333333334 66.06666666666668 20
      vertex 166.0666666666667 66.06666666666668 20
      vertex 199.4 67.26666666666668 20
    endloop
  endfacet
  facet normal 0 0 1
    outer loop
      vertex 166.0666666666667 66.06666666666668 20
      vertex 167.26666666666668 66.06666666666668 20
      vertex 199.4 67.26666666666668 20
    endloop
  endfacet
  facet normal 0 0 1
    outer loop
      vertex 167.26666666666668 66.06666666666668 20
      vertex 199.4 66.06666666666668 20
      vertex 199.4 67.26666666666668 20
    endloop
  endfacet
  facet normal 0 0 -1
    outer loop
      vertex 0.6 99.4 0
      vertex 0.6 100.60000000000001 0
      vertex 32.733333333333334 99.4 0
    endloop
  endfacet
  facet normal 0 0 -1
    outer loop
      vertex 33.93333333333334 99.4 0
      vertex 33.93333333333334 100.60000000000001 0
      vertex 66.06666666666668 99.4 0
    endloop
  endfacet
  facet normal 0 -1 0
    outer loop
      vertex 0.6 99.4 0
      vertex 32.733333333333334 99.4 0
      vertex 32.733333333333334 99.4 20
    endloop
  endfacet
  facet normal 0 0 -1
    outer loop
      vertex 67.26666666666668 99.4 0
      vertex 67.26666666666668 100.60000000000001 0
      vertex 99.4 99.4 0
    endloop
  endfacet
  facet normal 0 -1 0
    outer loop
      vertex 33.93333333333334 99.4 0
      vertex 66.06666666666668 99.4 0
      vertex 66.06666666666668 99.4 20
    endloop
  endfacet
  facet normal 0 -1 0
    outer loop
      vertex 67.26666666666668 99.4 0
      vertex 99.4 99.4 0
      vertex 99.4 99.4 20
    endloop
  endfacet
  facet normal 0 -1 0
    outer loop
      vertex 0.6 99.4 0
      vertex 32.733333333333334 99.4 20
      vertex 0.6 99.4 20
    endloop
  endfacet
  facet normal 0 -1 0
    outer loop
      vertex 33.93333333333334 99.4 0
      vertex 66.06666666666668 99.4 20
      vertex 33.93333333333334 99.4 20
    endloop
  endfacet
  facet normal 0 -1 0
    outer loop
      vertex 67.26666666666668 99.4 0
      vertex 99.4 99.4 20
      vertex 67.26666666666668 99.4 20
    endloop
  endfacet
  facet normal 0 0 1
    outer loop
      vertex 0.6 99.4 20
      vertex 32.733333333333334 99.4 20
      vertex 199.4 100.60000000000001 20
    endloop
  endfacet
  facet normal 0 0 1
    outer loop
      vertex 32.733333333333334 99.4 20
      vertex 33.93333333333334 99.4 20
      vertex 199.4 100.60000000000001 20
    endloop
  endfacet
  facet normal 0 0 1
    outer loop
      vertex 33.93333333333334 99.4 20
      vertex 66.06666666666668 99.4 20
      vertex 199.4 100.60000000000001 20
    endloop
  endfacet
  facet normal 0 0 -1
    outer loop
      vertex 32.733333333333334 99.4 0
      vertex 0.6 100.60000000000001 0
      vertex 32.733333333333334 100.60000000000001 0
    endloop
  endfacet
  facet normal 0 1 0
    outer loop
      vertex 0.6 100.60000000000001 0
      vertex 0.6 100.60000000000001 20
      vertex 32.733333333333334 100.60000000000001 0
    endloop
  endfacet
  facet normal 0 1 0
    outer loop
      vertex 33.93333333333334 100.60000000000001 0
      vertex 33.93333333333334 100.60000000000001 20
      vertex 66.06666666666668 100.60000000000001 0
    endloop
  endfacet
  facet normal 0 0 -1
    outer loop
      vertex 66.06666666666668 99.4 0
      vertex 33.93333333333334 100.60000000000001 0
      vertex 66.06666666666668 100.60000000000001 0
    endloop
  endfacet
  facet normal 0 0 -1
    outer loop
      vertex 99.4 99.4 0
      vertex 67.26666666666668 100.60000000000001 0
      vertex 99.4 100.60000000000001 0
    endloop
  endfacet
  facet normal 0 1 0
    outer loop
      vertex 67.26666666666668 100.60000000000001 0
      vertex 67.26666666666668 100.60000000000001 20
      vertex 99.4 100.60000000000001 0
    endloop
  endfacet
  facet normal 0 1 0
    outer loop
      vertex 32.733333333333334 100.60000000000001 0
      vertex 0.6 100.60000000000001 20
      vertex 32.733333333333334 100.60000000000001 20
    endloop
  endfacet
  facet normal 0 0 1
    outer loop
      vertex 0.6 99.4 20
      vertex 32.733333333333334 100.60000000000001 20
      vertex 0.6 100.60000000000001 20
    endloop
  endfacet
  facet normal 0 0 1
    outer loop
      vertex 0.6 99.4 20
      vertex 33.93333333333334 100.60000000000001 20
      vertex 32.733333333333334 100.60000000000001 20
    endloop
  endfacet
  facet normal 0 0 1
    outer loop
      vertex 0.6 99.4 20
      vertex 66.06666666666668 100.60000000000001 20
      vertex 33.93333333333334 100.60000000000001 20
    endloop
  endfacet
  facet normal 0 0 1
    outer loop
      vertex 0.6 99.4 20
      vertex 67.26666666666668 100.60000000000001 20
      vertex 66.06666666666668 100.60000000000001 20
    endloop
  endfacet
  facet normal 0 1 0
    outer loop
      vertex 66.06666666666668 100.60000000000001 0
      vertex 33.93333333333334 100.60000000000001 20
      vertex 66.06666666666668 100.60000000000001 20
    endloop
  endfacet
  facet normal 0 1 0
    outer loop
      vertex 99.4 100.60000000000001 0
      vertex 67.26666666666668 100.60000000000001 20
      vertex 99.4 100.60000000000001 20
    endloop
  endfacet
  facet normal 0 0 1
    outer loop
      vertex 0.6 99.4 20
      vertex 99.4 100.60000000000001 20
      vertex 67.26666666666668 100.60000000000001 20
    endloop
  endfacet
  facet normal 0 0 1
    outer loop
      vertex 0.6 99.4 20
      vertex 100.60000000000001 100.60000000000001 20
      vertex 99.4 100.60000000000001 20
    endloop
  endfacet
  facet normal 0 0 1
    outer loop
      vertex 0.6 99.4 20
      vertex 132.73333333333335 100.60000000000001 20
      vertex 100.60000000000001 100.60000000000001 20
    endloop
  endfacet
  facet normal 0 0 1
    outer loop
      vertex 0.6 99.4 20
      vertex 133.93333333333334 100.60000000000001 20
      vertex 132.73333333333335 100.60000000000001 20
    endloop
  endfacet
  facet normal 0 0 -1
    outer loop
      vertex 100.60000000000001 99.4 0
      vertex 100.60000000000001 100.60000000000001 0
      vertex 132.73333333333335 99.4 0
    endloop
  endfacet
  facet normal 0 0 -1
    outer loop
      vertex 133.93333333333334 99.4 0
      vertex 133.93333333333334 100.60000000000001 0
      vertex 166.0666666666667 99.4 0
    endloop
  endfacet
  facet normal 0 -1 0
    outer loop
      vertex 100.60000000000001 99.4 0
      vertex 132.73333333333335 99.4 0
      vertex 132.73333333333335 99.4 20
    endloop
  endfacet
  facet normal 0 0 -1
    outer loop
      vertex 167.26666666666668 99.4 0
      vertex 167.26666666666668 100.60000000000001 0
      vertex 199.4 99.4 0
    endloop
  endfacet
  facet normal 0 -1 0
    outer loop
      vertex 133.93333333333334 99.4 0
      vertex 166.0666666666667 99.4 0
      vertex 166.0666666666667 99.4 20
    endloop
  endfacet
  facet normal 0 -1 0
    outer loop
      vertex 167.26666666666668 99.4 0
      vertex 199.4 99.4 0
      vertex 199.4 99.4 20
    endloop
  endfacet
  facet normal 0 -1 0
    outer loop
      vertex 100.60000000000001 99.4 0
      vertex 132.73333333333335 99.4 20
      vertex 100.60000000000001 99.4 20
    endloop
  endfacet
  facet normal 0 -1 0
    outer loop
      vertex 133.93333333333334 99.4 0
      vertex 166.0666666666667 99.4 20
      vertex 133.93333333333334 99.4 20
    endloop
  endfacet
  facet normal 0 0 1
    outer loop
      vertex 66.06666666666668 99.4 20
      vertex 67.26666666666668 99.4 20
      vertex 199.4 100.60000000000001 20
    endloop
  endfacet
  facet normal 0 0 1
    outer loop
      vertex 67.26666666666668 99.4 20
      vertex 99.4 99.4 20
      vertex 199.4 100.60000000000001 20
    endloop
  endfacet
  facet normal 0 0 1
    outer loop
      vertex 99.4 99.4 20
      vertex 100.60000000000001 99.4 20
      vertex 199.4 100.60000000000001 20
    endloop
  endfacet
  facet normal 0 0 1
    outer loop
      vertex 100.60000000000001 99.4 20
      vertex 132.73333333333335 99.4 20
      vertex 199.4 100.60000000000001 20
    endloop
  endfacet
  facet normal 0 -1 0
    outer loop
      vertex 167.26666666666668 99.4 0
      vertex 199.4 99.4 20
      vertex 167.26666666666668 99.4 20
    endloop
  endfacet
  facet normal 0 0 1
    outer loop
      vertex 132.73333333333335 99.4 20
      vertex 133.93333333333334 99.4 20
      vertex 199.4 100.60000000000001 20
    endloop
  endfacet
  facet normal 0 0 1
    outer loop
      vertex 133.93333333333334 99.4 20
      vertex 166.0666666666667 99.4 20
      vertex 199.4 100.60000000000001 20
    endloop
  endfacet
  facet normal 0 0 1
    outer loop
      vertex 166.0666666666667 99.4 20
      vertex 167.26666666666668 99.4 20
      vertex 199.4 100.60000000000001 20
    endloop
  endfacet
  facet normal 0 0 1
    outer loop
      vertex 167.26666666666668 99.4 20
      vertex 199.4 99.4 20
      vertex 199.4 100.60000000000001 20
    endloop
  endfacet
  facet normal 0 0 -1
    outer loop
      vertex 132.73333333333335 99.4 0
      vertex 100.60000000000001 100.60000000000001 0
      vertex 132.73333333333335 100.60000000000001 0
    endloop
  endfacet
  facet normal 0 1 0
    outer loop
      vertex 100.60000000000001 100.60000000000001 0
      vertex 100.60000000000001 100.60000000000001 20
      vertex 132.73333333333335 100.60000000000001 0
    endloop
  endfacet
  facet normal 0 1 0
    outer loop
      vertex 133.93333333333334 100.60000000000001 0
      vertex 133.93333333333334 100.60000000000001 20
      vertex 166.0666666666667 100.60000000000001 0
    endloop
  endfacet
  facet normal 0 0 -1
    outer loop
      vertex 166.0666666666667 99.4 0
      vertex 133.93333333333334 100.60000000000001 0
      vertex 166.0666666666667 100.60000000000001 0
    endloop
  endfacet
  facet normal 0 0 -1
    outer loop
      vertex 199.4 99.4 0
      vertex 167.26666666666668 100.60000000000001 0
      vertex 199.4 100.60000000000001 0
    endloop
  endfacet
  facet normal 0 1 0
    outer loop
      vertex 167.26666666666668 100.60000000000001 0
      vertex 167.26666666666668 100.60000000000001 20
      vertex 199.4 100.60000000000001 0
    endloop
  endfacet
  facet normal 0 1 0
    outer loop
      vertex 132.73333333333335 100.60000000000001 0
      vertex 100.60000000000001 100.60000000000001 20
      vertex 132.73333333333335 100.60000000000001 20
    endloop
  endfacet
  facet normal 0 0 1
    outer loop
      vertex 0.6 99.4 20
      vertex 166.0666666666667 100.60000000000001 20
      vertex 133.93333333333334 100.60000000000001 20
    endloop
  endfacet
  facet normal 0 0 1
    outer loop
      vertex 0.6 99.4 20
      vertex 167.26666666666668 100.60000000000001 20
      vertex 166.0666666666667 100.60000000000001 20
    endloop
  endfacet
  facet normal 0 0 1
    outer loop
      vertex 0.6 99.4 20
      vertex 199.4 100.60000000000001 20
      vertex 167.26666666666668 100.60000000000001 20
    endloop
  endfacet
  facet normal 0 1 0
    outer loop
      vertex 166.0666666666667 100.60000000000001 0
      vertex 133.93333333333334 100.60000000000001 20
      vertex 166.0666666666667 100.60000000000001 20
    endloop
  endfacet
  facet normal 0 1 0
    outer loop
      vertex 199.4 100.60000000000001 0
      vertex 167.26666666666668 100.60000000000001 20
      vertex 199.4 100.60000000000001 20
    endloop
  endfacet
  facet normal 0 0 -1
    outer loop
      vertex 0.6 132.73333333333335 0
      vertex 0.6 133.93333333333334 0
      vertex 32.733333333333334 132.73333333333335 0
    endloop
  endfacet
  facet normal 0 0 -1
    outer loop
      vertex 0.6 133.93333333333334 0
      vertex 32.733333333333334 133.93333333333334 0
      vertex 32.733333333333334 132.73333333333335 0
    endloop
  endfacet
  facet normal 0 0 -1
    outer loop
      vertex 33.93333333333334 132.73333333333335 0
      vertex 33.93333333333334 133.93333333333334 0
      vertex 66.06666666666668 132.73333333333335 0
    endloop
  endfacet
  facet normal 0 1 0
    outer loop
      vertex 0.6 133.93333333333334 0
      vertex 0.6 133.93333333333334 20
      vertex 32.733333333333334 133.93333333333334 0
    endloop
  endfacet
  facet normal 0 -1 0
    outer loop
      vertex 0.6 132.73333333333335 0
      vertex 32.733333333333334 132.73333333333335 0
      vertex 32.733333333333334 132.73333333333335 20
    endloop
  endfacet
  facet normal 0 1 0
    outer loop
      vertex 33.93333333333334 133.93333333333334 0
      vertex 33.93333333333334 133.93333333333334 20
      vertex 66.06666666666668 133.93333333333334 0
    endloop
  endfacet
  facet normal 0 0 -1
    outer loop
      vertex 33.93333333333334 133.93333333333334 0
      vertex 66.06666666666668 133.93333333333334 0
      vertex 66.06666666666668 132.73333333333335 0
    endloop
  endfacet
  facet normal 0 0 -1
    outer loop
      vertex 67.26666666666668 132.73333333333335 0
      vertex 67.26666666666668 133.93333333333334 0
      vertex 99.4 132.73333333333335 0
    endloop
  endfacet
  facet normal 0 0 -1
    outer loop
      vertex 67.26666666666668 133.93333333333334 0
      vertex 99.4 133.93333333333334 0
      vertex 99.4 132.73333333333335 0
    endloop
  endfacet
  facet normal 0 -1 0
    outer loop
      vertex 33.93333333333334 132.73333333333335 0
      vertex 66.06666666666668 132.73333333333335 0
      vertex 66.06666666666668 132.73333333333335 20
    endloop
  endfacet
  facet normal 0 1 0
    outer loop
      vertex 67.26666666666668 133.93333333333334 0
      vertex 67.26666666666668 133.93333333333334 20
      vertex 99.4 133.93333333333334 0
    endloop
  endfacet
  facet normal 0 -1 0
    outer loop
      vertex 67.26666666666668 132.73333333333335 0
      vertex 99.4 132.73333333333335 0
      vertex 99.4 132.73333333333335 20
    endloop
  endfacet
  facet normal 0 -1 0
    outer loop
      vertex 0.6 132.73333333333335 0
      vertex 32.733333333333334 132.73333333333335 20
      vertex 0.6 132.73333333333335 20
    endloop
  endfacet
  facet normal 0 1 0
    outer loop
      vertex 32.733333333333334 133.93333333333334 0
      vertex 0.6 133.93333333333334 20
      vertex 32.733333333333334 133.93333333333334 20
    endloop
  endfacet
  facet normal 0 -1 0
    outer loop
      vertex 33.93333333333334 132.73333333333335 0
      vertex 66.06666666666668 132.73333333333335 20
      vertex 33.93333333333334 132.73333333333335 20
    endloop
  endfacet
  facet normal 0 0 1
    outer loop
      vertex 0.6 132.73333333333335 20
      vertex 32.733333333333334 133.93333333333334 20
      vertex 0.6 133.93333333333334 20
    endloop
  endfacet
  facet normal 0 0 1
    outer loop
      vertex 0.6 132.73333333333335 20
      vertex 33.93333333333334 133.93333333333334 20
      vertex 32.733333333333334 133.93333333333334 20
    endloop
  endfacet
  facet normal 0 0 1
    outer loop
      vertex 0.6 132.73333333333335 20
      vertex 66.06666666666668 133.93333333333334 20
      vertex 33.93333333333334 133.93333333333334 20
    endloop
  endfacet
  facet normal 0 0 1
    outer loop
      vertex 0.6 132.73333333333335 20
      vertex 67.26666666666668 133.93333333333334 20
      vertex 66.06666666666668 133.93333333333334 20
    endloop
  endfacet
  facet normal 0 1 0
    outer loop
      vertex 66.06666666666668 133.93333333333334 0
      vertex 33.93333333333334 133.93333333333334 20
      vertex 66.06666666666668 133.93333333333334 20
    endloop
  endfacet
  facet normal 0 -1 0
    outer loop
      vertex 67.26666666666668 132.73333333333335 0
      vertex 99.4 132.73333333333335 20
      vertex 67.26666666666668 132.73333333333335 20
    endloop
  endfacet
  facet normal 0 1 0
    outer loop
      vertex 99.4 133.93333333333334 0
      vertex 67.26666666666668 133.93333333333334 20
      vertex 99.4 133.93333333333334 20
    endloop
  endfacet
  facet normal 0 0 1
    outer loop
      vertex 0.6 132.73333333333335 20
      vertex 99.4 133.93333333333334 20
      vertex 67.26666666666668 133.93333333333334 20
    endloop
  endfacet
  facet normal 0 0 1
    outer loop
      vertex 0.6 132.73333333333335 20
      vertex 100.60000000000001 133.93333333333334 20
      vertex 99.4 133.93333333333334 20
    endloop
  endfacet
  facet normal 0 0 1
    outer loop
      vertex 0.6 132.73333333333335 20
      vertex 32.733333333333334 132.73333333333335 20
      vertex 199.7964 133.93333333333334 20
    endloop
  endfacet
  facet normal 0 0 1
    outer loop
      vertex 0.6 132.73333333333335 20
      vertex 132.73333333333335 133.93333333333334 20
      vertex 100.60000000000001 133.93333333333334 20
    endloop
  endfacet
  facet normal 0 0 1
    outer loop
      vertex 32.733333333333334 132.73333333333335 20
      vertex 33.93333333333334 132.73333333333335 20
      vertex 199.7964 133.93333333333334 20
    endloop
  endfacet
  facet normal 0 0 1
    outer loop
      vertex 0.6 132.73333333333335 20
      vertex 133.93333333333334 133.93333333333334 20
      vertex 132.73333333333335 133.93333333333334 20
    endloop
  endfacet
  facet normal 0 0 1
    outer loop
      vertex 33.93333333333334 132.73333333333335 20
      vertex 66.06666666666668 132.73333333333335 20
      vertex 199.7964 133.93333333333334 20
    endloop
  endfacet
  facet normal 0 0 -1
    outer loop
      vertex 100.60000000000001 132.73333333333335 0
      vertex 100.60000000000001 133.93333333333334 0
      vertex 132.73333333333335 132.73333333333335 0
    endloop
  endfacet
  facet normal 0 0 -1
    outer loop
      vertex 100.60000000000001 133.93333333333334 0
      vertex 132.73333333333335 133.93333333333334 0
      vertex 132.73333333333335 132.73333333333335 0
    endloop
  endfacet
  facet normal 0 0 -1
    outer loop
      vertex 133.93333333333334 132.73333333333335 0
      vertex 133.93333333333334 133.93333333333334 0
      vertex 166.0666666666667 132.73333333333335 0
    endloop
  endfacet
  facet normal 0 1 0
    outer loop
      vertex 100.60000000000001 133.93333333333334 0
      vertex 100.60000000000001 133.93333333333334 20
      vertex 132.73333333333335 133.93333333333334 0
    endloop
  endfacet
  facet normal 0 -1 0
    outer loop
      vertex 100.60000000000001 132.73333333333335 0
      vertex 132.73333333333335 132.73333333333335 0
      vertex 132.73333333333335 132.73333333333335 20
    endloop
  endfacet
  facet normal 0 1 0
    outer loop
      vertex 133.93333333333334 133.93333333333334 0
      vertex 133.93333333333334 133.93333333333334 20
      vertex 166.0666666666667 133.93333333333334 0
    endloop
  endfacet
  facet normal 0 0 -1
    outer loop
      vertex 133.93333333333334 133.93333333333334 0
      vertex 166.0666666666667 133.93333333333334 0
      vertex 166.0666666666667 132.73333333333335 0
    endloop
  endfacet
  facet normal 0 0 -1
    outer loop
      vertex 167.26666666666668 132.73333333333335 0
      vertex 167.26666666666668 133.93333333333334 0
      vertex 199.4 132.73333333333335 0
    endloop
  endfacet
  facet normal 0 0 -1
    outer loop
      vertex 167.26666666666668 133.93333333333334 0
      vertex 199.4 133.93333333333334 0
      vertex 199.4 132.73333333333335 0
    endloop
  endfacet
  facet normal 0 -1 0
    outer loop
      vertex 133.93333333333334 132.73333333333335 0
      vertex 166.0666666666667 132.73333333333335 0
      vertex 166.0666666666667 132.73333333333335 20
    endloop
  endfacet
  facet normal 0 1 0
    outer loop
      vertex 167.26666666666668 133.93333333333334 0
      vertex 167.26666666666668 133.93333333333334 20
      vertex 199.4 133.93333333333334 0
    endloop
  endfacet
  facet normal 0 -1 0
    outer loop
      vertex 167.26666666666668 132.73333333333335 0
      vertex 199.4 132.73333333333335 0
      vertex 199.4 132.73333333333335 20
    endloop
  endfacet
  facet normal 0 -1 0
    outer loop
      vertex 100.60000000000001 132.73333333333335 0
      vertex 132.73333333333335 132.73333333333335 20
      vertex 100.60000000000001 132.73333333333335 20
    endloop
  endfacet
  facet normal 0 1 0
    outer loop
      vertex 132.73333333333335 133.93333333333334 0
      vertex 100.60000000000001 133.93333333333334 20
      vertex 132.73333333333335 133.93333333333334 20
    endloop
  endfacet
  facet normal 0 -1 0
    outer loop
      vertex 133.93333333333334 132.73333333333335 0
      vertex 166.0666666666667 132.73333333333335 20
      vertex 133.93333333333334 132.73333333333335 20
    endloop
  endfacet
  facet normal 0 0 1
    outer loop
      vertex 0.6 132.73333333333335 20
      vertex 166.0666666666667 133.93333333333334 20
      vertex 133.93333333333334 133.93333333333334 20
    endloop
  endfacet
  facet normal 0 0 1
    outer loop
      vertex 66.06666666666668 132.73333333333335 20
      vertex 67.26666666666668 132.73333333333335 20
      vertex 199.7964 133.93333333333334 20
    endloop
  endfacet
  facet normal 0 0 1
    outer loop
      vertex 0.6 132.73333333333335 20
      vertex 167.26666666666668 133.93333333333334 20
      vertex 166.0666666666667 133.93333333333334 20
    endloop
  endfacet
  facet normal 0 0 1
    outer loop
      vertex 67.26666666666668 132.73333333333335 20
      vertex 99.4 132.73333333333335 20
      vertex 199.7964 133.93333333333334 20
    endloop
  endfacet
  facet normal 0 0 1
    outer loop
      vertex 0.6 132.73333333333335 20
      vertex 199.4 133.93333333333334 20
      vertex 167.26666666666668 133.93333333333334 20
    endloop
  endfacet
  facet normal 0 0 1
    outer loop
      vertex 99.4 132.73333333333335 20
      vertex 100.60000000000001 132.73333333333335 20
      vertex 199.7964 133.93333333333334 20
    endloop
  endfacet
  facet normal 0 0 1
    outer loop
      vertex 0.6 132.73333333333335 20
      vertex 199.7964 133.93333333333334 20
      vertex 199.4 133.93333333333334 20
    endloop
  endfacet
  facet normal 0 0 1
    outer loop
      vertex 100.60000000000001 132.73333333333335 20
      vertex 132.73333333333335 132.73333333333335 20
      vertex 199.7964 133.93333333333334 20
    endloop
  endfacet
  facet normal 0 1 0
    outer loop
      vertex 166.0666666666667 133.93333333333334 0
      vertex 133.93333333333334 133.93333333333334 20
      vertex 166.0666666666667 133.93333333333334 20
    endloop
  endfacet
  facet normal 0 -1 0
    outer loop
      vertex 167.26666666666668 132.73333333333335 0
      vertex 199.4 132.73333333333335 20
      vertex 167.26666666666668 132.73333333333335 20
    endloop
  endfacet
  facet normal 0 1 0
    outer loop
      vertex 199.4 133.93333333333334 0
      vertex 167.26666666666668 133.93333333333334 20
      vertex 199.4 133.93333333333334 20
    endloop
  endfacet
  facet normal 0 0 1
    outer loop
      vertex 132.73333333333335 132.73333333333335 20
      vertex 133.93333333333334 132.73333333333335 20
      vertex 199.7964 133.93333333333334 20
    endloop
  endfacet
  facet normal 0 0 1
    outer loop
      vertex 133.93333333333334 132.73333333333335 20
      vertex 166.0666666666667 132.73333333333335 20
      vertex 199.7964 133.93333333333334 20
    endloop
  endfacet
  facet normal 0 0 1
    outer loop
      vertex 166.0666666666667 132.73333333333335 20
      vertex 167.26666666666668 132.73333333333335 20
      vertex 199.7964 133.93333333333334 20
    endloop
  endfacet
  facet normal 0 0 1
    outer loop
      vertex 167.26666666666668 132.73333333333335 20
      vertex 199.4 132.73333333333335 20
      vertex 199.7964 133.93333333333334 20
    endloop
  endfacet
  facet normal 0 0 1
    outer loop
      vertex 199.4 132.73333333333335 20
      vertex 199.8036 132.73333333333335 20
      vertex 199.7964 133.93333333333334 20
    endloop
  endfacet
  facet normal 0 0 -1
    outer loop
      vertex 0.6 166.0666666666667 0
      vertex 0.6 167.26666666666668 0
      vertex 32.733333333333334 166.0666666666667 0
    endloop
  endfacet
  facet normal 0 0 -1
    outer loop
      vertex 0.6 167.26666666666668 0
      vertex 32.733333333333334 167.26666666666668 0
      vertex 32.733333333333334 166.0666666666667 0
    endloop
  endfacet
  facet normal 0 0 -1
    outer loop
      vertex 33.93333333333334 166.0666666666667 0
      vertex 33.93333333333334 167.26666666666668 0
      vertex 66.06666666666668 166.0666666666667 0
    endloop
  endfacet
  facet normal 0 1 0
    outer loop
      vertex 0.6 167.26666666666668 0
      vertex 0.6 167.26666666666668 20
      vertex 32.733333333333334 167.26666666666668 0
    endloop
  endfacet
  facet normal 0 -1 0
    outer loop
      vertex 0.6 166.0666666666667 0
      vertex 32.733333333333334 166.0666666666667 0
      vertex 32.733333333333334 166.0666666666667 20
    endloop
  endfacet
  facet normal 0 1 0
    outer loop
      vertex 33.93333333333334 167.26666666666668 0
      vertex 33.93333333333334 167.26666666666668 20
      vertex 66.06666666666668 167.26666666666668 0
    endloop
  endfacet
  facet normal 0 0 -1
    outer loop
      vertex 33.93333333333334 167.26666666666668 0
      vertex 66.06666666666668 167.26666666666668 0
      vertex 66.06666666666668 166.0666666666667 0
    endloop
  endfacet
  facet normal 0 0 -1
    outer loop
      vertex 67.26666666666668 166.0666666666667 0
      vertex 67.26666666666668 167.26666666666668 0
      vertex 99.4 166.0666666666667 0
    endloop
  endfacet
  facet normal 0 0 -1
    outer loop
      vertex 67.26666666666668 167.26666666666668 0
      vertex 99.4 167.26666666666668 0
      vertex 99.4 166.0666666666667 0
    endloop
  endfacet
  facet normal 0 -1 0
    outer loop
      vertex 33.93333333333334 166.0666666666667 0
      vertex 66.06666666666668 166.0666666666667 0
      vertex 66.06666666666668 166.0666666666667 20
    endloop
  endfacet
  facet normal 0 1 0
    outer loop
      vertex 67.26666666666668 167.26666666666668 0
      vertex 67.26666666666668 167.26666666666668 20
      vertex 99.4 167.26666666666668 0
    endloop
  endfacet
  facet normal 0 -1 0
    outer loop
      vertex 67.26666666666668 166.0666666666667 0
      vertex 99.4 166.0666666666667 0
      vertex 99.4 166.0666666666667 20
    endloop
  endfacet
  facet normal 0 -1 0
    outer loop
      vertex 0.6 166.0666666666667 0
      vertex 32.733333333333334 166.0666666666667 20
      vertex 0.6 166.0666666666667 20
    endloop
  endfacet
  facet normal 0 1 0
    outer loop
      vertex 32.733333333333334 167.26666666666668 0
      vertex 0.6 167.26666666666668 20
      vertex 32.733333333333334 167.26666666666668 20
    endloop
  endfacet
  facet normal 0 -1 0
    outer loop
      vertex 33.93333333333334 166.0666666666667 0
      vertex 66.06666666666668 166.0666666666667 20
      vertex 33.93333333333334 166.0666666666667 20
    endloop
  endfacet
  facet normal 0 0 1
    outer loop
      vertex 0.6 166.0666666666667 20
      vertex 32.733333333333334 167.26666666666668 20
      vertex 0.6 167.26666666666668 20
    endloop
  endfacet
  facet normal 0 0 1
    outer loop
      vertex 0.6 166.0666666666667 20
      vertex 33.93333333333334 167.26666666666668 20
      vertex 32.733333333333334 167.26666666666668 20
    endloop
  endfacet
  facet normal 0 0 1
    outer loop
      vertex 0.6 166.0666666666667 20
      vertex 66.06666666666668 167.26666666666668 20
      vertex 33.93333333333334 167.26666666666668 20
    endloop
  endfacet
  facet normal 0 0 1
    outer loop
      vertex 0.6 166.0666666666667 20
      vertex 67.26666666666668 167.26666666666668 20
      vertex 66.06666666666668 167.26666666666668 20
    endloop
  endfacet
  facet normal 0 1 0
    outer loop
      vertex 66.06666666666668 167.26666666666668 0
      vertex 33.93333333333334 167.26666666666668 20
      vertex 66.06666666666668 167.26666666666668 20
    endloop
  endfacet
  facet normal 0 -1 0
    outer loop
      vertex 67.26666666666668 166.0666666666667 0
      vertex 99.4 166.0666666666667 20
      vertex 67.26666666666668 166.0666666666667 20
    endloop
  endfacet
  facet normal 0 1 0
    outer loop
      vertex 99.4 167.26666666666668 0
      vertex 67.26666666666668 167.26666666666668 20
      vertex 99.4 167.26666666666668 20
    endloop
  endfacet
  facet normal 0 0 1
    outer loop
      vertex 0.6 166.0666666666667 20
      vertex 99.4 167.26666666666668 20
      vertex 67.26666666666668 167.26666666666668 20
    endloop
  endfacet
  facet normal 0 0 1
    outer loop
      vertex 0.6 166.0666666666667 20
      vertex 100.60000000000001 167.26666666666668 20
      vertex 99.4 167.26666666666668 20
    endloop
  endfacet
  facet normal 0 0 1
    outer loop
      vertex 0.6 166.0666666666667 20
      vertex 32.733333333333334 166.0666666666667 20
      vertex 199.59640000000002 167.26666666666668 20
    endloop
  endfacet
  facet normal 0 0 1
    outer loop
      vertex 0.6 166.0666666666667 20
      vertex 132.73333333333335 167.26666666666668 20
      vertex 100.60000000000001 167.26666666666668 20
    endloop
  endfacet
  facet normal 0 0 1
    outer loop
      vertex 32.733333333333334 166.0666666666667 20
      vertex 33.93333333333334 166.0666666666667 20
      vertex 199.59640000000002 167.26666666666668 20
    endloop
  endfacet
  facet normal 0 0 1
    outer loop
      vertex 0.6 166.0666666666667 20
      vertex 133.93333333333334 167.26666666666668 20
      vertex 132.73333333333335 167.26666666666668 20
    endloop
  endfacet
  facet normal 0 0 1
    outer loop
      vertex 33.93333333333334 166.0666666666667 20
      vertex 66.06666666666668 166.0666666666667 20
      vertex 199.59640000000002 167.26666666666668 20
    endloop
  endfacet
  facet normal 0 0 -1
    outer loop
      vertex 100.60000000000001 166.0666666666667 0
      vertex 100.60000000000001 167.26666666666668 0
      vertex 132.73333333333335 166.0666666666667 0
    endloop
  endfacet
  facet normal 0 0 -1
    outer loop
      vertex 100.60000000000001 167.26666666666668 0
      vertex 132.73333333333335 167.26666666666668 0
      vertex 132.73333333333335 166.0666666666667 0
    endloop
  endfacet
  facet normal 0 0 -1
    outer loop
      vertex 133.93333333333334 166.0666666666667 0
      vertex 133.93333333333334 167.26666666666668 0
      vertex 166.0666666666667 166.0666666666667 0
    endloop
  endfacet
  facet normal 0 1 0
    outer loop
      vertex 100.60000000000001 167.26666666666668 0
      vertex 100.60000000000001 167.26666666666668 20
      vertex 132.73333333333335 167.26666666666668 0
    endloop
  endfacet
  facet normal 0 -1 0
    outer loop
      vertex 100.60000000000001 166.0666666666667 0
      vertex 132.73333333333335 166.0666666666667 0
      vertex 132.73333333333335 166.0666666666667 20
    endloop
  endfacet
  facet normal 0 1 0
    outer loop
      vertex 133.93333333333334 167.26666666666668 0
      vertex 133.93333333333334 167.26666666666668 20
      vertex 166.0666666666667 167.26666666666668 0
    endloop
  endfacet
  facet normal 0 0 -1
    outer loop
      vertex 133.93333333333334 167.26666666666668 0
      vertex 166.0666666666667 167.26666666666668 0
      vertex 166.0666666666667 166.0666666666667 0
    endloop
  endfacet
  facet normal 0 0 -1
    outer loop
      vertex 167.26666666666668 166.0666666666667 0
      vertex 167.26666666666668 167.26666666666668 0
      vertex 199.4 166.0666666666667 0
    endloop
  endfacet
  facet normal 0 0 -1
    outer loop
      vertex 167.26666666666668 167.26666666666668 0
      vertex 199.4 167.26666666666668 0
      vertex 199.4 166.0666666666667 0
    endloop
  endfacet
  facet normal 0 -1 0
    outer loop
      vertex 133.93333333333334 166.0666666666667 0
      vertex 166.0666666666667 166.0666666666667 0
      vertex 166.0666666666667 166.0666666666667 20
    endloop
  endfacet
  facet normal 0 1 0
    outer loop
      vertex 167.26666666666668 167.26666666666668 0
      vertex 167.26666666666668 167.26666666666668 20
      vertex 199.4 167.26666666666668 0
    endloop
  endfacet
  facet normal 0 -1 0
    outer loop
      vertex 167.26666666666668 166.0666666666667 0
      vertex 199.4 166.0666666666667 0
      vertex 199.4 166.0666666666667 20
    endloop
  endfacet
  facet normal 0 -1 0
    outer loop
      vertex 100.60000000000001 166.0666666666667 0
      vertex 132.73333333333335 166.0666666666667 20
      vertex 100.60000000000001 166.0666666666667 20
    endloop
  endfacet
  facet normal 0 1 0
    outer loop
      vertex 132.73333333333335 167.26666666666668 0
      vertex 100.60000000000001 167.26666666666668 20
      vertex 132.73333333333335 167.26666666666668 20
    endloop
  endfacet
  facet normal 0 -1 0
    outer loop
      vertex 133.93333333333334 166.0666666666667 0
      vertex 166.0666666666667 166.0666666666667 20
      vertex 133.93333333333334 166.0666666666667 20
    endloop
  endfacet
  facet normal 0 0 1
    outer loop
      vertex 0.6 166.0666666666667 20
      vertex 166.0666666666667 167.26666666666668 20
      vertex 133.93333333333334 167.26666666666668 20
    endloop
  endfacet
  facet normal 0 0 1
    outer loop
      vertex 66.06666666666668 166.0666666666667 20
      vertex 67.26666666666668 166.0666666666667 20
      vertex 199.59640000000002 167.26666666666668 20
    endloop
  endfacet
  facet normal 0 0 1
    outer loop
      vertex 0.6 166.0666666666667 20
      vertex 167.26666666666668 167.26666666666668 20
      vertex 166.0666666666667 167.26666666666668 20
    endloop
  endfacet
  facet normal 0 0 1
    outer loop
      vertex 67.26666666666668 166.0666666666667 20
      vertex 99.4 166.0666666666667 20
      vertex 199.59640000000002 167.26666666666668 20
    endloop
  endfacet
  facet normal 0 0 1
    outer loop
      vertex 0.6 166.0666666666667 20
      vertex 199.4 167.26666666666668 20
      vertex 167.26666666666668 167.26666666666668 20
    endloop
  endfacet
  facet normal 0 0 1
    outer loop
      vertex 99.4 166.0666666666667 20
      vertex 100.60000000000001 166.0666666666667 20
      vertex 199.59640000000002 167.26666666666668 20
    endloop
  endfacet
  facet normal 0 0 1
    outer loop
      vertex 0.6 166.0666666666667 20
      vertex 199.59640000000002 167.26666666666668 20
      vertex 199.4 167.26666666666668 20
    endloop
  endfacet
  facet normal 0 0 1
    outer loop
      vertex 100.60000000000001 166.0666666666667 20
      vertex 132.73333333333335 166.0666666666667 20
      vertex 199.59640000000002 167.26666666666668 20
    endloop
  endfacet
  facet normal 0 1 0
    outer loop
      vertex 166.0666666666667 167.26666666666668 0
      vertex 133.93333333333334 167.26666666666668 20
      vertex 166.0666666666667 167.26666666666668 20
    endloop
  endfacet
  facet normal 0 -1 0
    outer loop
      vertex 167.26666666666668 166.0666666666667 0
      vertex 199.4 166.0666666666667 20
      vertex 167.26666666666668 166.0666666666667 20
    endloop
  endfacet
  facet normal 0 1 0
    outer loop
      vertex 199.4 167.26666666666668 0
      vertex 167.26666666666668 167.26666666666668 20
      vertex 199.4 167.26666666666668 20
    endloop
  endfacet
  facet normal 0 0 1
    outer loop
      vertex 132.73333333333335 166.0666666666667 20
      vertex 133.93333333333334 166.0666666666667 20
      vertex 199.59640000000002 167.26666666666668 20
    endloop
  endfacet
  facet normal 0 0 1
    outer loop
      vertex 133.93333333333334 166.0666666666667 20
      vertex 166.0666666666667 166.0666666666667 20
      vertex 199.59640000000002 167.26666666666668 20
    endloop
  endfacet
  facet normal 0 0 1
    outer loop
      vertex 166.0666666666667 166.0666666666667 20
      vertex 167.26666666666668 166.0666666666667 20
      vertex 199.59640000000002 167.26666666666668 20
    endloop
  endfacet
  facet normal 0 0 1
    outer loop
      vertex 167.26666666666668 166.0666666666667 20
      vertex 199.4 166.0666666666667 20
      vertex 199.59640000000002 167.26666666666668 20
    endloop
  endfacet
  facet normal 0 0 1
    outer loop
      vertex 199.4 166.0666666666667 20
      vertex 199.6036 166.0666666666667 20
      vertex 199.59640000000002 167.26666666666668 20
    endloop
  endfacet
  facet normal 0 0 -1
    outer loop
      vertex 0 200 0
      vertex 7.9647185227983135 199.97674523214255 0
      vertex 7.853095016591842 199.90317181826794 0
    endloop
  endfacet
  facet normal 0 0 -1
    outer loop
      vertex 32.733333333333334 199.4 0
      vertex 8 199.4 0
      vertex 8 199.9766422200198 0
    endloop
  endfacet
  facet normal 0 -1 0
    outer loop
      vertex 32.733333333333334 199.4 0
      vertex 8 199.4 1.2
      vertex 8 199.4 0
    endloop
  endfacet
  facet normal 0 0 -1
    outer loop
      vertex 32.733333333333334 199.4 0
      vertex 8 199.9766422200198 0
      vertex 32.733333333333334 199.59640000000002 0
    endloop
  endfacet
  facet normal 0 0 -1
    outer loop
      vertex 32.733333333333334 199.59640000000002 0
      vertex 8 199.9766422200198 0
      vertex 33.93333333333334 199.6036 0
    endloop
  endfacet
  facet normal 0 0 -1
    outer loop
      vertex 33.93333333333334 199.6036 0
      vertex 8 199.9766422200198 0
      vertex 66.06666666666668 199.7964 0
    endloop
  endfacet
  facet normal 0 0 -1
    outer loop
      vertex 0 200 0
      vertex 100.00000000000165 200 0
      vertex 7.9647185227983135 199.97674523214255 0
    endloop
  endfacet
  facet normal 0 0 -1
    outer loop
      vertex 100.00000000000165 200 0
      vertex 8 199.9766422200198 0
      vertex 7.9647185227983135 199.97674523214255 0
    endloop
  endfacet
  facet normal 0 0 -1
    outer loop
      vertex 33.93333333333334 199.4 0
      vertex 33.93333333333334 199.6036 0
      vertex 66.06666666666668 199.4 0
    endloop
  endfacet
  facet normal 0 0 -1
    outer loop
      vertex 66.06666666666668 199.7964 0
      vertex 8 199.9766422200198 0
      vertex 67.26666666666668 199.8036 0
    endloop
  endfacet
  facet normal 0 -1 0
    outer loop
      vertex 0.6 199.4 20
      vertex 0.6 199.4 1.2
      vertex 8 199.4 1.2
    endloop
  endfacet
  facet normal 0 -1 0
    outer loop
      vertex 32.733333333333334 199.4 0
      vertex 32.733333333333334 199.4 20
      vertex 8 199.4 1.2
    endloop
  endfacet
  facet normal 0 0 -1
    outer loop
      vertex 33.93333333333334 199.6036 0
      vertex 66.06666666666668 199.7964 0
      vertex 66.06666666666668 199.4 0
    endloop
  endfacet
  facet normal 0 0 -1
    outer loop
      vertex 67.26666666666668 199.8036 0
      vertex 8 199.9766422200198 0
      vertex 100.00000000000165 200 0
    endloop
  endfacet
  facet normal 0 0 -1
    outer loop
      vertex 67.26666666666668 199.4 0
      vertex 67.26666666666668 199.8036 0
      vertex 99.4 199.4 0
    endloop
  endfacet
  facet normal 0 0 -1
    outer loop
      vertex 67.26666666666668 199.8036 0
      vertex 100.00000000000165 200 0
      vertex 99.4 199.4 0
    endloop
  endfacet
  facet normal 0 -1 0
    outer loop
      vertex 33.93333333333334 199.4 0
      vertex 66.06666666666668 199.4 0
      vertex 66.06666666666668 199.4 20
    endloop
  endfacet
  facet normal 0 -1 0
    outer loop
      vertex 67.26666666666668 199.4 0
      vertex 99.4 199.4 0
      vertex 99.4 199.4 20
    endloop
  endfacet
  facet normal 0 -1 0
    outer loop
      vertex 0.6 199.4 20
      vertex 8 199.4 1.2
      vertex 32.733333333333334 199.4 20
    endloop
  endfacet
  facet normal 0 -1 0
    outer loop
      vertex 33.93333333333334 199.4 0
      vertex 66.06666666666668 199.4 20
      vertex 33.93333333333334 199.4 20
    endloop
  endfacet
  facet normal 0 0 1
    outer loop
      vertex 0 200 20
      vertex 0.6 199.4 20
      vertex 32.733333333333334 199.4 20
    endloop
  endfacet
  facet normal 0 0 1
    outer loop
      vertex 0 200 20
      vertex 32.733333333333334 199.4 20
      vertex 33.93333333333334 199.4 20
    endloop
  endfacet
  facet normal 0 0 1
    outer loop
      vertex 0 200 20
      vertex 33.93333333333334 199.4 20
      vertex 66.06666666666668 199.4 20
    endloop
  endfacet
  facet normal 0 0 1
    outer loop
      vertex 0 200 20
      vertex 66.06666666666668 199.4 20
      vertex 67.26666666666668 199.4 20
    endloop
  endfacet
  facet normal 0 -1 0
    outer loop
      vertex 67.26666666666668 199.4 0
      vertex 99.4 199.4 20
      vertex 67.26666666666668 199.4 20
    endloop
  endfacet
  facet normal 0 0 1
    outer loop
      vertex 0 200 20
      vertex 67.26666666666668 199.4 20
      vertex 99.4 199.4 20
    endloop
  endfacet
  facet normal 0 0 1
    outer loop
      vertex 0 200 20
      vertex 99.4 199.4 20
      vertex 100.60000000000001 199.4 20
    endloop
  endfacet
  facet normal 0 0 1
    outer loop
      vertex 0 200 20
      vertex 100.60000000000001 199.4 20
      vertex 132.73333333333335 199.4 20
    endloop
  endfacet
  facet normal 0 0 1
    outer loop
      vertex 0 200 20
      vertex 132.73333333333335 199.4 20
      vertex 133.93333333333334 199.4 20
    endloop
  endfacet
  facet normal 0 0 -1
    outer loop
      vertex 99.4 199.4 0
      vertex 192.0260029008333 199.95244136918987 0
      vertex 100.60000000000001 199.4 0
    endloop
  endfacet
  facet normal 0 0 -1
    outer loop
      vertex 99.4 199.4 0
      vertex 100.00000000000165 200 0
      vertex 192.0260029008333 199.95244136918987 0
    endloop
  endfacet
  facet normal 0 0 -1
    outer loop
      vertex 100.60000000000001 199.4 0
      vertex 192.07938028185987 199.85481552451472 0
      vertex 132.73333333333335 199.4 0
    endloop
  endfacet
  facet normal 0 -1 0
    outer loop
      vertex 100.60000000000001 199.4 0
      vertex 132.73333333333335 199.4 0
      vertex 132.73333333333335 199.4 20
    endloop
  endfacet
  facet normal 0 0 -1
    outer loop
      vertex 132.73333333333335 199.4 0
      vertex 192.07938028185987 199.85481552451472 0
      vertex 133.93333333333334 199.4 0
    endloop
  endfacet
  facet normal 0 0 -1
    outer loop
      vertex 100.00000000000165 200 0
      vertex 192 200 0
      vertex 192.0260029008333 199.95244136918987 0
    endloop
  endfacet
  facet normal 0 0 -1
    outer loop
      vertex 100.60000000000001 199.4 0
      vertex 192.0260029008333 199.95244136918987 0
      vertex 192.07938028185987 199.85481552451472 0
    endloop
  endfacet
  facet normal 0 0 -1
    outer loop
      vertex 133.93333333333334 199.4 0
      vertex 192.07938028185987 199.85481552451472 0
      vertex 166.0666666666667 199.4 0
    endloop
  endfacet
  facet normal 0 0 -1
    outer loop
      vertex 166.0666666666667 199.4 0
      vertex 192.07938028185987 199.85481552451472 0
      vertex 167.26666666666668 199.4 0
    endloop
  endfacet
  facet normal 0 0 -1
    outer loop
      vertex 167.26666666666668 199.4 0
      vertex 192.07938028185987 199.85481552451472 0
      vertex 192 199.4 0
    endloop
  endfacet
  facet normal 0 -1 0
    outer loop
      vertex 167.26666666666668 199.4 0
      vertex 192 199.4 0
      vertex 192 199.4 1.2
    endloop
  endfacet
  facet normal 0 0 -1
    outer loop
      vertex 192.0260029008333 199.95244136918987 0
      vertex 192 200 0
      vertex 192.0837580378133 199.95278583322752 0
    endloop
  endfacet
  facet normal 0 -1 0
    outer loop
      vertex 133.93333333333334 199.4 0
      vertex 166.0666666666667 199.4 0
      vertex 166.0666666666667 199.4 20
    endloop
  endfacet
  facet normal 0 -1 0
    outer loop
      vertex 167.26666666666668 199.4 0
      vertex 192 199.4 1.2
      vertex 199.4 199.4 20
    endloop
  endfacet
  facet normal 0 -1 0
    outer loop
      vertex 199.4 199.4 20
      vertex 192 199.4 1.2
      vertex 199.4 199.4 1.2
    endloop
  endfacet
  facet normal 0 -1 0
    outer loop
      vertex 100.60000000000001 199.4 0
      vertex 132.73333333333335 199.4 20
      vertex 100.60000000000001 199.4 20
    endloop
  endfacet
  facet normal 0 -1 0
    outer loop
      vertex 133.93333333333334 199.4 0
      vertex 166.0666666666667 199.4 20
      vertex 133.93333333333334 199.4 20
    endloop
  endfacet
  facet normal 0 0 1
    outer loop
      vertex 0 200 20
      vertex 133.93333333333334 199.4 20
      vertex 166.0666666666667 199.4 20
    endloop
  endfacet
  facet normal 0 0 1
    outer loop
      vertex 0 200 20
      vertex 166.0666666666667 199.4 20
      vertex 167.26666666666668 199.4 20
    endloop
  endfacet
  facet normal 0 0 1
    outer loop
      vertex 0 200 20
      vertex 167.26666666666668 199.4 20
      vertex 199.40357852882704 199.40357852882704 20
    endloop
  endfacet
  facet normal 0 0 1
    outer loop
      vertex 0 200 20
      vertex 199.40357852882704 199.40357852882704 20
      vertex 200 200 20
    endloop
  endfacet
  facet normal 0 -1 0
    outer loop
      vertex 167.26666666666668 199.4 0
      vertex 199.4 199.4 20
      vertex 167.26666666666668 199.4 20
    endloop
  endfacet
  facet normal 0 0 1
    outer loop
      vertex 167.26666666666668 199.4 20
      vertex 199.4 199.4 20
      vertex 199.40357852882704 199.40357852882704 20
    endloop
  endfacet
  facet normal 0 0 1
    outer loop
      vertex 199.4 199.4 20
      vertex 199.4036 199.4 20
      vertex 199.40357852882704 199.40357852882704 20
    endloop
  endfacet
  facet normal 0 0 -1
    outer loop
      vertex 0 11.166666666666668 0
      vertex 0.4133190750337846 7.692327229795437 0
      vertex 0 0 0
    endloop
  endfacet
  facet normal 0 0 -1
    outer loop
      vertex 0.6 11.166666666666668 0
      vertex 0.6 8 0
      vertex 0.4133190750337846 7.692327229795437 0
    endloop
  endfacet
  facet normal 0 0 -1
    outer loop
      vertex 0 11.166666666666668 0
      vertex 0.6 11.166666666666668 0
      vertex 0.4133190750337846 7.692327229795437 0
    endloop
  endfacet
  facet normal 1 0 0
    outer loop
      vertex 0.6 11.166666666666668 0
      vertex 0.6 11.166666666666668 2.6
      vertex 0.6 8 0
    endloop
  endfacet
  facet normal 1 0 0
    outer loop
      vertex 0.6 11.166666666666668 2.6
      vertex 0.6 8 1.2
      vertex 0.6 8 0
    endloop
  endfacet
  facet normal 0 0 -1
    outer loop
      vertex 0 22.166666666666668 0
      vertex 0.6 32.733333333333334 0
      vertex 0.6 22.166666666666668 0
    endloop
  endfacet
  facet normal 0 0 -1
    outer loop
      vertex 0 22.166666666666668 0
      vertex 0.6 33.93333333333334 0
      vertex 0.6 32.733333333333334 0
    endloop
  endfacet
  facet normal 1 0 0
    outer loop
      vertex 0.6 22.166666666666668 0
      vertex 0.6 32.733333333333334 0
      vertex 0.6 22.166666666666668 2.6
    endloop
  endfacet
  facet normal 0 0 -1
    outer loop
      vertex 0 22.166666666666668 0
      vertex 0 44.5 0
      vertex 0.6 33.93333333333334 0
    endloop
  endfacet
  facet normal 0 0 -1
    outer loop
      vertex 0.6 33.93333333333334 0
      vertex 0 44.5 0
      vertex 0.6 44.5 0
    endloop
  endfacet
  facet normal 1 0 0
    outer loop
      vertex 0.6 33.93333333333334 0
      vertex 0.6 44.5 0
      vertex 0.6 44.5 2.6
    endloop
  endfacet
  facet normal 1 0 0
    outer loop
      vertex 0.6 0.6 20
      vertex 0.6 0.6 1.2
      vertex 0.6 8 1.2
    endloop
  endfacet
  facet normal 1 0 0
    outer loop
      vertex 0.6 11.166666666666668 2.6
      vertex 0.6 0.6 20
      vertex 0.6 8 1.2
    endloop
  endfacet
  facet normal 1 0 0
    outer loop
      vertex 0.6 11.166666666666668 2.6
      vertex 0.6 22.166666666666668 2.6
      vertex 0.6 0.6 20
    endloop
  endfacet
  facet normal 1 0 0
    outer loop
      vertex 0.6 22.166666666666668 2.6
      vertex 0.6 32.733333333333334 0
      vertex 0.6 0.6 20
    endloop
  endfacet
  facet normal 1 0 0
    outer loop
      vertex 0.6 33.93333333333334 0
      vertex 0.6 44.5 2.6
      vertex 0.6 33.93333333333334 20
    endloop
  endfacet
  facet normal 1 0 0
    outer loop
      vertex 0.6 44.5 2.6
      vertex 0.6 55.5 2.6
      vertex 0.6 33.93333333333334 20
    endloop
  endfacet
  facet normal 0 0 -1
    outer loop
      vertex 0 55.5 0
      vertex 0.6 66.06666666666668 0
      vertex 0.6 55.5 0
    endloop
  endfacet
  facet normal 1 0 0
    outer loop
      vertex 0.6 55.5 0
      vertex 0.6 66.06666666666668 0
      vertex 0.6 55.5 2.6
    endloop
  endfacet
  facet normal 0 0 -1
    outer loop
      vertex 0 55.5 0
      vertex 0.6 67.26666666666668 0
      vertex 0.6 66.06666666666668 0
    endloop
  endfacet
  facet normal 0 0 -1
    outer loop
      vertex 0 55.5 0
      vertex 0.6 77.83333333333334 0
      vertex 0.6 67.26666666666668 0
    endloop
  endfacet
  facet normal 0 0 -1
    outer loop
      vertex 0 55.5 0
      vertex 0 77.83333333333334 0
      vertex 0.6 77.83333333333334 0
    endloop
  endfacet
  facet normal 1 0 0
    outer loop
      vertex 0.6 67.26666666666668 0
      vertex 0.6 77.83333333333334 0
      vertex 0.6 77.83333333333334 2.6
    endloop
  endfacet
  facet normal 0 0 -1
    outer loop
      vertex 0 88.83333333333334 0
      vertex 0.6 99.4 0
      vertex 0.6 88.83333333333334 0
    endloop
  endfacet
  facet normal 1 0 0
    outer loop
      vertex 0.6 88.83333333333334 0
      vertex 0.6 99.4 0
      vertex 0.6 88.83333333333334 2.6
    endloop
  endfacet
  facet normal 0 0 -1
    outer loop
      vertex 0 88.83333333333334 0
      vertex 0.6 100.60000000000001 0
      vertex 0.6 99.4 0
    endloop
  endfacet
  facet normal 1 0 0
    outer loop
      vertex 0.6 66.06666666666668 0
      vertex 0.6 33.93333333333334 20
      vertex 0.6 55.5 2.6
    endloop
  endfacet
  facet normal 1 0 0
    outer loop
      vertex 0.6 67.26666666666668 0
      vertex 0.6 77.83333333333334 2.6
      vertex 0.6 67.26666666666668 20
    endloop
  endfacet
  facet normal 1 0 0
    outer loop
      vertex 0.6 77.83333333333334 2.6
      vertex 0.6 88.83333333333334 2.6
      vertex 0.6 67.26666666666668 20
    endloop
  endfacet
  facet normal 1 0 0
    outer loop
      vertex 0.6 99.4 0
      vertex 0.6 67.26666666666668 20
      vertex 0.6 88.83333333333334 2.6
    endloop
  endfacet
  facet normal 1 0 0
    outer loop
      vertex 0.6 32.733333333333334 0
      vertex 0.6 32.733333333333334 20
      vertex 0.6 0.6 20
    endloop
  endfacet
  facet normal 0 0 1
    outer loop
      vertex 0 0 20
      vertex 0.5964214711729622 0.5964214711729622 20
      vertex 0.5963999999999999 0.6 20
    endloop
  endfacet
  facet normal 0 0 1
    outer loop
      vertex 0 0 20
      vertex 0.5963999999999999 0.6 20
      vertex 0.40359999999999996 32.733333333333334 20
    endloop
  endfacet
  facet normal 0 0 1
    outer loop
      vertex 0.6 0.6 20
      vertex 0.6 32.733333333333334 20
      vertex 0.5963999999999999 0.6 20
    endloop
  endfacet
  facet normal 0 0 1
    outer loop
      vertex 0 0 20
      vertex 0.40359999999999996 32.733333333333334 20
      vertex 0.3964 33.93333333333334 20
    endloop
  endfacet
  facet normal 0 0 1
    outer loop
      vertex 0.5963999999999999 0.6 20
      vertex 0.6 32.733333333333334 20
      vertex 0.40359999999999996 32.733333333333334 20
    endloop
  endfacet
  facet normal 0 0 1
    outer loop
      vertex 0 0 20
      vertex 0.3964 33.93333333333334 20
      vertex 0.20359999999999992 66.06666666666668 20
    endloop
  endfacet
  facet normal 0 0 1
    outer loop
      vertex 0 0 20
      vertex 0.20359999999999992 66.06666666666668 20
      vertex 0.1963999999999999 67.26666666666668 20
    endloop
  endfacet
  facet normal 0 0 1
    outer loop
      vertex 0.3964 33.93333333333334 20
      vertex 0.6 33.93333333333334 20
      vertex 0.6 66.06666666666668 20
    endloop
  endfacet
  facet normal 1 0 0
    outer loop
      vertex 0.6 66.06666666666668 0
      vertex 0.6 66.06666666666668 20
      vertex 0.6 33.93333333333334 20
    endloop
  endfacet
  facet normal 1 0 0
    outer loop
      vertex 0.6 99.4 0
      vertex 0.6 99.4 20
      vertex 0.6 67.26666666666668 20
    endloop
  endfacet
  facet normal 0 0 1
    outer loop
      vertex 0.3964 33.93333333333334 20
      vertex 0.6 66.06666666666668 20
      vertex 0.20359999999999992 66.06666666666668 20
    endloop
  endfacet
  facet normal 0 0 1
    outer loop
      vertex 0.1963999999999999 67.26666666666668 20
      vertex 0.6 67.26666666666668 20
      vertex 0.6 99.4 20
    endloop
  endfacet
  facet normal 0 0 1
    outer loop
      vertex 0 0 20
      vertex 0.1963999999999999 67.26666666666668 20
      vertex 0 200 20
    endloop
  endfacet
  facet normal 0 0 -1
    outer loop
      vertex 0 88.83333333333334 0
      vertex 0.6 111.16666666666667 0
      vertex 0.6 100.60000000000001 0
    endloop
  endfacet
  facet normal 0 0 -1
    outer loop
      vertex 0 88.83333333333334 0
      vertex 0 111.16666666666667 0
      vertex 0.6 111.16666666666667 0
    endloop
  endfacet
  facet normal 1 0 0
    outer loop
      vertex 0.6 100.60000000000001 0
      vertex 0.6 111.16666666666667 0
      vertex 0.6 111.16666666666667 2.6
    endloop
  endfacet
  facet normal 0 0 -1
    outer loop
      vertex 0 122.16666666666667 0
      vertex 0.6 132.73333333333335 0
      vertex 0.6 122.16666666666667 0
    endloop
  endfacet
  facet normal 0 0 -1
    outer loop
      vertex 0 122.16666666666667 0
      vertex 0.6 133.93333333333334 0
      vertex 0.6 132.73333333333335 0
    endloop
  endfacet
  facet normal 1 0 0
    outer loop
      vertex 0.6 122.16666666666667 0
      vertex 0.6 132.73333333333335 0
      vertex 0.6 122.16666666666667 2.6
    endloop
  endfacet
  facet normal 0 0 -1
    outer loop
      vertex 0 122.16666666666667 0
      vertex 0.6 144.5 0
      vertex 0.6 133.93333333333334 0
    endloop
  endfacet
  facet normal 0 0 -1
    outer loop
      vertex 0 122.16666666666667 0
      vertex 0 144.5 0
      vertex 0.6 144.5 0
    endloop
  endfacet
  facet normal 1 0 0
    outer loop
      vertex 0.6 133.93333333333334 0
      vertex 0.6 144.5 0
      vertex 0.6 144.5 2.6
    endloop
  endfacet
  facet normal 1 0 0
    outer loop
      vertex 0.6 100.60000000000001 0
      vertex 0.6 111.16666666666667 2.6
      vertex 0.6 100.60000000000001 20
    endloop
  endfacet
  facet normal 1 0 0
    outer loop
      vertex 0.6 111.16666666666667 2.6
      vertex 0.6 122.16666666666667 2.6
      vertex 0.6 100.60000000000001 20
    endloop
  endfacet
  facet normal 1 0 0
    outer loop
      vertex 0.6 122.16666666666667 2.6
      vertex 0.6 132.73333333333335 0
      vertex 0.6 100.60000000000001 20
    endloop
  endfacet
  facet normal 1 0 0
    outer loop
      vertex 0.6 133.93333333333334 0
      vertex 0.6 144.5 2.6
      vertex 0.6 133.93333333333334 20
    endloop
  endfacet
  facet normal 1 0 0
    outer loop
      vertex 0.6 144.5 2.6
      vertex 0.6 155.5 2.6
      vertex 0.6 133.93333333333334 20
    endloop
  endfacet
  facet normal 0 0 -1
    outer loop
      vertex 0 155.5 0
      vertex 0.6 166.0666666666667 0
      vertex 0.6 155.5 0
    endloop
  endfacet
  facet normal 1 0 0
    outer loop
      vertex 0.6 155.5 0
      vertex 0.6 166.0666666666667 0
      vertex 0.6 155.5 2.6
    endloop
  endfacet
  facet normal 0 0 -1
    outer loop
      vertex 0 155.5 0
      vertex 0.6 167.26666666666668 0
      vertex 0.6 166.0666666666667 0
    endloop
  endfacet
  facet normal 0 0 -1
    outer loop
      vertex 0 155.5 0
      vertex 0.6 177.83333333333334 0
      vertex 0.6 167.26666666666668 0
    endloop
  endfacet
  facet normal 0 0 -1
    outer loop
      vertex 0 155.5 0
      vertex 0 177.83333333333334 0
      vertex 0.6 177.83333333333334 0
    endloop
  endfacet
  facet normal 1 0 0
    outer loop
      vertex 0.6 167.26666666666668 0
      vertex 0.6 177.83333333333334 0
      vertex 0.6 177.83333333333334 2.6
    endloop
  endfacet
  facet normal 0 0 -1
    outer loop
      vertex 0 188.83333333333334 0
      vertex 0.17981072555205 192 0
      vertex 0.6 188.83333333333334 0
    endloop
  endfacet
  facet normal 0 0 -1
    outer loop
      vertex 0 188.83333333333334 0
      vertex 0.1786777843954731 192 0
      vertex 0.17981072555205 192 0
    endloop
  endfacet
  facet normal 0 0 -1
    outer loop
      vertex 0.6 188.83333333333334 0
      vertex 0.17981072555205 192 0
      vertex 0.6 192 0
    endloop
  endfacet
  facet normal 0 0 -1
    outer loop
      vertex 0 188.83333333333334 0
      vertex 0 200 0
      vertex 0.1786777843954731 192 0
    endloop
  endfacet
  facet normal 1 0 0
    outer loop
      vertex 0.6 188.83333333333334 0
      vertex 0.6 192 0
      vertex 0.6 192 1.2
    endloop
  endfacet
  facet normal 0 0 -1
    outer loop
      vertex 0.1786777843954731 192 0
      vertex 0 200 0
      vertex 0.5964214711729623 199.40357852882704 0
    endloop
  endfacet
  facet normal 1 0 0
    outer loop
      vertex 0.6 188.83333333333334 0
      vertex 0.6 192 1.2
      vertex 0.6 188.83333333333334 2.6
    endloop
  endfacet
  facet normal 1 0 0
    outer loop
      vertex 0.6 188.83333333333334 2.6
      vertex 0.6 192 1.2
      vertex 0.6 199.4 1.2
    endloop
  endfacet
  facet normal 1 0 0
    outer loop
      vertex 0.6 166.0666666666667 0
      vertex 0.6 133.93333333333334 20
      vertex 0.6 155.5 2.6
    endloop
  endfacet
  facet normal 1 0 0
    outer loop
      vertex 0.6 167.26666666666668 0
      vertex 0.6 177.83333333333334 2.6
      vertex 0.6 167.26666666666668 20
    endloop
  endfacet
  facet normal 1 0 0
    outer loop
      vertex 0.6 177.83333333333334 2.6
      vertex 0.6 188.83333333333334 2.6
      vertex 0.6 167.26666666666668 20
    endloop
  endfacet
  facet normal 1 0 0
    outer loop
      vertex 0.6 188.83333333333334 2.6
      vertex 0.6 199.4 1.2
      vertex 0.6 167.26666666666668 20
    endloop
  endfacet
  facet normal 1 0 0
    outer loop
      vertex 0.6 132.73333333333335 0
      vertex 0.6 132.73333333333335 20
      vertex 0.6 100.60000000000001 20
    endloop
  endfacet
  facet normal 0 0 1
    outer loop
      vertex 0.1963999999999999 67.26666666666668 20
      vertex 0.6 99.4 20
      vertex 0 200 20
    endloop
  endfacet
  facet normal 0 0 1
    outer loop
      vertex 0.6 99.4 20
      vertex 0.6 100.60000000000001 20
      vertex 0 200 20
    endloop
  endfacet
  facet normal 0 0 1
    outer loop
      vertex 0.6 100.60000000000001 20
      vertex 0.6 132.73333333333335 20
      vertex 0 200 20
    endloop
  endfacet
  facet normal 1 0 0
    outer loop
      vertex 0.6 166.0666666666667 0
      vertex 0.6 166.0666666666667 20
      vertex 0.6 133.93333333333334 20
    endloop
  endfacet
  facet normal 1 0 0
    outer loop
      vertex 0.6 167.26666666666668 20
      vertex 0.6 199.4 1.2
      vertex 0.6 199.4 20
    endloop
  endfacet
  facet normal 0 0 1
    outer loop
      vertex 0.6 132.73333333333335 20
      vertex 0.6 133.93333333333334 20
      vertex 0 200 20
    endloop
  endfacet
  facet normal 0 0 1
    outer loop
      vertex 0.6 133.93333333333334 20
      vertex 0.6 166.0666666666667 20
      vertex 0 200 20
    endloop
  endfacet
  facet normal 0 0 1
    outer loop
      vertex 0.6 166.0666666666667 20
      vertex 0.6 167.26666666666668 20
      vertex 0 200 20
    endloop
  endfacet
  facet normal 0 0 1
    outer loop
      vertex 0.6 167.26666666666668 20
      vertex 0.6 199.4 20
      vertex 0 200 20
    endloop
  endfacet
  facet normal 0 0 -1
    outer loop
      vertex 32.733333333333334 0.6 0
      vertex 33.93333333333334 11.166666666666668 0
      vertex 33.93333333333334 0.6 0
    endloop
  endfacet
  facet normal 0 0 -1
    outer loop
      vertex 32.733333333333334 0.6 0
      vertex 32.733333333333334 11.166666666666668 0
      vertex 33.93333333333334 11.166666666666668 0
    endloop
  endfacet
  facet normal -1 0 0
    outer loop
      vertex 32.733333333333334 0.6 0
      vertex 32.733333333333334 11.166666666666668 2.6
      vertex 32.733333333333334 11.166666666666668 0
    endloop
  endfacet
  facet normal 1 0 0
    outer loop
      vertex 33.93333333333334 0.6 0
      vertex 33.93333333333334 11.166666666666668 0
      vertex 33.93333333333334 11.166666666666668 2.6
    endloop
  endfacet
  facet normal 0 0 -1
    outer loop
      vertex 32.733333333333334 22.166666666666668 0
      vertex 33.93333333333334 32.733333333333334 0
      vertex 33.93333333333334 22.166666666666668 0
    endloop
  endfacet
  facet normal 0 0 -1
    outer loop
      vertex 32.733333333333334 22.166666666666668 0
      vertex 33.93333333333334 33.93333333333334 0
      vertex 33.93333333333334 32.733333333333334 0
    endloop
  endfacet
  facet normal -1 0 0
    outer loop
      vertex 32.733333333333334 22.166666666666668 0
      vertex 32.733333333333334 22.166666666666668 2.6
      vertex 32.733333333333334 32.733333333333334 0
    endloop
  endfacet
  facet normal 1 0 0
    outer loop
      vertex 33.93333333333334 22.166666666666668 0
      vertex 33.93333333333334 32.733333333333334 0
      vertex 33.93333333333334 22.166666666666668 2.6
    endloop
  endfacet
  facet normal 0 0 -1
    outer loop
      vertex 32.733333333333334 22.166666666666668 0
      vertex 32.733333333333334 32.733333333333334 0
      vertex 33.93333333333334 44.5 0
    endloop
  endfacet
  facet normal 0 0 -1
    outer loop
      vertex 32.733333333333334 22.166666666666668 0
      vertex 33.93333333333334 44.5 0
      vertex 33.93333333333334 33.93333333333334 0
    endloop
  endfacet
  facet normal 0 0 -1
    outer loop
      vertex 32.733333333333334 32.733333333333334 0
      vertex 32.733333333333334 33.93333333333334 0
      vertex 33.93333333333334 44.5 0
    endloop
  endfacet
  facet normal 0 0 -1
    outer loop
      vertex 32.733333333333334 33.93333333333334 0
      vertex 32.733333333333334 44.5 0
      vertex 33.93333333333334 44.5 0
    endloop
  endfacet
  facet normal -1 0 0
    outer loop
      vertex 32.733333333333334 33.93333333333334 0
      vertex 32.733333333333334 44.5 2.6
      vertex 32.733333333333334 44.5 0
    endloop
  endfacet
  facet normal 1 0 0
    outer loop
      vertex 33.93333333333334 33.93333333333334 0
      vertex 33.93333333333334 44.5 0
      vertex 33.93333333333334 44.5 2.6
    endloop
  endfacet
  facet normal 1 0 0
    outer loop
      vertex 33.93333333333334 0.6 0
      vertex 33.93333333333334 11.166666666666668 2.6
      vertex 33.93333333333334 0.6 20
    endloop
  endfacet
  facet normal 1 0 0
    outer loop
      vertex 33.93333333333334 11.166666666666668 2.6
      vertex 33.93333333333334 22.166666666666668 2.6
      vertex 33.93333333333334 0.6 20
    endloop
  endfacet
  facet normal -1 0 0
    outer loop
      vertex 32.733333333333334 0.6 0
      vertex 32.733333333333334 32.733333333333334 20
      vertex 32.733333333333334 11.166666666666668 2.6
    endloop
  endfacet
  facet normal 1 0 0
    outer loop
      vertex 33.93333333333334 22.166666666666668 2.6
      vertex 33.93333333333334 32.733333333333334 0
      vertex 33.93333333333334 0.6 20
    endloop
  endfacet
  facet normal -1 0 0
    outer loop
      vertex 32.733333333333334 11.166666666666668 2.6
      vertex 32.733333333333334 32.733333333333334 20
      vertex 32.733333333333334 22.166666666666668 2.6
    endloop
  endfacet
  facet normal -1 0 0
    outer loop
      vertex 32.733333333333334 22.166666666666668 2.6
      vertex 32.733333333333334 32.733333333333334 20
      vertex 32.733333333333334 32.733333333333334 0
    endloop
  endfacet
  facet normal 1 0 0
    outer loop
      vertex 33.93333333333334 33.93333333333334 0
      vertex 33.93333333333334 44.5 2.6
      vertex 33.93333333333334 33.93333333333334 20
    endloop
  endfacet
  facet normal -1 0 0
    outer loop
      vertex 32.733333333333334 33.93333333333334 0
      vertex 32.733333333333334 66.06666666666668 20
      vertex 32.733333333333334 44.5 2.6
    endloop
  endfacet
  facet normal 1 0 0
    outer loop
      vertex 33.93333333333334 44.5 2.6
      vertex 33.93333333333334 55.5 2.6
      vertex 33.93333333333334 33.93333333333334 20
    endloop
  endfacet
  facet normal 0 0 -1
    outer loop
      vertex 32.733333333333334 55.5 0
      vertex 33.93333333333334 66.06666666666668 0
      vertex 33.93333333333334 55.5 0
    endloop
  endfacet
  facet normal -1 0 0
    outer loop
      vertex 32.733333333333334 55.5 0
      vertex 32.733333333333334 55.5 2.6
      vertex 32.733333333333334 66.06666666666668 0
    endloop
  endfacet
  facet normal 1 0 0
    outer loop
      vertex 33.93333333333334 55.5 0
      vertex 33.93333333333334 66.06666666666668 0
      vertex 33.93333333333334 55.5 2.6
    endloop
  endfacet
  facet normal 0 0 -1
    outer loop
      vertex 32.733333333333334 55.5 0
      vertex 33.93333333333334 67.26666666666668 0
      vertex 33.93333333333334 66.06666666666668 0
    endloop
  endfacet
  facet normal 0 0 -1
    outer loop
      vertex 32.733333333333334 55.5 0
      vertex 32.733333333333334 66.06666666666668 0
      vertex 33.93333333333334 77.83333333333334 0
    endloop
  endfacet
  facet normal 0 0 -1
    outer loop
      vertex 32.733333333333334 55.5 0
      vertex 33.93333333333334 77.83333333333334 0
      vertex 33.93333333333334 67.26666666666668 0
    endloop
  endfacet
  facet normal 0 0 -1
    outer loop
      vertex 32.733333333333334 66.06666666666668 0
      vertex 32.733333333333334 67.26666666666668 0
      vertex 33.93333333333334 77.83333333333334 0
    endloop
  endfacet
  facet normal 0 0 -1
    outer loop
      vertex 32.733333333333334 67.26666666666668 0
      vertex 32.733333333333334 77.83333333333334 0
      vertex 33.93333333333334 77.83333333333334 0
    endloop
  endfacet
  facet normal -1 0 0
    outer loop
      vertex 32.733333333333334 67.26666666666668 0
      vertex 32.733333333333334 77.83333333333334 2.6
      vertex 32.733333333333334 77.83333333333334 0
    endloop
  endfacet
  facet normal 1 0 0
    outer loop
      vertex 33.93333333333334 67.26666666666668 0
      vertex 33.93333333333334 77.83333333333334 0
      vertex 33.93333333333334 77.83333333333334 2.6
    endloop
  endfacet
  facet normal 0 0 -1
    outer loop
      vertex 32.733333333333334 88.83333333333334 0
      vertex 33.93333333333334 99.4 0
      vertex 33.93333333333334 88.83333333333334 0
    endloop
  endfacet
  facet normal -1 0 0
    outer loop
      vertex 32.733333333333334 88.83333333333334 0
      vertex 32.733333333333334 88.83333333333334 2.6
      vertex 32.733333333333334 99.4 0
    endloop
  endfacet
  facet normal 1 0 0
    outer loop
      vertex 33.93333333333334 88.83333333333334 0
      vertex 33.93333333333334 99.4 0
      vertex 33.93333333333334 88.83333333333334 2.6
    endloop
  endfacet
  facet normal 0 0 -1
    outer loop
      vertex 32.733333333333334 88.83333333333334 0
      vertex 33.93333333333334 100.60000000000001 0
      vertex 33.93333333333334 99.4 0
    endloop
  endfacet
  facet normal 0 0 -1
    outer loop
      vertex 32.733333333333334 88.83333333333334 0
      vertex 32.733333333333334 99.4 0
      vertex 33.93333333333334 111.16666666666667 0
    endloop
  endfacet
  facet normal 1 0 0
    outer loop
      vertex 33.93333333333334 66.06666666666668 0
      vertex 33.93333333333334 33.93333333333334 20
      vertex 33.93333333333334 55.5 2.6
    endloop
  endfacet
  facet normal -1 0 0
    outer loop
      vertex 32.733333333333334 44.5 2.6
      vertex 32.733333333333334 66.06666666666668 20
      vertex 32.733333333333334 55.5 2.6
    endloop
  endfacet
  facet normal -1 0 0
    outer loop
      vertex 32.733333333333334 66.06666666666668 0
      vertex 32.733333333333334 55.5 2.6
      vertex 32.733333333333334 66.06666666666668 20
    endloop
  endfacet
  facet normal 1 0 0
    outer loop
      vertex 33.93333333333334 67.26666666666668 0
      vertex 33.93333333333334 77.83333333333334 2.6
      vertex 33.93333333333334 67.26666666666668 20
    endloop
  endfacet
  facet normal 1 0 0
    outer loop
      vertex 33.93333333333334 77.83333333333334 2.6
      vertex 33.93333333333334 88.83333333333334 2.6
      vertex 33.93333333333334 67.26666666666668 20
    endloop
  endfacet
  facet normal -1 0 0
    outer loop
      vertex 32.733333333333334 67.26666666666668 0
      vertex 32.733333333333334 99.4 20
      vertex 32.733333333333334 77.83333333333334 2.6
    endloop
  endfacet
  facet normal 1 0 0
    outer loop
      vertex 33.93333333333334 99.4 0
      vertex 33.93333333333334 67.26666666666668 20
      vertex 33.93333333333334 88.83333333333334 2.6
    endloop
  endfacet
  facet normal -1 0 0
    outer loop
      vertex 32.733333333333334 77.83333333333334 2.6
      vertex 32.733333333333334 99.4 20
      vertex 32.733333333333334 88.83333333333334 2.6
    endloop
  endfacet
  facet normal -1 0 0
    outer loop
      vertex 32.733333333333334 99.4 0
      vertex 32.733333333333334 88.83333333333334 2.6
      vertex 32.733333333333334 99.4 20
    endloop
  endfacet
  facet normal -1 0 0
    outer loop
      vertex 32.733333333333334 0.6 0
      vertex 32.733333333333334 0.6 20
      vertex 32.733333333333334 32.733333333333334 20
    endloop
  endfacet
  facet normal 1 0 0
    outer loop
      vertex 33.93333333333334 32.733333333333334 0
      vertex 33.93333333333334 32.733333333333334 20
      vertex 33.93333333333334 0.6 20
    endloop
  endfacet
  facet normal -1 0 0
    outer loop
      vertex 32.733333333333334 33.93333333333334 0
      vertex 32.733333333333334 33.93333333333334 20
      vertex 32.733333333333334 66.06666666666668 20
    endloop
  endfacet
  facet normal 0 0 1
    outer loop
      vertex 32.733333333333334 0.6 20
      vertex 33.93333333333334 0.6 20
      vertex 33.93333333333334 32.733333333333334 20
    endloop
  endfacet
  facet normal 0 0 1
    outer loop
      vertex 32.733333333333334 0.6 20
      vertex 33.93333333333334 32.733333333333334 20
      vertex 32.733333333333334 32.733333333333334 20
    endloop
  endfacet
  facet normal 0 0 1
    outer loop
      vertex 32.733333333333334 33.93333333333334 20
      vertex 33.93333333333334 33.93333333333334 20
      vertex 33.93333333333334 66.06666666666668 20
    endloop
  endfacet
  facet normal 1 0 0
    outer loop
      vertex 33.93333333333334 66.06666666666668 0
      vertex 33.93333333333334 66.06666666666668 20
      vertex 33.93333333333334 33.93333333333334 20
    endloop
  endfacet
  facet normal -1 0 0
    outer loop
      vertex 32.733333333333334 67.26666666666668 0
      vertex 32.733333333333334 67.26666666666668 20
      vertex 32.733333333333334 99.4 20
    endloop
  endfacet
  facet normal 1 0 0
    outer loop
      vertex 33.93333333333334 99.4 0
      vertex 33.93333333333334 99.4 20
      vertex 33.93333333333334 67.26666666666668 20
    endloop
  endfacet
  facet normal 0 0 1
    outer loop
      vertex 32.733333333333334 33.93333333333334 20
      vertex 33.93333333333334 66.06666666666668 20
      vertex 32.733333333333334 66.06666666666668 20
    endloop
  endfacet
  facet normal 0 0 1
    outer loop
      vertex 32.733333333333334 67.26666666666668 20
      vertex 33.93333333333334 67.26666666666668 20
      vertex 33.93333333333334 99.4 20
    endloop
  endfacet
  facet normal 0 0 1
    outer loop
      vertex 32.733333333333334 67.26666666666668 20
      vertex 33.93333333333334 99.4 20
      vertex 32.733333333333334 99.4 20
    endloop
  endfacet
  facet normal 0 0 -1
    outer loop
      vertex 32.733333333333334 88.83333333333334 0
      vertex 33.93333333333334 111.16666666666667 0
      vertex 33.93333333333334 100.60000000000001 0
    endloop
  endfacet
  facet normal 0 0 -1
    outer loop
      vertex 32.733333333333334 99.4 0
      vertex 32.733333333333334 100.60000000000001 0
      vertex 33.93333333333334 111.16666666666667 0
    endloop
  endfacet
  facet normal 0 0 -1
    outer loop
      vertex 32.733333333333334 100.60000000000001 0
      vertex 32.733333333333334 111.16666666666667 0
      vertex 33.93333333333334 111.16666666666667 0
    endloop
  endfacet
  facet normal -1 0 0
    outer loop
      vertex 32.733333333333334 100.60000000000001 0
      vertex 32.733333333333334 111.16666666666667 2.6
      vertex 32.733333333333334 111.16666666666667 0
    endloop
  endfacet
  facet normal 1 0 0
    outer loop
      vertex 33.93333333333334 100.60000000000001 0
      vertex 33.93333333333334 111.16666666666667 0
      vertex 33.93333333333334 111.16666666666667 2.6
    endloop
  endfacet
  facet normal 0 0 -1
    outer loop
      vertex 32.733333333333334 122.16666666666667 0
      vertex 33.93333333333334 132.73333333333335 0
      vertex 33.93333333333334 122.16666666666667 0
    endloop
  endfacet
  facet normal 0 0 -1
    outer loop
      vertex 32.733333333333334 122.16666666666667 0
      vertex 33.93333333333334 133.93333333333334 0
      vertex 33.93333333333334 132.73333333333335 0
    endloop
  endfacet
  facet normal -1 0 0
    outer loop
      vertex 32.733333333333334 122.16666666666667 0
      vertex 32.733333333333334 122.16666666666667 2.6
      vertex 32.733333333333334 132.73333333333335 0
    endloop
  endfacet
  facet normal 1 0 0
    outer loop
      vertex 33.93333333333334 122.16666666666667 0
      vertex 33.93333333333334 132.73333333333335 0
      vertex 33.93333333333334 122.16666666666667 2.6
    endloop
  endfacet
  facet normal 0 0 -1
    outer loop
      vertex 32.733333333333334 122.16666666666667 0
      vertex 32.733333333333334 132.73333333333335 0
      vertex 33.93333333333334 144.5 0
    endloop
  endfacet
  facet normal 0 0 -1
    outer loop
      vertex 32.733333333333334 122.16666666666667 0
      vertex 33.93333333333334 144.5 0
      vertex 33.93333333333334 133.93333333333334 0
    endloop
  endfacet
  facet normal 0 0 -1
    outer loop
      vertex 32.733333333333334 132.73333333333335 0
      vertex 32.733333333333334 133.93333333333334 0
      vertex 33.93333333333334 144.5 0
    endloop
  endfacet
  facet normal 0 0 -1
    outer loop
      vertex 32.733333333333334 133.93333333333334 0
      vertex 32.733333333333334 144.5 0
      vertex 33.93333333333334 144.5 0
    endloop
  endfacet
  facet normal -1 0 0
    outer loop
      vertex 32.733333333333334 133.93333333333334 0
      vertex 32.733333333333334 144.5 2.6
      vertex 32.733333333333334 144.5 0
    endloop
  endfacet
  facet normal 1 0 0
    outer loop
      vertex 33.93333333333334 133.93333333333334 0
      vertex 33.93333333333334 144.5 0
      vertex 33.93333333333334 144.5 2.6
    endloop
  endfacet
  facet normal 1 0 0
    outer loop
      vertex 33.93333333333334 100.60000000000001 0
      vertex 33.93333333333334 111.16666666666667 2.6
      vertex 33.93333333333334 100.60000000000001 20
    endloop
  endfacet
  facet normal 1 0 0
    outer loop
      vertex 33.93333333333334 111.16666666666667 2.6
      vertex 33.93333333333334 122.16666666666667 2.6
      vertex 33.93333333333334 100.60000000000001 20
    endloop
  endfacet
  facet normal -1 0 0
    outer loop
      vertex 32.733333333333334 100.60000000000001 0
      vertex 32.733333333333334 132.73333333333335 20
      vertex 32.733333333333334 111.16666666666667 2.6
    endloop
  endfacet
  facet normal 1 0 0
    outer loop
      vertex 33.93333333333334 122.16666666666667 2.6
      vertex 33.93333333333334 132.73333333333335 0
      vertex 33.93333333333334 100.60000000000001 20
    endloop
  endfacet
  facet normal -1 0 0
    outer loop
      vertex 32.733333333333334 111.16666666666667 2.6
      vertex 32.733333333333334 132.73333333333335 20
      vertex 32.733333333333334 122.16666666666667 2.6
    endloop
  endfacet
  facet normal -1 0 0
    outer loop
      vertex 32.733333333333334 122.16666666666667 2.6
      vertex 32.733333333333334 132.73333333333335 20
      vertex 32.733333333333334 132.73333333333335 0
    endloop
  endfacet
  facet normal 1 0 0
    outer loop
      vertex 33.93333333333334 133.93333333333334 0
      vertex 33.93333333333334 144.5 2.6
      vertex 33.93333333333334 133.93333333333334 20
    endloop
  endfacet
  facet normal -1 0 0
    outer loop
      vertex 32.733333333333334 133.93333333333334 0
      vertex 32.733333333333334 166.0666666666667 20
      vertex 32.733333333333334 144.5 2.6
    endloop
  endfacet
  facet normal 1 0 0
    outer loop
      vertex 33.93333333333334 144.5 2.6
      vertex 33.93333333333334 155.5 2.6
      vertex 33.93333333333334 133.93333333333334 20
    endloop
  endfacet
  facet normal 0 0 -1
    outer loop
      vertex 32.733333333333334 155.5 0
      vertex 33.93333333333334 166.0666666666667 0
      vertex 33.93333333333334 155.5 0
    endloop
  endfacet
  facet normal -1 0 0
    outer loop
      vertex 32.733333333333334 155.5 0
      vertex 32.733333333333334 155.5 2.6
      vertex 32.733333333333334 166.0666666666667 0
    endloop
  endfacet
  facet normal 1 0 0
    outer loop
      vertex 33.93333333333334 155.5 0
      vertex 33.93333333333334 166.0666666666667 0
      vertex 33.93333333333334 155.5 2.6
    endloop
  endfacet
  facet normal 0 0 -1
    outer loop
      vertex 32.733333333333334 155.5 0
      vertex 33.93333333333334 167.26666666666668 0
      vertex 33.93333333333334 166.0666666666667 0
    endloop
  endfacet
  facet normal 0 0 -1
    outer loop
      vertex 32.733333333333334 155.5 0
      vertex 32.733333333333334 166.0666666666667 0
      vertex 33.93333333333334 177.83333333333334 0
    endloop
  endfacet
  facet normal 0 0 -1
    outer loop
      vertex 32.733333333333334 155.5 0
      vertex 33.93333333333334 177.83333333333334 0
      vertex 33.93333333333334 167.26666666666668 0
    endloop
  endfacet
  facet normal 0 0 -1
    outer loop
      vertex 32.733333333333334 166.0666666666667 0
      vertex 32.733333333333334 167.26666666666668 0
      vertex 33.93333333333334 177.83333333333334 0
    endloop
  endfacet
  facet normal 0 0 -1
    outer loop
      vertex 32.733333333333334 167.26666666666668 0
      vertex 32.733333333333334 177.83333333333334 0
      vertex 33.93333333333334 177.83333333333334 0
    endloop
  endfacet
  facet normal -1 0 0
    outer loop
      vertex 32.733333333333334 167.26666666666668 0
      vertex 32.733333333333334 177.83333333333334 2.6
      vertex 32.733333333333334 177.83333333333334 0
    endloop
  endfacet
  facet normal 1 0 0
    outer loop
      vertex 33.93333333333334 167.26666666666668 0
      vertex 33.93333333333334 177.83333333333334 0
      vertex 33.93333333333334 177.83333333333334 2.6
    endloop
  endfacet
  facet normal 0 0 -1
    outer loop
      vertex 32.733333333333334 188.83333333333334 0
      vertex 33.93333333333334 199.4 0
      vertex 33.93333333333334 188.83333333333334 0
    endloop
  endfacet
  facet normal -1 0 0
    outer loop
      vertex 32.733333333333334 188.83333333333334 0
      vertex 32.733333333333334 188.83333333333334 2.6
      vertex 32.733333333333334 199.4 0
    endloop
  endfacet
  facet normal 1 0 0
    outer loop
      vertex 33.93333333333334 188.83333333333334 0
      vertex 33.93333333333334 199.4 0
      vertex 33.93333333333334 188.83333333333334 2.6
    endloop
  endfacet
  facet normal 0 0 -1
    outer loop
      vertex 32.733333333333334 188.83333333333334 0
      vertex 32.733333333333334 199.4 0
      vertex 33.93333333333334 199.4 0
    endloop
  endfacet
  facet normal 0 0 -1
    outer loop
      vertex 32.733333333333334 199.4 0
      vertex 32.733333333333334 199.59640000000002 0
      vertex 33.93333333333334 199.4 0
    endloop
  endfacet
  facet normal 0 0 -1
    outer loop
      vertex 32.733333333333334 199.59640000000002 0
      vertex 33.93333333333334 199.6036 0
      vertex 33.93333333333334 199.4 0
    endloop
  endfacet
  facet normal 1 0 0
    outer loop
      vertex 33.93333333333334 166.0666666666667 0
      vertex 33.93333333333334 133.93333333333334 20
      vertex 33.93333333333334 155.5 2.6
    endloop
  endfacet
  facet normal -1 0 0
    outer loop
      vertex 32.733333333333334 144.5 2.6
      vertex 32.733333333333334 166.0666666666667 20
      vertex 32.733333333333334 155.5 2.6
    endloop
  endfacet
  facet normal -1 0 0
    outer loop
      vertex 32.733333333333334 166.0666666666667 0
      vertex 32.733333333333334 155.5 2.6
      vertex 32.733333333333334 166.0666666666667 20
    endloop
  endfacet
  facet normal 1 0 0
    outer loop
      vertex 33.93333333333334 167.26666666666668 0
      vertex 33.93333333333334 177.83333333333334 2.6
      vertex 33.93333333333334 167.26666666666668 20
    endloop
  endfacet
  facet normal 1 0 0
    outer loop
      vertex 33.93333333333334 177.83333333333334 2.6
      vertex 33.93333333333334 188.83333333333334 2.6
      vertex 33.93333333333334 167.26666666666668 20
    endloop
  endfacet
  facet normal -1 0 0
    outer loop
      vertex 32.733333333333334 167.26666666666668 0
      vertex 32.733333333333334 199.4 20
      vertex 32.733333333333334 177.83333333333334 2.6
    endloop
  endfacet
  facet normal 1 0 0
    outer loop
      vertex 33.93333333333334 199.4 0
      vertex 33.93333333333334 167.26666666666668 20
      vertex 33.93333333333334 188.83333333333334 2.6
    endloop
  endfacet
  facet normal -1 0 0
    outer loop
      vertex 32.733333333333334 177.83333333333334 2.6
      vertex 32.733333333333334 199.4 20
      vertex 32.733333333333334 188.83333333333334 2.6
    endloop
  endfacet
  facet normal -1 0 0
    outer loop
      vertex 32.733333333333334 199.4 0
      vertex 32.733333333333334 188.83333333333334 2.6
      vertex 32.733333333333334 199.4 20
    endloop
  endfacet
  facet normal -1 0 0
    outer loop
      vertex 32.733333333333334 100.60000000000001 0
      vertex 32.733333333333334 100.60000000000001 20
      vertex 32.733333333333334 132.73333333333335 20
    endloop
  endfacet
  facet normal 1 0 0
    outer loop
      vertex 33.93333333333334 132.73333333333335 0
      vertex 33.93333333333334 132.73333333333335 20
      vertex 33.93333333333334 100.60000000000001 20
    endloop
  endfacet
  facet normal -1 0 0
    outer loop
      vertex 32.733333333333334 133.93333333333334 0
      vertex 32.733333333333334 133.93333333333334 20
      vertex 32.733333333333334 166.0666666666667 20
    endloop
  endfacet
  facet normal 0 0 1
    outer loop
      vertex 32.733333333333334 100.60000000000001 20
      vertex 33.93333333333334 100.60000000000001 20
      vertex 33.93333333333334 132.73333333333335 20
    endloop
  endfacet
  facet normal 0 0 1
    outer loop
      vertex 32.733333333333334 100.60000000000001 20
      vertex 33.93333333333334 132.73333333333335 20
      vertex 32.733333333333334 132.73333333333335 20
    endloop
  endfacet
  facet normal 0 0 1
    outer loop
      vertex 32.733333333333334 133.93333333333334 20
      vertex 33.93333333333334 133.93333333333334 20
      vertex 33.93333333333334 166.0666666666667 20
    endloop
  endfacet
  facet normal 1 0 0
    outer loop
      vertex 33.93333333333334 166.0666666666667 0
      vertex 33.93333333333334 166.0666666666667 20
      vertex 33.93333333333334 133.93333333333334 20
    endloop
  endfacet
  facet normal -1 0 0
    outer loop
      vertex 32.733333333333334 167.26666666666668 0
      vertex 32.733333333333334 167.26666666666668 20
      vertex 32.733333333333334 199.4 20
    endloop
  endfacet
  facet normal 1 0 0
    outer loop
      vertex 33.93333333333334 199.4 0
      vertex 33.93333333333334 199.4 20
      vertex 33.93333333333334 167.26666666666668 20
    endloop
  endfacet
  facet normal 0 0 1
    outer loop
      vertex 32.733333333333334 133.93333333333334 20
      vertex 33.93333333333334 166.0666666666667 20
      vertex 32.733333333333334 166.0666666666667 20
    endloop
  endfacet
  facet normal 0 0 1
    outer loop
      vertex 32.733333333333334 167.26666666666668 20
      vertex 33.93333333333334 167.26666666666668 20
      vertex 33.93333333333334 199.4 20
    endloop
  endfacet
  facet normal 0 0 1
    outer loop
      vertex 32.733333333333334 167.26666666666668 20
      vertex 33.93333333333334 199.4 20
      vertex 32.733333333333334 199.4 20
    endloop
  endfacet
  facet normal 0 0 -1
    outer loop
      vertex 66.06666666666668 0.6 0
      vertex 67.26666666666668 11.166666666666668 0
      vertex 67.26666666666668 0.6 0
    endloop
  endfacet
  facet normal 0 0 -1
    outer loop
      vertex 66.06666666666668 0.6 0
      vertex 66.06666666666668 11.166666666666668 0
      vertex 67.26666666666668 11.166666666666668 0
    endloop
  endfacet
  facet normal -1 0 0
    outer loop
      vertex 66.06666666666668 0.6 0
      vertex 66.06666666666668 11.166666666666668 2.6
      vertex 66.06666666666668 11.166666666666668 0
    endloop
  endfacet
  facet normal 1 0 0
    outer loop
      vertex 67.26666666666668 0.6 0
      vertex 67.26666666666668 11.166666666666668 0
      vertex 67.26666666666668 11.166666666666668 2.6
    endloop
  endfacet
  facet normal 0 0 -1
    outer loop
      vertex 66.06666666666668 22.166666666666668 0
      vertex 67.26666666666668 32.733333333333334 0
      vertex 67.26666666666668 22.166666666666668 0
    endloop
  endfacet
  facet normal 0 0 -1
    outer loop
      vertex 66.06666666666668 22.166666666666668 0
      vertex 67.26666666666668 33.93333333333334 0
      vertex 67.26666666666668 32.733333333333334 0
    endloop
  endfacet
  facet normal -1 0 0
    outer loop
      vertex 66.06666666666668 22.166666666666668 0
      vertex 66.06666666666668 22.166666666666668 2.6
      vertex 66.06666666666668 32.733333333333334 0
    endloop
  endfacet
  facet normal 1 0 0
    outer loop
      vertex 67.26666666666668 22.166666666666668 0
      vertex 67.26666666666668 32.733333333333334 0
      vertex 67.26666666666668 22.166666666666668 2.6
    endloop
  endfacet
  facet normal 0 0 -1
    outer loop
      vertex 66.06666666666668 22.166666666666668 0
      vertex 66.06666666666668 32.733333333333334 0
      vertex 67.26666666666668 44.5 0
    endloop
  endfacet
  facet normal 0 0 -1
    outer loop
      vertex 66.06666666666668 22.166666666666668 0
      vertex 67.26666666666668 44.5 0
      vertex 67.26666666666668 33.93333333333334 0
    endloop
  endfacet
  facet normal 0 0 -1
    outer loop
      vertex 66.06666666666668 32.733333333333334 0
      vertex 66.06666666666668 33.93333333333334 0
      vertex 67.26666666666668 44.5 0
    endloop
  endfacet
  facet normal 0 0 -1
    outer loop
      vertex 66.06666666666668 33.93333333333334 0
      vertex 66.06666666666668 44.5 0
      vertex 67.26666666666668 44.5 0
    endloop
  endfacet
  facet normal -1 0 0
    outer loop
      vertex 66.06666666666668 33.93333333333334 0
      vertex 66.06666666666668 44.5 2.6
      vertex 66.06666666666668 44.5 0
    endloop
  endfacet
  facet normal 1 0 0
    outer loop
      vertex 67.26666666666668 33.93333333333334 0
      vertex 67.26666666666668 44.5 0
      vertex 67.26666666666668 44.5 2.6
    endloop
  endfacet
  facet normal 1 0 0
    outer loop
      vertex 67.26666666666668 0.6 0
      vertex 67.26666666666668 11.166666666666668 2.6
      vertex 67.26666666666668 0.6 20
    endloop
  endfacet
  facet normal 1 0 0
    outer loop
      vertex 67.26666666666668 11.166666666666668 2.6
      vertex 67.26666666666668 22.166666666666668 2.6
      vertex 67.26666666666668 0.6 20
    endloop
  endfacet
  facet normal -1 0 0
    outer loop
      vertex 66.06666666666668 0.6 0
      vertex 66.06666666666668 32.733333333333334 20
      vertex 66.06666666666668 11.166666666666668 2.6
    endloop
  endfacet
  facet normal 1 0 0
    outer loop
      vertex 67.26666666666668 22.166666666666668 2.6
      vertex 67.26666666666668 32.733333333333334 0
      vertex 67.26666666666668 0.6 20
    endloop
  endfacet
  facet normal -1 0 0
    outer loop
      vertex 66.06666666666668 11.166666666666668 2.6
      vertex 66.06666666666668 32.733333333333334 20
      vertex 66.06666666666668 22.166666666666668 2.6
    endloop
  endfacet
  facet normal -1 0 0
    outer loop
      vertex 66.06666666666668 22.166666666666668 2.6
      vertex 66.06666666666668 32.733333333333334 20
      vertex 66.06666666666668 32.733333333333334 0
    endloop
  endfacet
  facet normal 1 0 0
    outer loop
      vertex 67.26666666666668 33.93333333333334 0
      vertex 67.26666666666668 44.5 2.6
      vertex 67.26666666666668 33.93333333333334 20
    endloop
  endfacet
  facet normal -1 0 0
    outer loop
      vertex 66.06666666666668 33.93333333333334 0
      vertex 66.06666666666668 66.06666666666668 20
      vertex 66.06666666666668 44.5 2.6
    endloop
  endfacet
  facet normal 1 0 0
    outer loop
      vertex 67.26666666666668 44.5 2.6
      vertex 67.26666666666668 55.5 2.6
      vertex 67.26666666666668 33.93333333333334 20
    endloop
  endfacet
  facet normal 0 0 -1
    outer loop
      vertex 66.06666666666668 55.5 0
      vertex 67.26666666666668 66.06666666666668 0
      vertex 67.26666666666668 55.5 0
    endloop
  endfacet
  facet normal -1 0 0
    outer loop
      vertex 66.06666666666668 55.5 0
      vertex 66.06666666666668 55.5 2.6
      vertex 66.06666666666668 66.06666666666668 0
    endloop
  endfacet
  facet normal 1 0 0
    outer loop
      vertex 67.26666666666668 55.5 0
      vertex 67.26666666666668 66.06666666666668 0
      vertex 67.26666666666668 55.5 2.6
    endloop
  endfacet
  facet normal 0 0 -1
    outer loop
      vertex 66.06666666666668 55.5 0
      vertex 67.26666666666668 67.26666666666668 0
      vertex 67.26666666666668 66.06666666666668 0
    endloop
  endfacet
  facet normal 0 0 -1
    outer loop
      vertex 66.06666666666668 55.5 0
      vertex 66.06666666666668 66.06666666666668 0
      vertex 67.26666666666668 77.83333333333334 0
    endloop
  endfacet
  facet normal 0 0 -1
    outer loop
      vertex 66.06666666666668 55.5 0
      vertex 67.26666666666668 77.83333333333334 0
      vertex 67.26666666666668 67.26666666666668 0
    endloop
  endfacet
  facet normal 0 0 -1
    outer loop
      vertex 66.06666666666668 66.06666666666668 0
      vertex 66.06666666666668 67.26666666666668 0
      vertex 67.26666666666668 77.83333333333334 0
    endloop
  endfacet
  facet normal 0 0 -1
    outer loop
      vertex 66.06666666666668 67.26666666666668 0
      vertex 66.06666666666668 77.83333333333334 0
      vertex 67.26666666666668 77.83333333333334 0
    endloop
  endfacet
  facet normal -1 0 0
    outer loop
      vertex 66.06666666666668 67.26666666666668 0
      vertex 66.06666666666668 77.83333333333334 2.6
      vertex 66.06666666666668 77.83333333333334 0
    endloop
  endfacet
  facet normal 1 0 0
    outer loop
      vertex 67.26666666666668 67.26666666666668 0
      vertex 67.26666666666668 77.83333333333334 0
      vertex 67.26666666666668 77.83333333333334 2.6
    endloop
  endfacet
  facet normal 0 0 -1
    outer loop
      vertex 66.06666666666668 88.83333333333334 0
      vertex 67.26666666666668 99.4 0
      vertex 67.26666666666668 88.83333333333334 0
    endloop
  endfacet
  facet normal -1 0 0
    outer loop
      vertex 66.06666666666668 88.83333333333334 0
      vertex 66.06666666666668 88.83333333333334 2.6
      vertex 66.06666666666668 99.4 0
    endloop
  endfacet
  facet normal 1 0 0
    outer loop
      vertex 67.26666666666668 88.83333333333334 0
      vertex 67.26666666666668 99.4 0
      vertex 67.26666666666668 88.83333333333334 2.6
    endloop
  endfacet
  facet normal 0 0 -1
    outer loop
      vertex 66.06666666666668 88.83333333333334 0
      vertex 67.26666666666668 100.60000000000001 0
      vertex 67.26666666666668 99.4 0
    endloop
  endfacet
  facet normal 0 0 -1
    outer loop
      vertex 66.06666666666668 88.83333333333334 0
      vertex 66.06666666666668 99.4 0
      vertex 67.26666666666668 111.16666666666667 0
    endloop
  endfacet
  facet normal 1 0 0
    outer loop
      vertex 67.26666666666668 66.06666666666668 0
      vertex 67.26666666666668 33.93333333333334 20
      vertex 67.26666666666668 55.5 2.6
    endloop
  endfacet
  facet normal -1 0 0
    outer loop
      vertex 66.06666666666668 44.5 2.6
      vertex 66.06666666666668 66.06666666666668 20
      vertex 66.06666666666668 55.5 2.6
    endloop
  endfacet
  facet normal -1 0 0
    outer loop
      vertex 66.06666666666668 66.06666666666668 0
      vertex 66.06666666666668 55.5 2.6
      vertex 66.06666666666668 66.06666666666668 20
    endloop
  endfacet
  facet normal 1 0 0
    outer loop
      vertex 67.26666666666668 67.26666666666668 0
      vertex 67.26666666666668 77.83333333333334 2.6
      vertex 67.26666666666668 67.26666666666668 20
    endloop
  endfacet
  facet normal 1 0 0
    outer loop
      vertex 67.26666666666668 77.83333333333334 2.6
      vertex 67.26666666666668 88.83333333333334 2.6
      vertex 67.26666666666668 67.26666666666668 20
    endloop
  endfacet
  facet normal -1 0 0
    outer loop
      vertex 66.06666666666668 67.26666666666668 0
      vertex 66.06666666666668 99.4 20
      vertex 66.06666666666668 77.83333333333334 2.6
    endloop
  endfacet
  facet normal 1 0 0
    outer loop
      vertex 67.26666666666668 99.4 0
      vertex 67.26666666666668 67.26666666666668 20
      vertex 67.26666666666668 88.83333333333334 2.6
    endloop
  endfacet
  facet normal -1 0 0
    outer loop
      vertex 66.06666666666668 77.83333333333334 2.6
      vertex 66.06666666666668 99.4 20
      vertex 66.06666666666668 88.83333333333334 2.6
    endloop
  endfacet
  facet normal -1 0 0
    outer loop
      vertex 66.06666666666668 99.4 0
      vertex 66.06666666666668 88.83333333333334 2.6
      vertex 66.06666666666668 99.4 20
    endloop
  endfacet
  facet normal -1 0 0
    outer loop
      vertex 66.06666666666668 0.6 0
      vertex 66.06666666666668 0.6 20
      vertex 66.06666666666668 32.733333333333334 20
    endloop
  endfacet
  facet normal 1 0 0
    outer loop
      vertex 67.26666666666668 32.733333333333334 0
      vertex 67.26666666666668 32.733333333333334 20
      vertex 67.26666666666668 0.6 20
    endloop
  endfacet
  facet normal -1 0 0
    outer loop
      vertex 66.06666666666668 33.93333333333334 0
      vertex 66.06666666666668 33.93333333333334 20
      vertex 66.06666666666668 66.06666666666668 20
    endloop
  endfacet
  facet normal 0 0 1
    outer loop
      vertex 66.06666666666668 0.6 20
      vertex 67.26666666666668 0.6 20
      vertex 67.26666666666668 32.733333333333334 20
    endloop
  endfacet
  facet normal 0 0 1
    outer loop
      vertex 66.06666666666668 0.6 20
      vertex 67.26666666666668 32.733333333333334 20
      vertex 66.06666666666668 32.733333333333334 20
    endloop
  endfacet
  facet normal 0 0 1
    outer loop
      vertex 66.06666666666668 33.93333333333334 20
      vertex 67.26666666666668 33.93333333333334 20
      vertex 67.26666666666668 66.06666666666668 20
    endloop
  endfacet
  facet normal 1 0 0
    outer loop
      vertex 67.26666666666668 66.06666666666668 0
      vertex 67.26666666666668 66.06666666666668 20
      vertex 67.26666666666668 33.93333333333334 20
    endloop
  endfacet
  facet normal -1 0 0
    outer loop
      vertex 66.06666666666668 67.26666666666668 0
      vertex 66.06666666666668 67.26666666666668 20
      vertex 66.06666666666668 99.4 20
    endloop
  endfacet
  facet normal 1 0 0
    outer loop
      vertex 67.26666666666668 99.4 0
      vertex 67.26666666666668 99.4 20
      vertex 67.26666666666668 67.26666666666668 20
    endloop
  endfacet
  facet normal 0 0 1
    outer loop
      vertex 66.06666666666668 33.93333333333334 20
      vertex 67.26666666666668 66.06666666666668 20
      vertex 66.06666666666668 66.06666666666668 20
    endloop
  endfacet
  facet normal 0 0 1
    outer loop
      vertex 66.06666666666668 67.26666666666668 20
      vertex 67.26666666666668 67.26666666666668 20
      vertex 67.26666666666668 99.4 20
    endloop
  endfacet
  facet normal 0 0 1
    outer loop
      vertex 66.06666666666668 67.26666666666668 20
      vertex 67.26666666666668 99.4 20
      vertex 66.06666666666668 99.4 20
    endloop
  endfacet
  facet normal 0 0 -1
    outer loop
      vertex 66.06666666666668 88.83333333333334 0
      vertex 67.26666666666668 111.16666666666667 0
      vertex 67.26666666666668 100.60000000000001 0
    endloop
  endfacet
  facet normal 0 0 -1
    outer loop
      vertex 66.06666666666668 99.4 0
      vertex 66.06666666666668 100.60000000000001 0
      vertex 67.26666666666668 111.16666666666667 0
    endloop
  endfacet
  facet normal 0 0 -1
    outer loop
      vertex 66.06666666666668 100.60000000000001 0
      vertex 66.06666666666668 111.16666666666667 0
      vertex 67.26666666666668 111.16666666666667 0
    endloop
  endfacet
  facet normal -1 0 0
    outer loop
      vertex 66.06666666666668 100.60000000000001 0
      vertex 66.06666666666668 111.16666666666667 2.6
      vertex 66.06666666666668 111.16666666666667 0
    endloop
  endfacet
  facet normal 1 0 0
    outer loop
      vertex 67.26666666666668 100.60000000000001 0
      vertex 67.26666666666668 111.16666666666667 0
      vertex 67.26666666666668 111.16666666666667 2.6
    endloop
  endfacet
  facet normal 0 0 -1
    outer loop
      vertex 66.06666666666668 122.16666666666667 0
      vertex 67.26666666666668 132.73333333333335 0
      vertex 67.26666666666668 122.16666666666667 0
    endloop
  endfacet
  facet normal 0 0 -1
    outer loop
      vertex 66.06666666666668 122.16666666666667 0
      vertex 67.26666666666668 133.93333333333334 0
      vertex 67.26666666666668 132.73333333333335 0
    endloop
  endfacet
  facet normal -1 0 0
    outer loop
      vertex 66.06666666666668 122.16666666666667 0
      vertex 66.06666666666668 122.16666666666667 2.6
      vertex 66.06666666666668 132.73333333333335 0
    endloop
  endfacet
  facet normal 1 0 0
    outer loop
      vertex 67.26666666666668 122.16666666666667 0
      vertex 67.26666666666668 132.73333333333335 0
      vertex 67.26666666666668 122.16666666666667 2.6
    endloop
  endfacet
  facet normal 0 0 -1
    outer loop
      vertex 66.06666666666668 122.16666666666667 0
      vertex 66.06666666666668 132.73333333333335 0
      vertex 67.26666666666668 144.5 0
    endloop
  endfacet
  facet normal 0 0 -1
    outer loop
      vertex 66.06666666666668 122.16666666666667 0
      vertex 67.26666666666668 144.5 0
      vertex 67.26666666666668 133.93333333333334 0
    endloop
  endfacet
  facet normal 0 0 -1
    outer loop
      vertex 66.06666666666668 132.73333333333335 0
      vertex 66.06666666666668 133.93333333333334 0
      vertex 67.26666666666668 144.5 0
    endloop
  endfacet
  facet normal 0 0 -1
    outer loop
      vertex 66.06666666666668 133.93333333333334 0
      vertex 66.06666666666668 144.5 0
      vertex 67.26666666666668 144.5 0
    endloop
  endfacet
  facet normal -1 0 0
    outer loop
      vertex 66.06666666666668 133.93333333333334 0
      vertex 66.06666666666668 144.5 2.6
      vertex 66.06666666666668 144.5 0
    endloop
  endfacet
  facet normal 1 0 0
    outer loop
      vertex 67.26666666666668 133.93333333333334 0
      vertex 67.26666666666668 144.5 0
      vertex 67.26666666666668 144.5 2.6
    endloop
  endfacet
  facet normal 1 0 0
    outer loop
      vertex 67.26666666666668 100.60000000000001 0
      vertex 67.26666666666668 111.16666666666667 2.6
      vertex 67.26666666666668 100.60000000000001 20
    endloop
  endfacet
  facet normal 1 0 0
    outer loop
      vertex 67.26666666666668 111.16666666666667 2.6
      vertex 67.26666666666668 122.16666666666667 2.6
      vertex 67.26666666666668 100.60000000000001 20
    endloop
  endfacet
  facet normal -1 0 0
    outer loop
      vertex 66.06666666666668 100.60000000000001 0
      vertex 66.06666666666668 132.73333333333335 20
      vertex 66.06666666666668 111.16666666666667 2.6
    endloop
  endfacet
  facet normal 1 0 0
    outer loop
      vertex 67.26666666666668 122.16666666666667 2.6
      vertex 67.26666666666668 132.73333333333335 0
      vertex 67.26666666666668 100.60000000000001 20
    endloop
  endfacet
  facet normal -1 0 0
    outer loop
      vertex 66.06666666666668 111.16666666666667 2.6
      vertex 66.06666666666668 132.73333333333335 20
      vertex 66.06666666666668 122.16666666666667 2.6
    endloop
  endfacet
  facet normal -1 0 0
    outer loop
      vertex 66.06666666666668 122.16666666666667 2.6
      vertex 66.06666666666668 132.73333333333335 20
      vertex 66.06666666666668 132.73333333333335 0
    endloop
  endfacet
  facet normal 1 0 0
    outer loop
      vertex 67.26666666666668 133.93333333333334 0
      vertex 67.26666666666668 144.5 2.6
      vertex 67.26666666666668 133.93333333333334 20
    endloop
  endfacet
  facet normal -1 0 0
    outer loop
      vertex 66.06666666666668 133.93333333333334 0
      vertex 66.06666666666668 166.0666666666667 20
      vertex 66.06666666666668 144.5 2.6
    endloop
  endfacet
  facet normal 1 0 0
    outer loop
      vertex 67.26666666666668 144.5 2.6
      vertex 67.26666666666668 155.5 2.6
      vertex 67.26666666666668 133.93333333333334 20
    endloop
  endfacet
  facet normal 0 0 -1
    outer loop
      vertex 66.06666666666668 155.5 0
      vertex 67.26666666666668 166.0666666666667 0
      vertex 67.26666666666668 155.5 0
    endloop
  endfacet
  facet normal -1 0 0
    outer loop
      vertex 66.06666666666668 155.5 0
      vertex 66.06666666666668 155.5 2.6
      vertex 66.06666666666668 166.0666666666667 0
    endloop
  endfacet
  facet normal 1 0 0
    outer loop
      vertex 67.26666666666668 155.5 0
      vertex 67.26666666666668 166.0666666666667 0
      vertex 67.26666666666668 155.5 2.6
    endloop
  endfacet
  facet normal 0 0 -1
    outer loop
      vertex 66.06666666666668 155.5 0
      vertex 67.26666666666668 167.26666666666668 0
      vertex 67.26666666666668 166.0666666666667 0
    endloop
  endfacet
  facet normal 0 0 -1
    outer loop
      vertex 66.06666666666668 155.5 0
      vertex 66.06666666666668 166.0666666666667 0
      vertex 67.26666666666668 177.83333333333334 0
    endloop
  endfacet
  facet normal 0 0 -1
    outer loop
      vertex 66.06666666666668 155.5 0
      vertex 67.26666666666668 177.83333333333334 0
      vertex 67.26666666666668 167.26666666666668 0
    endloop
  endfacet
  facet normal 0 0 -1
    outer loop
      vertex 66.06666666666668 166.0666666666667 0
      vertex 66.06666666666668 167.26666666666668 0
      vertex 67.26666666666668 177.83333333333334 0
    endloop
  endfacet
  facet normal 0 0 -1
    outer loop
      vertex 66.06666666666668 167.26666666666668 0
      vertex 66.06666666666668 177.83333333333334 0
      vertex 67.26666666666668 177.83333333333334 0
    endloop
  endfacet
  facet normal -1 0 0
    outer loop
      vertex 66.06666666666668 167.26666666666668 0
      vertex 66.06666666666668 177.83333333333334 2.6
      vertex 66.06666666666668 177.83333333333334 0
    endloop
  endfacet
  facet normal 1 0 0
    outer loop
      vertex 67.26666666666668 167.26666666666668 0
      vertex 67.26666666666668 177.83333333333334 0
      vertex 67.26666666666668 177.83333333333334 2.6
    endloop
  endfacet
  facet normal 0 0 -1
    outer loop
      vertex 66.06666666666668 188.83333333333334 0
      vertex 67.26666666666668 199.4 0
      vertex 67.26666666666668 188.83333333333334 0
    endloop
  endfacet
  facet normal -1 0 0
    outer loop
      vertex 66.06666666666668 188.83333333333334 0
      vertex 66.06666666666668 188.83333333333334 2.6
      vertex 66.06666666666668 199.4 0
    endloop
  endfacet
  facet normal 1 0 0
    outer loop
      vertex 67.26666666666668 188.83333333333334 0
      vertex 67.26666666666668 199.4 0
      vertex 67.26666666666668 188.83333333333334 2.6
    endloop
  endfacet
  facet normal 0 0 -1
    outer loop
      vertex 66.06666666666668 188.83333333333334 0
      vertex 66.06666666666668 199.4 0
      vertex 67.26666666666668 199.4 0
    endloop
  endfacet
  facet normal 0 0 -1
    outer loop
      vertex 66.06666666666668 199.4 0
      vertex 66.06666666666668 199.7964 0
      vertex 67.26666666666668 199.4 0
    endloop
  endfacet
  facet normal 0 0 -1
    outer loop
      vertex 66.06666666666668 199.7964 0
      vertex 67.26666666666668 199.8036 0
      vertex 67.26666666666668 199.4 0
    endloop
  endfacet
  facet normal 1 0 0
    outer loop
      vertex 67.26666666666668 166.0666666666667 0
      vertex 67.26666666666668 133.93333333333334 20
      vertex 67.26666666666668 155.5 2.6
    endloop
  endfacet
  facet normal -1 0 0
    outer loop
      vertex 66.06666666666668 144.5 2.6
      vertex 66.06666666666668 166.0666666666667 20
      vertex 66.06666666666668 155.5 2.6
    endloop
  endfacet
  facet normal -1 0 0
    outer loop
      vertex 66.06666666666668 166.0666666666667 0
      vertex 66.06666666666668 155.5 2.6
      vertex 66.06666666666668 166.0666666666667 20
    endloop
  endfacet
  facet normal 1 0 0
    outer loop
      vertex 67.26666666666668 167.26666666666668 0
      vertex 67.26666666666668 177.83333333333334 2.6
      vertex 67.26666666666668 167.26666666666668 20
    endloop
  endfacet
  facet normal 1 0 0
    outer loop
      vertex 67.26666666666668 177.83333333333334 2.6
      vertex 67.26666666666668 188.83333333333334 2.6
      vertex 67.26666666666668 167.26666666666668 20
    endloop
  endfacet
  facet normal -1 0 0
    outer loop
      vertex 66.06666666666668 167.26666666666668 0
      vertex 66.06666666666668 199.4 20
      vertex 66.06666666666668 177.83333333333334 2.6
    endloop
  endfacet
  facet normal 1 0 0
    outer loop
      vertex 67.26666666666668 199.4 0
      vertex 67.26666666666668 167.26666666666668 20
      vertex 67.26666666666668 188.83333333333334 2.6
    endloop
  endfacet
  facet normal -1 0 0
    outer loop
      vertex 66.06666666666668 177.83333333333334 2.6
      vertex 66.06666666666668 199.4 20
      vertex 66.06666666666668 188.83333333333334 2.6
    endloop
  endfacet
  facet normal -1 0 0
    outer loop
      vertex 66.06666666666668 199.4 0
      vertex 66.06666666666668 188.83333333333334 2.6
      vertex 66.06666666666668 199.4 20
    endloop
  endfacet
  facet normal -1 0 0
    outer loop
      vertex 66.06666666666668 100.60000000000001 0
      vertex 66.06666666666668 100.60000000000001 20
      vertex 66.06666666666668 132.73333333333335 20
    endloop
  endfacet
  facet normal 1 0 0
    outer loop
      vertex 67.26666666666668 132.73333333333335 0
      vertex 67.26666666666668 132.73333333333335 20
      vertex 67.26666666666668 100.60000000000001 20
    endloop
  endfacet
  facet normal -1 0 0
    outer loop
      vertex 66.06666666666668 133.93333333333334 0
      vertex 66.06666666666668 133.93333333333334 20
      vertex 66.06666666666668 166.0666666666667 20
    endloop
  endfacet
  facet normal 0 0 1
    outer loop
      vertex 66.06666666666668 100.60000000000001 20
      vertex 67.26666666666668 100.60000000000001 20
      vertex 67.26666666666668 132.73333333333335 20
    endloop
  endfacet
  facet normal 0 0 1
    outer loop
      vertex 66.06666666666668 100.60000000000001 20
      vertex 67.26666666666668 132.73333333333335 20
      vertex 66.06666666666668 132.73333333333335 20
    endloop
  endfacet
  facet normal 0 0 1
    outer loop
      vertex 66.06666666666668 133.93333333333334 20
      vertex 67.26666666666668 133.93333333333334 20
      vertex 67.26666666666668 166.0666666666667 20
    endloop
  endfacet
  facet normal 1 0 0
    outer loop
      vertex 67.26666666666668 166.0666666666667 0
      vertex 67.26666666666668 166.0666666666667 20
      vertex 67.26666666666668 133.93333333333334 20
    endloop
  endfacet
  facet normal -1 0 0
    outer loop
      vertex 66.06666666666668 167.26666666666668 0
      vertex 66.06666666666668 167.26666666666668 20
      vertex 66.06666666666668 199.4 20
    endloop
  endfacet
  facet normal 1 0 0
    outer loop
      vertex 67.26666666666668 199.4 0
      vertex 67.26666666666668 199.4 20
      vertex 67.26666666666668 167.26666666666668 20
    endloop
  endfacet
  facet normal 0 0 1
    outer loop
      vertex 66.06666666666668 133.93333333333334 20
      vertex 67.26666666666668 166.0666666666667 20
      vertex 66.06666666666668 166.0666666666667 20
    endloop
  endfacet
  facet normal 0 0 1
    outer loop
      vertex 66.06666666666668 167.26666666666668 20
      vertex 67.26666666666668 167.26666666666668 20
      vertex 67.26666666666668 199.4 20
    endloop
  endfacet
  facet normal 0 0 1
    outer loop
      vertex 66.06666666666668 167.26666666666668 20
      vertex 67.26666666666668 199.4 20
      vertex 66.06666666666668 199.4 20
    endloop
  endfacet
  facet normal 0 0 -1
    outer loop
      vertex 99.4 0.6 0
      vertex 99.4 11.166666666666668 0
      vertex 100.60000000000001 11.166666666666668 0
    endloop
  endfacet
  facet normal -1 0 0
    outer loop
      vertex 99.4 0.6 0
      vertex 99.4 11.166666666666668 2.6
      vertex 99.4 11.166666666666668 0
    endloop
  endfacet
  facet normal -1 0 0
    outer loop
      vertex 99.4 22.166666666666668 0
      vertex 99.4 22.166666666666668 2.6
      vertex 99.4 32.733333333333334 0
    endloop
  endfacet
  facet normal 0 0 -1
    outer loop
      vertex 99.4 22.166666666666668 0
      vertex 99.4 32.733333333333334 0
      vertex 100.60000000000001 44.5 0
    endloop
  endfacet
  facet normal 0 0 -1
    outer loop
      vertex 99.4 32.733333333333334 0
      vertex 99.4 33.93333333333334 0
      vertex 100.60000000000001 44.5 0
    endloop
  endfacet
  facet normal 0 0 -1
    outer loop
      vertex 99.4 33.93333333333334 0
      vertex 99.4 44.5 0
      vertex 100.60000000000001 44.5 0
    endloop
  endfacet
  facet normal -1 0 0
    outer loop
      vertex 99.4 33.93333333333334 0
      vertex 99.4 44.5 2.6
      vertex 99.4 44.5 0
    endloop
  endfacet
  facet normal -1 0 0
    outer loop
      vertex 99.4 0.6 0
      vertex 99.4 32.733333333333334 20
      vertex 99.4 11.166666666666668 2.6
    endloop
  endfacet
  facet normal -1 0 0
    outer loop
      vertex 99.4 11.166666666666668 2.6
      vertex 99.4 32.733333333333334 20
      vertex 99.4 22.166666666666668 2.6
    endloop
  endfacet
  facet normal -1 0 0
    outer loop
      vertex 99.4 22.166666666666668 2.6
      vertex 99.4 32.733333333333334 20
      vertex 99.4 32.733333333333334 0
    endloop
  endfacet
  facet normal -1 0 0
    outer loop
      vertex 99.4 33.93333333333334 0
      vertex 99.4 66.06666666666668 20
      vertex 99.4 44.5 2.6
    endloop
  endfacet
  facet normal -1 0 0
    outer loop
      vertex 99.4 55.5 0
      vertex 99.4 55.5 2.6
      vertex 99.4 66.06666666666668 0
    endloop
  endfacet
  facet normal 0 0 -1
    outer loop
      vertex 99.4 55.5 0
      vertex 99.4 66.06666666666668 0
      vertex 100.60000000000001 77.83333333333334 0
    endloop
  endfacet
  facet normal 0 0 -1
    outer loop
      vertex 99.4 66.06666666666668 0
      vertex 99.4 67.26666666666668 0
      vertex 100.60000000000001 77.83333333333334 0
    endloop
  endfacet
  facet normal 0 0 -1
    outer loop
      vertex 99.4 67.26666666666668 0
      vertex 99.4 77.83333333333334 0
      vertex 100.60000000000001 77.83333333333334 0
    endloop
  endfacet
  facet normal -1 0 0
    outer loop
      vertex 99.4 67.26666666666668 0
      vertex 99.4 77.83333333333334 2.6
      vertex 99.4 77.83333333333334 0
    endloop
  endfacet
  facet normal -1 0 0
    outer loop
      vertex 99.4 88.83333333333334 0
      vertex 99.4 88.83333333333334 2.6
      vertex 99.4 99.4 0
    endloop
  endfacet
  facet normal 0 0 -1
    outer loop
      vertex 99.4 88.83333333333334 0
      vertex 99.4 99.4 0
      vertex 100.60000000000001 111.16666666666667 0
    endloop
  endfacet
  facet normal -1 0 0
    outer loop
      vertex 99.4 44.5 2.6
      vertex 99.4 66.06666666666668 20
      vertex 99.4 55.5 2.6
    endloop
  endfacet
  facet normal -1 0 0
    outer loop
      vertex 99.4 66.06666666666668 0
      vertex 99.4 55.5 2.6
      vertex 99.4 66.06666666666668 20
    endloop
  endfacet
  facet normal -1 0 0
    outer loop
      vertex 99.4 67.26666666666668 0
      vertex 99.4 99.4 20
      vertex 99.4 77.83333333333334 2.6
    endloop
  endfacet
  facet normal -1 0 0
    outer loop
      vertex 99.4 77.83333333333334 2.6
      vertex 99.4 99.4 20
      vertex 99.4 88.83333333333334 2.6
    endloop
  endfacet
  facet normal -1 0 0
    outer loop
      vertex 99.4 99.4 0
      vertex 99.4 88.83333333333334 2.6
      vertex 99.4 99.4 20
    endloop
  endfacet
  facet normal -1 0 0
    outer loop
      vertex 99.4 0.6 0
      vertex 99.4 0.6 20
      vertex 99.4 32.733333333333334 20
    endloop
  endfacet
  facet normal -1 0 0
    outer loop
      vertex 99.4 33.93333333333334 0
      vertex 99.4 33.93333333333334 20
      vertex 99.4 66.06666666666668 20
    endloop
  endfacet
  facet normal 0 0 1
    outer loop
      vertex 99.4 0.6 20
      vertex 100.60000000000001 32.733333333333334 20
      vertex 99.4 32.733333333333334 20
    endloop
  endfacet
  facet normal -1 0 0
    outer loop
      vertex 99.4 67.26666666666668 0
      vertex 99.4 67.26666666666668 20
      vertex 99.4 99.4 20
    endloop
  endfacet
  facet normal 0 0 1
    outer loop
      vertex 99.4 33.93333333333334 20
      vertex 100.60000000000001 66.06666666666668 20
      vertex 99.4 66.06666666666668 20
    endloop
  endfacet
  facet normal 0 0 1
    outer loop
      vertex 99.4 67.26666666666668 20
      vertex 100.60000000000001 99.4 20
      vertex 99.4 99.4 20
    endloop
  endfacet
  facet normal 0 0 -1
    outer loop
      vertex 99.4 99.4 0
      vertex 99.4 100.60000000000001 0
      vertex 100.60000000000001 111.16666666666667 0
    endloop
  endfacet
  facet normal 0 0 -1
    outer loop
      vertex 99.4 100.60000000000001 0
      vertex 99.4 111.16666666666667 0
      vertex 100.60000000000001 111.16666666666667 0
    endloop
  endfacet
  facet normal -1 0 0
    outer loop
      vertex 99.4 100.60000000000001 0
      vertex 99.4 111.16666666666667 2.6
      vertex 99.4 111.16666666666667 0
    endloop
  endfacet
  facet normal -1 0 0
    outer loop
      vertex 99.4 122.16666666666667 0
      vertex 99.4 122.16666666666667 2.6
      vertex 99.4 132.73333333333335 0
    endloop
  endfacet
  facet normal 0 0 -1
    outer loop
      vertex 99.4 122.16666666666667 0
      vertex 99.4 132.73333333333335 0
      vertex 100.60000000000001 144.5 0
    endloop
  endfacet
  facet normal 0 0 -1
    outer loop
      vertex 99.4 132.73333333333335 0
      vertex 99.4 133.93333333333334 0
      vertex 100.60000000000001 144.5 0
    endloop
  endfacet
  facet normal 0 0 -1
    outer loop
      vertex 99.4 133.93333333333334 0
      vertex 99.4 144.5 0
      vertex 100.60000000000001 144.5 0
    endloop
  endfacet
  facet normal -1 0 0
    outer loop
      vertex 99.4 133.93333333333334 0
      vertex 99.4 144.5 2.6
      vertex 99.4 144.5 0
    endloop
  endfacet
  facet normal -1 0 0
    outer loop
      vertex 99.4 100.60000000000001 0
      vertex 99.4 132.73333333333335 20
      vertex 99.4 111.16666666666667 2.6
    endloop
  endfacet
  facet normal -1 0 0
    outer loop
      vertex 99.4 111.16666666666667 2.6
      vertex 99.4 132.73333333333335 20
      vertex 99.4 122.16666666666667 2.6
    endloop
  endfacet
  facet normal -1 0 0
    outer loop
      vertex 99.4 122.16666666666667 2.6
      vertex 99.4 132.73333333333335 20
      vertex 99.4 132.73333333333335 0
    endloop
  endfacet
  facet normal -1 0 0
    outer loop
      vertex 99.4 133.93333333333334 0
      vertex 99.4 166.0666666666667 20
      vertex 99.4 144.5 2.6
    endloop
  endfacet
  facet normal -1 0 0
    outer loop
      vertex 99.4 155.5 0
      vertex 99.4 155.5 2.6
      vertex 99.4 166.0666666666667 0
    endloop
  endfacet
  facet normal 0 0 -1
    outer loop
      vertex 99.4 155.5 0
      vertex 99.4 166.0666666666667 0
      vertex 100.60000000000001 177.83333333333334 0
    endloop
  endfacet
  facet normal 0 0 -1
    outer loop
      vertex 99.4 166.0666666666667 0
      vertex 99.4 167.26666666666668 0
      vertex 100.60000000000001 177.83333333333334 0
    endloop
  endfacet
  facet normal 0 0 -1
    outer loop
      vertex 99.4 167.26666666666668 0
      vertex 99.4 177.83333333333334 0
      vertex 100.60000000000001 177.83333333333334 0
    endloop
  endfacet
  facet normal -1 0 0
    outer loop
      vertex 99.4 167.26666666666668 0
      vertex 99.4 177.83333333333334 2.6
      vertex 99.4 177.83333333333334 0
    endloop
  endfacet
  facet normal -1 0 0
    outer loop
      vertex 99.4 188.83333333333334 0
      vertex 99.4 188.83333333333334 2.6
      vertex 99.4 199.4 0
    endloop
  endfacet
  facet normal 0 0 -1
    outer loop
      vertex 99.4 188.83333333333334 0
      vertex 99.4 199.4 0
      vertex 100.60000000000001 199.4 0
    endloop
  endfacet
  facet normal -1 0 0
    outer loop
      vertex 99.4 144.5 2.6
      vertex 99.4 166.0666666666667 20
      vertex 99.4 155.5 2.6
    endloop
  endfacet
  facet normal -1 0 0
    outer loop
      vertex 99.4 166.0666666666667 0
      vertex 99.4 155.5 2.6
      vertex 99.4 166.0666666666667 20
    endloop
  endfacet
  facet normal -1 0 0
    outer loop
      vertex 99.4 167.26666666666668 0
      vertex 99.4 199.4 20
      vertex 99.4 177.83333333333334 2.6
    endloop
  endfacet
  facet normal -1 0 0
    outer loop
      vertex 99.4 177.83333333333334 2.6
      vertex 99.4 199.4 20
      vertex 99.4 188.83333333333334 2.6
    endloop
  endfacet
  facet normal -1 0 0
    outer loop
      vertex 99.4 199.4 0
      vertex 99.4 188.83333333333334 2.6
      vertex 99.4 199.4 20
    endloop
  endfacet
  facet normal -1 0 0
    outer loop
      vertex 99.4 100.60000000000001 0
      vertex 99.4 100.60000000000001 20
      vertex 99.4 132.73333333333335 20
    endloop
  endfacet
  facet normal -1 0 0
    outer loop
      vertex 99.4 133.93333333333334 0
      vertex 99.4 133.93333333333334 20
      vertex 99.4 166.0666666666667 20
    endloop
  endfacet
  facet normal 0 0 1
    outer loop
      vertex 99.4 100.60000000000001 20
      vertex 100.60000000000001 132.73333333333335 20
      vertex 99.4 132.73333333333335 20
    endloop
  endfacet
  facet normal -1 0 0
    outer loop
      vertex 99.4 167.26666666666668 0
      vertex 99.4 167.26666666666668 20
      vertex 99.4 199.4 20
    endloop
  endfacet
  facet normal 0 0 1
    outer loop
      vertex 99.4 133.93333333333334 20
      vertex 100.60000000000001 166.0666666666667 20
      vertex 99.4 166.0666666666667 20
    endloop
  endfacet
  facet normal 0 0 1
    outer loop
      vertex 99.4 167.26666666666668 20
      vertex 100.60000000000001 199.4 20
      vertex 99.4 199.4 20
    endloop
  endfacet
  facet normal 0 0 -1
    outer loop
      vertex 99.4 0.6 0
      vertex 100.60000000000001 11.166666666666668 0
      vertex 100.60000000000001 0.6 0
    endloop
  endfacet
  facet normal 1 0 0
    outer loop
      vertex 100.60000000000001 0.6 0
      vertex 100.60000000000001 11.166666666666668 0
      vertex 100.60000000000001 11.166666666666668 2.6
    endloop
  endfacet
  facet normal 0 0 -1
    outer loop
      vertex 99.4 22.166666666666668 0
      vertex 100.60000000000001 32.733333333333334 0
      vertex 100.60000000000001 22.166666666666668 0
    endloop
  endfacet
  facet normal 0 0 -1
    outer loop
      vertex 99.4 22.166666666666668 0
      vertex 100.60000000000001 33.93333333333334 0
      vertex 100.60000000000001 32.733333333333334 0
    endloop
  endfacet
  facet normal 1 0 0
    outer loop
      vertex 100.60000000000001 22.166666666666668 0
      vertex 100.60000000000001 32.733333333333334 0
      vertex 100.60000000000001 22.166666666666668 2.6
    endloop
  endfacet
  facet normal 0 0 -1
    outer loop
      vertex 99.4 22.166666666666668 0
      vertex 100.60000000000001 44.5 0
      vertex 100.60000000000001 33.93333333333334 0
    endloop
  endfacet
  facet normal 1 0 0
    outer loop
      vertex 100.60000000000001 33.93333333333334 0
      vertex 100.60000000000001 44.5 0
      vertex 100.60000000000001 44.5 2.6
    endloop
  endfacet
  facet normal 1 0 0
    outer loop
      vertex 100.60000000000001 0.6 0
      vertex 100.60000000000001 11.166666666666668 2.6
      vertex 100.60000000000001 0.6 20
    endloop
  endfacet
  facet normal 1 0 0
    outer loop
      vertex 100.60000000000001 11.166666666666668 2.6
      vertex 100.60000000000001 22.166666666666668 2.6
      vertex 100.60000000000001 0.6 20
    endloop
  endfacet
  facet normal 1 0 0
    outer loop
      vertex 100.60000000000001 22.166666666666668 2.6
      vertex 100.60000000000001 32.733333333333334 0
      vertex 100.60000000000001 0.6 20
    endloop
  endfacet
  facet normal 1 0 0
    outer loop
      vertex 100.60000000000001 33.93333333333334 0
      vertex 100.60000000000001 44.5 2.6
      vertex 100.60000000000001 33.93333333333334 20
    endloop
  endfacet
  facet normal 1 0 0
    outer loop
      vertex 100.60000000000001 44.5 2.6
      vertex 100.60000000000001 55.5 2.6
      vertex 100.60000000000001 33.93333333333334 20
    endloop
  endfacet
  facet normal 0 0 -1
    outer loop
      vertex 99.4 55.5 0
      vertex 100.60000000000001 66.06666666666668 0
      vertex 100.60000000000001 55.5 0
    endloop
  endfacet
  facet normal 1 0 0
    outer loop
      vertex 100.60000000000001 55.5 0
      vertex 100.60000000000001 66.06666666666668 0
      vertex 100.60000000000001 55.5 2.6
    endloop
  endfacet
  facet normal 0 0 -1
    outer loop
      vertex 99.4 55.5 0
      vertex 100.60000000000001 67.26666666666668 0
      vertex 100.60000000000001 66.06666666666668 0
    endloop
  endfacet
  facet normal 0 0 -1
    outer loop
      vertex 99.4 55.5 0
      vertex 100.60000000000001 77.83333333333334 0
      vertex 100.60000000000001 67.26666666666668 0
    endloop
  endfacet
  facet normal 1 0 0
    outer loop
      vertex 100.60000000000001 67.26666666666668 0
      vertex 100.60000000000001 77.83333333333334 0
      vertex 100.60000000000001 77.83333333333334 2.6
    endloop
  endfacet
  facet normal 0 0 -1
    outer loop
      vertex 99.4 88.83333333333334 0
      vertex 100.60000000000001 99.4 0
      vertex 100.60000000000001 88.83333333333334 0
    endloop
  endfacet
  facet normal 1 0 0
    outer loop
      vertex 100.60000000000001 88.83333333333334 0
      vertex 100.60000000000001 99.4 0
      vertex 100.60000000000001 88.83333333333334 2.6
    endloop
  endfacet
  facet normal 0 0 -1
    outer loop
      vertex 99.4 88.83333333333334 0
      vertex 100.60000000000001 100.60000000000001 0
      vertex 100.60000000000001 99.4 0
    endloop
  endfacet
  facet normal 1 0 0
    outer loop
      vertex 100.60000000000001 66.06666666666668 0
      vertex 100.60000000000001 33.93333333333334 20
      vertex 100.60000000000001 55.5 2.6
    endloop
  endfacet
  facet normal 1 0 0
    outer loop
      vertex 100.60000000000001 67.26666666666668 0
      vertex 100.60000000000001 77.83333333333334 2.6
      vertex 100.60000000000001 67.26666666666668 20
    endloop
  endfacet
  facet normal 1 0 0
    outer loop
      vertex 100.60000000000001 77.83333333333334 2.6
      vertex 100.60000000000001 88.83333333333334 2.6
      vertex 100.60000000000001 67.26666666666668 20
    endloop
  endfacet
  facet normal 1 0 0
    outer loop
      vertex 100.60000000000001 99.4 0
      vertex 100.60000000000001 67.26666666666668 20
      vertex 100.60000000000001 88.83333333333334 2.6
    endloop
  endfacet
  facet normal 1 0 0
    outer loop
      vertex 100.60000000000001 32.733333333333334 0
      vertex 100.60000000000001 32.733333333333334 20
      vertex 100.60000000000001 0.6 20
    endloop
  endfacet
  facet normal 0 0 1
    outer loop
      vertex 99.4 0.6 20
      vertex 100.60000000000001 0.6 20
      vertex 100.60000000000001 32.733333333333334 20
    endloop
  endfacet
  facet normal 0 0 1
    outer loop
      vertex 99.4 33.93333333333334 20
      vertex 100.60000000000001 33.93333333333334 20
      vertex 100.60000000000001 66.06666666666668 20
    endloop
  endfacet
  facet normal 1 0 0
    outer loop
      vertex 100.60000000000001 66.06666666666668 0
      vertex 100.60000000000001 66.06666666666668 20
      vertex 100.60000000000001 33.93333333333334 20
    endloop
  endfacet
  facet normal 1 0 0
    outer loop
      vertex 100.60000000000001 99.4 0
      vertex 100.60000000000001 99.4 20
      vertex 100.60000000000001 67.26666666666668 20
    endloop
  endfacet
  facet normal 0 0 1
    outer loop
      vertex 99.4 67.26666666666668 20
      vertex 100.60000000000001 67.26666666666668 20
      vertex 100.60000000000001 99.4 20
    endloop
  endfacet
  facet normal 0 0 -1
    outer loop
      vertex 99.4 88.83333333333334 0
      vertex 100.60000000000001 111.16666666666667 0
      vertex 100.60000000000001 100.60000000000001 0
    endloop
  endfacet
  facet normal 1 0 0
    outer loop
      vertex 100.60000000000001 100.60000000000001 0
      vertex 100.60000000000001 111.16666666666667 0
      vertex 100.60000000000001 111.16666666666667 2.6
    endloop
  endfacet
  facet normal 0 0 -1
    outer loop
      vertex 99.4 122.16666666666667 0
      vertex 100.60000000000001 132.73333333333335 0
      vertex 100.60000000000001 122.16666666666667 0
    endloop
  endfacet
  facet normal 0 0 -1
    outer loop
      vertex 99.4 122.16666666666667 0
      vertex 100.60000000000001 133.93333333333334 0
      vertex 100.60000000000001 132.73333333333335 0
    endloop
  endfacet
  facet normal 1 0 0
    outer loop
      vertex 100.60000000000001 122.16666666666667 0
      vertex 100.60000000000001 132.73333333333335 0
      vertex 100.60000000000001 122.16666666666667 2.6
    endloop
  endfacet
  facet normal 0 0 -1
    outer loop
      vertex 99.4 122.16666666666667 0
      vertex 100.60000000000001 144.5 0
      vertex 100.60000000000001 133.93333333333334 0
    endloop
  endfacet
  facet normal 1 0 0
    outer loop
      vertex 100.60000000000001 133.93333333333334 0
      vertex 100.60000000000001 144.5 0
      vertex 100.60000000000001 144.5 2.6
    endloop
  endfacet
  facet normal 1 0 0
    outer loop
      vertex 100.60000000000001 100.60000000000001 0
      vertex 100.60000000000001 111.16666666666667 2.6
      vertex 100.60000000000001 100.60000000000001 20
    endloop
  endfacet
  facet normal 1 0 0
    outer loop
      vertex 100.60000000000001 111.16666666666667 2.6
      vertex 100.60000000000001 122.16666666666667 2.6
      vertex 100.60000000000001 100.60000000000001 20
    endloop
  endfacet
  facet normal 1 0 0
    outer loop
      vertex 100.60000000000001 122.16666666666667 2.6
      vertex 100.60000000000001 132.73333333333335 0
      vertex 100.60000000000001 100.60000000000001 20
    endloop
  endfacet
  facet normal 1 0 0
    outer loop
      vertex 100.60000000000001 133.93333333333334 0
      vertex 100.60000000000001 144.5 2.6
      vertex 100.60000000000001 133.93333333333334 20
    endloop
  endfacet
  facet normal 1 0 0
    outer loop
      vertex 100.60000000000001 144.5 2.6
      vertex 100.60000000000001 155.5 2.6
      vertex 100.60000000000001 133.93333333333334 20
    endloop
  endfacet
  facet normal 0 0 -1
    outer loop
      vertex 99.4 155.5 0
      vertex 100.60000000000001 166.0666666666667 0
      vertex 100.60000000000001 155.5 0
    endloop
  endfacet
  facet normal 1 0 0
    outer loop
      vertex 100.60000000000001 155.5 0
      vertex 100.60000000000001 166.0666666666667 0
      vertex 100.60000000000001 155.5 2.6
    endloop
  endfacet
  facet normal 0 0 -1
    outer loop
      vertex 99.4 155.5 0
      vertex 100.60000000000001 167.26666666666668 0
      vertex 100.60000000000001 166.0666666666667 0
    endloop
  endfacet
  facet normal 0 0 -1
    outer loop
      vertex 99.4 155.5 0
      vertex 100.60000000000001 177.83333333333334 0
      vertex 100.60000000000001 167.26666666666668 0
    endloop
  endfacet
  facet normal 1 0 0
    outer loop
      vertex 100.60000000000001 167.26666666666668 0
      vertex 100.60000000000001 177.83333333333334 0
      vertex 100.60000000000001 177.83333333333334 2.6
    endloop
  endfacet
  facet normal 0 0 -1
    outer loop
      vertex 99.4 188.83333333333334 0
      vertex 100.60000000000001 199.4 0
      vertex 100.60000000000001 188.83333333333334 0
    endloop
  endfacet
  facet normal 1 0 0
    outer loop
      vertex 100.60000000000001 188.83333333333334 0
      vertex 100.60000000000001 199.4 0
      vertex 100.60000000000001 188.83333333333334 2.6
    endloop
  endfacet
  facet normal 1 0 0
    outer loop
      vertex 100.60000000000001 166.0666666666667 0
      vertex 100.60000000000001 133.93333333333334 20
      vertex 100.60000000000001 155.5 2.6
    endloop
  endfacet
  facet normal 1 0 0
    outer loop
      vertex 100.60000000000001 167.26666666666668 0
      vertex 100.60000000000001 177.83333333333334 2.6
      vertex 100.60000000000001 167.26666666666668 20
    endloop
  endfacet
  facet normal 1 0 0
    outer loop
      vertex 100.60000000000001 177.83333333333334 2.6
      vertex 100.60000000000001 188.83333333333334 2.6
      vertex 100.60000000000001 167.26666666666668 20
    endloop
  endfacet
  facet normal 1 0 0
    outer loop
      vertex 100.60000000000001 199.4 0
      vertex 100.60000000000001 167.26666666666668 20
      vertex 100.60000000000001 188.83333333333334 2.6
    endloop
  endfacet
  facet normal 1 0 0
    outer loop
      vertex 100.60000000000001 132.73333333333335 0
      vertex 100.60000000000001 132.73333333333335 20
      vertex 100.60000000000001 100.60000000000001 20
    endloop
  endfacet
  facet normal 0 0 1
    outer loop
      vertex 99.4 100.60000000000001 20
      vertex 100.60000000000001 100.60000000000001 20
      vertex 100.60000000000001 132.73333333333335 20
    endloop
  endfacet
  facet normal 0 0 1
    outer loop
      vertex 99.4 133.93333333333334 20
      vertex 100.60000000000001 133.93333333333334 20
      vertex 100.60000000000001 166.0666666666667 20
    endloop
  endfacet
  facet normal 1 0 0
    outer loop
      vertex 100.60000000000001 166.0666666666667 0
      vertex 100.60000000000001 166.0666666666667 20
      vertex 100.60000000000001 133.93333333333334 20
    endloop
  endfacet
  facet normal 1 0 0
    outer loop
      vertex 100.60000000000001 199.4 0
      vertex 100.60000000000001 199.4 20
      vertex 100.60000000000001 167.26666666666668 20
    endloop
  endfacet
  facet normal 0 0 1
    outer loop
      vertex 99.4 167.26666666666668 20
      vertex 100.60000000000001 167.26666666666668 20
      vertex 100.60000000000001 199.4 20
    endloop
  endfacet
  facet normal 0 0 -1
    outer loop
      vertex 132.73333333333335 0.19640000000000007 0
      vertex 132.73333333333335 0.6 0
      vertex 133.93333333333334 0.2036 0
    endloop
  endfacet
  facet normal 0 0 -1
    outer loop
      vertex 132.73333333333335 0.6 0
      vertex 133.93333333333334 0.6 0
      vertex 133.93333333333334 0.2036 0
    endloop
  endfacet
  facet normal 0 0 -1
    outer loop
      vertex 132.73333333333335 0.6 0
      vertex 133.93333333333334 11.166666666666668 0
      vertex 133.93333333333334 0.6 0
    endloop
  endfacet
  facet normal 0 0 -1
    outer loop
      vertex 132.73333333333335 0.6 0
      vertex 132.73333333333335 11.166666666666668 0
      vertex 133.93333333333334 11.166666666666668 0
    endloop
  endfacet
  facet normal -1 0 0
    outer loop
      vertex 132.73333333333335 0.6 0
      vertex 132.73333333333335 11.166666666666668 2.6
      vertex 132.73333333333335 11.166666666666668 0
    endloop
  endfacet
  facet normal 1 0 0
    outer loop
      vertex 133.93333333333334 0.6 0
      vertex 133.93333333333334 11.166666666666668 0
      vertex 133.93333333333334 11.166666666666668 2.6
    endloop
  endfacet
  facet normal 0 0 -1
    outer loop
      vertex 132.73333333333335 22.166666666666668 0
      vertex 133.93333333333334 32.733333333333334 0
      vertex 133.93333333333334 22.166666666666668 0
    endloop
  endfacet
  facet normal 0 0 -1
    outer loop
      vertex 132.73333333333335 22.166666666666668 0
      vertex 133.93333333333334 33.93333333333334 0
      vertex 133.93333333333334 32.733333333333334 0
    endloop
  endfacet
  facet normal -1 0 0
    outer loop
      vertex 132.73333333333335 22.166666666666668 0
      vertex 132.73333333333335 22.166666666666668 2.6
      vertex 132.73333333333335 32.733333333333334 0
    endloop
  endfacet
  facet normal 1 0 0
    outer loop
      vertex 133.93333333333334 22.166666666666668 0
      vertex 133.93333333333334 32.733333333333334 0
      vertex 133.93333333333334 22.166666666666668 2.6
    endloop
  endfacet
  facet normal 0 0 -1
    outer loop
      vertex 132.73333333333335 22.166666666666668 0
      vertex 132.73333333333335 32.733333333333334 0
      vertex 133.93333333333334 44.5 0
    endloop
  endfacet
  facet normal 0 0 -1
    outer loop
      vertex 132.73333333333335 22.166666666666668 0
      vertex 133.93333333333334 44.5 0
      vertex 133.93333333333334 33.93333333333334 0
    endloop
  endfacet
  facet normal 0 0 -1
    outer loop
      vertex 132.73333333333335 32.733333333333334 0
      vertex 132.73333333333335 33.93333333333334 0
      vertex 133.93333333333334 44.5 0
    endloop
  endfacet
  facet normal 0 0 -1
    outer loop
      vertex 132.73333333333335 33.93333333333334 0
      vertex 132.73333333333335 44.5 0
      vertex 133.93333333333334 44.5 0
    endloop
  endfacet
  facet normal -1 0 0
    outer loop
      vertex 132.73333333333335 33.93333333333334 0
      vertex 132.73333333333335 44.5 2.6
      vertex 132.73333333333335 44.5 0
    endloop
  endfacet
  facet normal 1 0 0
    outer loop
      vertex 133.93333333333334 33.93333333333334 0
      vertex 133.93333333333334 44.5 0
      vertex 133.93333333333334 44.5 2.6
    endloop
  endfacet
  facet normal 1 0 0
    outer loop
      vertex 133.93333333333334 0.6 0
      vertex 133.93333333333334 11.166666666666668 2.6
      vertex 133.93333333333334 0.6 20
    endloop
  endfacet
  facet normal 1 0 0
    outer loop
      vertex 133.93333333333334 11.166666666666668 2.6
      vertex 133.93333333333334 22.166666666666668 2.6
      vertex 133.93333333333334 0.6 20
    endloop
  endfacet
  facet normal -1 0 0
    outer loop
      vertex 132.73333333333335 0.6 0
      vertex 132.73333333333335 32.733333333333334 20
      vertex 132.73333333333335 11.166666666666668 2.6
    endloop
  endfacet
  facet normal 1 0 0
    outer loop
      vertex 133.93333333333334 22.166666666666668 2.6
      vertex 133.93333333333334 32.733333333333334 0
      vertex 133.93333333333334 0.6 20
    endloop
  endfacet
  facet normal -1 0 0
    outer loop
      vertex 132.73333333333335 11.166666666666668 2.6
      vertex 132.73333333333335 32.733333333333334 20
      vertex 132.73333333333335 22.166666666666668 2.6
    endloop
  endfacet
  facet normal -1 0 0
    outer loop
      vertex 132.73333333333335 22.166666666666668 2.6
      vertex 132.73333333333335 32.733333333333334 20
      vertex 132.73333333333335 32.733333333333334 0
    endloop
  endfacet
  facet normal 1 0 0
    outer loop
      vertex 133.93333333333334 33.93333333333334 0
      vertex 133.93333333333334 44.5 2.6
      vertex 133.93333333333334 33.93333333333334 20
    endloop
  endfacet
  facet normal -1 0 0
    outer loop
      vertex 132.73333333333335 33.93333333333334 0
      vertex 132.73333333333335 66.06666666666668 20
      vertex 132.73333333333335 44.5 2.6
    endloop
  endfacet
  facet normal 1 0 0
    outer loop
      vertex 133.93333333333334 44.5 2.6
      vertex 133.93333333333334 55.5 2.6
      vertex 133.93333333333334 33.93333333333334 20
    endloop
  endfacet
  facet normal 0 0 -1
    outer loop
      vertex 132.73333333333335 55.5 0
      vertex 133.93333333333334 66.06666666666668 0
      vertex 133.93333333333334 55.5 0
    endloop
  endfacet
  facet normal -1 0 0
    outer loop
      vertex 132.73333333333335 55.5 0
      vertex 132.73333333333335 55.5 2.6
      vertex 132.73333333333335 66.06666666666668 0
    endloop
  endfacet
  facet normal 1 0 0
    outer loop
      vertex 133.93333333333334 55.5 0
      vertex 133.93333333333334 66.06666666666668 0
      vertex 133.93333333333334 55.5 2.6
    endloop
  endfacet
  facet normal 0 0 -1
    outer loop
      vertex 132.73333333333335 55.5 0
      vertex 133.93333333333334 67.26666666666668 0
      vertex 133.93333333333334 66.06666666666668 0
    endloop
  endfacet
  facet normal 0 0 -1
    outer loop
      vertex 132.73333333333335 55.5 0
      vertex 132.73333333333335 66.06666666666668 0
      vertex 133.93333333333334 77.83333333333334 0
    endloop
  endfacet
  facet normal 0 0 -1
    outer loop
      vertex 132.73333333333335 55.5 0
      vertex 133.93333333333334 77.83333333333334 0
      vertex 133.93333333333334 67.26666666666668 0
    endloop
  endfacet
  facet normal 0 0 -1
    outer loop
      vertex 132.73333333333335 66.06666666666668 0
      vertex 132.73333333333335 67.26666666666668 0
      vertex 133.93333333333334 77.83333333333334 0
    endloop
  endfacet
  facet normal 0 0 -1
    outer loop
      vertex 132.73333333333335 67.26666666666668 0
      vertex 132.73333333333335 77.83333333333334 0
      vertex 133.93333333333334 77.83333333333334 0
    endloop
  endfacet
  facet normal -1 0 0
    outer loop
      vertex 132.73333333333335 67.26666666666668 0
      vertex 132.73333333333335 77.83333333333334 2.6
      vertex 132.73333333333335 77.83333333333334 0
    endloop
  endfacet
  facet normal 1 0 0
    outer loop
      vertex 133.93333333333334 67.26666666666668 0
      vertex 133.93333333333334 77.83333333333334 0
      vertex 133.93333333333334 77.83333333333334 2.6
    endloop
  endfacet
  facet normal 0 0 -1
    outer loop
      vertex 132.73333333333335 88.83333333333334 0
      vertex 133.93333333333334 99.4 0
      vertex 133.93333333333334 88.83333333333334 0
    endloop
  endfacet
  facet normal -1 0 0
    outer loop
      vertex 132.73333333333335 88.83333333333334 0
      vertex 132.73333333333335 88.83333333333334 2.6
      vertex 132.73333333333335 99.4 0
    endloop
  endfacet
  facet normal 1 0 0
    outer loop
      vertex 133.93333333333334 88.83333333333334 0
      vertex 133.93333333333334 99.4 0
      vertex 133.93333333333334 88.83333333333334 2.6
    endloop
  endfacet
  facet normal 0 0 -1
    outer loop
      vertex 132.73333333333335 88.83333333333334 0
      vertex 133.93333333333334 100.60000000000001 0
      vertex 133.93333333333334 99.4 0
    endloop
  endfacet
  facet normal 0 0 -1
    outer loop
      vertex 132.73333333333335 88.83333333333334 0
      vertex 132.73333333333335 99.4 0
      vertex 133.93333333333334 111.16666666666667 0
    endloop
  endfacet
  facet normal 1 0 0
    outer loop
      vertex 133.93333333333334 66.06666666666668 0
      vertex 133.93333333333334 33.93333333333334 20
      vertex 133.93333333333334 55.5 2.6
    endloop
  endfacet
  facet normal -1 0 0
    outer loop
      vertex 132.73333333333335 44.5 2.6
      vertex 132.73333333333335 66.06666666666668 20
      vertex 132.73333333333335 55.5 2.6
    endloop
  endfacet
  facet normal -1 0 0
    outer loop
      vertex 132.73333333333335 66.06666666666668 0
      vertex 132.73333333333335 55.5 2.6
      vertex 132.73333333333335 66.06666666666668 20
    endloop
  endfacet
  facet normal 1 0 0
    outer loop
      vertex 133.93333333333334 67.26666666666668 0
      vertex 133.93333333333334 77.83333333333334 2.6
      vertex 133.93333333333334 67.26666666666668 20
    endloop
  endfacet
  facet normal 1 0 0
    outer loop
      vertex 133.93333333333334 77.83333333333334 2.6
      vertex 133.93333333333334 88.83333333333334 2.6
      vertex 133.93333333333334 67.26666666666668 20
    endloop
  endfacet
  facet normal -1 0 0
    outer loop
      vertex 132.73333333333335 67.26666666666668 0
      vertex 132.73333333333335 99.4 20
      vertex 132.73333333333335 77.83333333333334 2.6
    endloop
  endfacet
  facet normal 1 0 0
    outer loop
      vertex 133.93333333333334 99.4 0
      vertex 133.93333333333334 67.26666666666668 20
      vertex 133.93333333333334 88.83333333333334 2.6
    endloop
  endfacet
  facet normal -1 0 0
    outer loop
      vertex 132.73333333333335 77.83333333333334 2.6
      vertex 132.73333333333335 99.4 20
      vertex 132.73333333333335 88.83333333333334 2.6
    endloop
  endfacet
  facet normal -1 0 0
    outer loop
      vertex 132.73333333333335 99.4 0
      vertex 132.73333333333335 88.83333333333334 2.6
      vertex 132.73333333333335 99.4 20
    endloop
  endfacet
  facet normal -1 0 0
    outer loop
      vertex 132.73333333333335 0.6 0
      vertex 132.73333333333335 0.6 20
      vertex 132.73333333333335 32.733333333333334 20
    endloop
  endfacet
  facet normal 1 0 0
    outer loop
      vertex 133.93333333333334 32.733333333333334 0
      vertex 133.93333333333334 32.733333333333334 20
      vertex 133.93333333333334 0.6 20
    endloop
  endfacet
  facet normal -1 0 0
    outer loop
      vertex 132.73333333333335 33.93333333333334 0
      vertex 132.73333333333335 33.93333333333334 20
      vertex 132.73333333333335 66.06666666666668 20
    endloop
  endfacet
  facet normal 0 0 1
    outer loop
      vertex 132.73333333333335 0.6 20
      vertex 133.93333333333334 0.6 20
      vertex 133.93333333333334 32.733333333333334 20
    endloop
  endfacet
  facet normal 0 0 1
    outer loop
      vertex 132.73333333333335 0.6 20
      vertex 133.93333333333334 32.733333333333334 20
      vertex 132.73333333333335 32.733333333333334 20
    endloop
  endfacet
  facet normal 0 0 1
    outer loop
      vertex 132.73333333333335 33.93333333333334 20
      vertex 133.93333333333334 33.93333333333334 20
      vertex 133.93333333333334 66.06666666666668 20
    endloop
  endfacet
  facet normal 1 0 0
    outer loop
      vertex 133.93333333333334 66.06666666666668 0
      vertex 133.93333333333334 66.06666666666668 20
      vertex 133.93333333333334 33.93333333333334 20
    endloop
  endfacet
  facet normal -1 0 0
    outer loop
      vertex 132.73333333333335 67.26666666666668 0
      vertex 132.73333333333335 67.26666666666668 20
      vertex 132.73333333333335 99.4 20
    endloop
  endfacet
  facet normal 1 0 0
    outer loop
      vertex 133.93333333333334 99.4 0
      vertex 133.93333333333334 99.4 20
      vertex 133.93333333333334 67.26666666666668 20
    endloop
  endfacet
  facet normal 0 0 1
    outer loop
      vertex 132.73333333333335 33.93333333333334 20
      vertex 133.93333333333334 66.06666666666668 20
      vertex 132.73333333333335 66.06666666666668 20
    endloop
  endfacet
  facet normal 0 0 1
    outer loop
      vertex 132.73333333333335 67.26666666666668 20
      vertex 133.93333333333334 67.26666666666668 20
      vertex 133.93333333333334 99.4 20
    endloop
  endfacet
  facet normal 0 0 1
    outer loop
      vertex 132.73333333333335 67.26666666666668 20
      vertex 133.93333333333334 99.4 20
      vertex 132.73333333333335 99.4 20
    endloop
  endfacet
  facet normal 0 0 -1
    outer loop
      vertex 132.73333333333335 88.83333333333334 0
      vertex 133.93333333333334 111.16666666666667 0
      vertex 133.93333333333334 100.60000000000001 0
    endloop
  endfacet
  facet normal 0 0 -1
    outer loop
      vertex 132.73333333333335 99.4 0
      vertex 132.73333333333335 100.60000000000001 0
      vertex 133.93333333333334 111.16666666666667 0
    endloop
  endfacet
  facet normal 0 0 -1
    outer loop
      vertex 132.73333333333335 100.60000000000001 0
      vertex 132.73333333333335 111.16666666666667 0
      vertex 133.93333333333334 111.16666666666667 0
    endloop
  endfacet
  facet normal -1 0 0
    outer loop
      vertex 132.73333333333335 100.60000000000001 0
      vertex 132.73333333333335 111.16666666666667 2.6
      vertex 132.73333333333335 111.16666666666667 0
    endloop
  endfacet
  facet normal 1 0 0
    outer loop
      vertex 133.93333333333334 100.60000000000001 0
      vertex 133.93333333333334 111.16666666666667 0
      vertex 133.93333333333334 111.16666666666667 2.6
    endloop
  endfacet
  facet normal 0 0 -1
    outer loop
      vertex 132.73333333333335 122.16666666666667 0
      vertex 133.93333333333334 132.73333333333335 0
      vertex 133.93333333333334 122.16666666666667 0
    endloop
  endfacet
  facet normal 0 0 -1
    outer loop
      vertex 132.73333333333335 122.16666666666667 0
      vertex 133.93333333333334 133.93333333333334 0
      vertex 133.93333333333334 132.73333333333335 0
    endloop
  endfacet
  facet normal -1 0 0
    outer loop
      vertex 132.73333333333335 122.16666666666667 0
      vertex 132.73333333333335 122.16666666666667 2.6
      vertex 132.73333333333335 132.73333333333335 0
    endloop
  endfacet
  facet normal 1 0 0
    outer loop
      vertex 133.93333333333334 122.16666666666667 0
      vertex 133.93333333333334 132.73333333333335 0
      vertex 133.93333333333334 122.16666666666667 2.6
    endloop
  endfacet
  facet normal 0 0 -1
    outer loop
      vertex 132.73333333333335 122.16666666666667 0
      vertex 132.73333333333335 132.73333333333335 0
      vertex 133.93333333333334 144.5 0
    endloop
  endfacet
  facet normal 0 0 -1
    outer loop
      vertex 132.73333333333335 122.16666666666667 0
      vertex 133.93333333333334 144.5 0
      vertex 133.93333333333334 133.93333333333334 0
    endloop
  endfacet
  facet normal 0 0 -1
    outer loop
      vertex 132.73333333333335 132.73333333333335 0
      vertex 132.73333333333335 133.93333333333334 0
      vertex 133.93333333333334 144.5 0
    endloop
  endfacet
  facet normal 0 0 -1
    outer loop
      vertex 132.73333333333335 133.93333333333334 0
      vertex 132.73333333333335 144.5 0
      vertex 133.93333333333334 144.5 0
    endloop
  endfacet
  facet normal -1 0 0
    outer loop
      vertex 132.73333333333335 133.93333333333334 0
      vertex 132.73333333333335 144.5 2.6
      vertex 132.73333333333335 144.5 0
    endloop
  endfacet
  facet normal 1 0 0
    outer loop
      vertex 133.93333333333334 133.93333333333334 0
      vertex 133.93333333333334 144.5 0
      vertex 133.93333333333334 144.5 2.6
    endloop
  endfacet
  facet normal 1 0 0
    outer loop
      vertex 133.93333333333334 100.60000000000001 0
      vertex 133.93333333333334 111.16666666666667 2.6
      vertex 133.93333333333334 100.60000000000001 20
    endloop
  endfacet
  facet normal 1 0 0
    outer loop
      vertex 133.93333333333334 111.16666666666667 2.6
      vertex 133.93333333333334 122.16666666666667 2.6
      vertex 133.93333333333334 100.60000000000001 20
    endloop
  endfacet
  facet normal -1 0 0
    outer loop
      vertex 132.73333333333335 100.60000000000001 0
      vertex 132.73333333333335 132.73333333333335 20
      vertex 132.73333333333335 111.16666666666667 2.6
    endloop
  endfacet
  facet normal 1 0 0
    outer loop
      vertex 133.93333333333334 122.16666666666667 2.6
      vertex 133.93333333333334 132.73333333333335 0
      vertex 133.93333333333334 100.60000000000001 20
    endloop
  endfacet
  facet normal -1 0 0
    outer loop
      vertex 132.73333333333335 111.16666666666667 2.6
      vertex 132.73333333333335 132.73333333333335 20
      vertex 132.73333333333335 122.16666666666667 2.6
    endloop
  endfacet
  facet normal -1 0 0
    outer loop
      vertex 132.73333333333335 122.16666666666667 2.6
      vertex 132.73333333333335 132.73333333333335 20
      vertex 132.73333333333335 132.73333333333335 0
    endloop
  endfacet
  facet normal 1 0 0
    outer loop
      vertex 133.93333333333334 133.93333333333334 0
      vertex 133.93333333333334 144.5 2.6
      vertex 133.93333333333334 133.93333333333334 20
    endloop
  endfacet
  facet normal -1 0 0
    outer loop
      vertex 132.73333333333335 133.93333333333334 0
      vertex 132.73333333333335 166.0666666666667 20
      vertex 132.73333333333335 144.5 2.6
    endloop
  endfacet
  facet normal 1 0 0
    outer loop
      vertex 133.93333333333334 144.5 2.6
      vertex 133.93333333333334 155.5 2.6
      vertex 133.93333333333334 133.93333333333334 20
    endloop
  endfacet
  facet normal 0 0 -1
    outer loop
      vertex 132.73333333333335 155.5 0
      vertex 133.93333333333334 166.0666666666667 0
      vertex 133.93333333333334 155.5 0
    endloop
  endfacet
  facet normal -1 0 0
    outer loop
      vertex 132.73333333333335 155.5 0
      vertex 132.73333333333335 155.5 2.6
      vertex 132.73333333333335 166.0666666666667 0
    endloop
  endfacet
  facet normal 1 0 0
    outer loop
      vertex 133.93333333333334 155.5 0
      vertex 133.93333333333334 166.0666666666667 0
      vertex 133.93333333333334 155.5 2.6
    endloop
  endfacet
  facet normal 0 0 -1
    outer loop
      vertex 132.73333333333335 155.5 0
      vertex 133.93333333333334 167.26666666666668 0
      vertex 133.93333333333334 166.0666666666667 0
    endloop
  endfacet
  facet normal 0 0 -1
    outer loop
      vertex 132.73333333333335 155.5 0
      vertex 132.73333333333335 166.0666666666667 0
      vertex 133.93333333333334 177.83333333333334 0
    endloop
  endfacet
  facet normal 0 0 -1
    outer loop
      vertex 132.73333333333335 155.5 0
      vertex 133.93333333333334 177.83333333333334 0
      vertex 133.93333333333334 167.26666666666668 0
    endloop
  endfacet
  facet normal 0 0 -1
    outer loop
      vertex 132.73333333333335 166.0666666666667 0
      vertex 132.73333333333335 167.26666666666668 0
      vertex 133.93333333333334 177.83333333333334 0
    endloop
  endfacet
  facet normal 0 0 -1
    outer loop
      vertex 132.73333333333335 167.26666666666668 0
      vertex 132.73333333333335 177.83333333333334 0
      vertex 133.93333333333334 177.83333333333334 0
    endloop
  endfacet
  facet normal -1 0 0
    outer loop
      vertex 132.73333333333335 167.26666666666668 0
      vertex 132.73333333333335 177.83333333333334 2.6
      vertex 132.73333333333335 177.83333333333334 0
    endloop
  endfacet
  facet normal 1 0 0
    outer loop
      vertex 133.93333333333334 167.26666666666668 0
      vertex 133.93333333333334 177.83333333333334 0
      vertex 133.93333333333334 177.83333333333334 2.6
    endloop
  endfacet
  facet normal 0 0 -1
    outer loop
      vertex 132.73333333333335 188.83333333333334 0
      vertex 133.93333333333334 199.4 0
      vertex 133.93333333333334 188.83333333333334 0
    endloop
  endfacet
  facet normal -1 0 0
    outer loop
      vertex 132.73333333333335 188.83333333333334 0
      vertex 132.73333333333335 188.83333333333334 2.6
      vertex 132.73333333333335 199.4 0
    endloop
  endfacet
  facet normal 1 0 0
    outer loop
      vertex 133.93333333333334 188.83333333333334 0
      vertex 133.93333333333334 199.4 0
      vertex 133.93333333333334 188.83333333333334 2.6
    endloop
  endfacet
  facet normal 0 0 -1
    outer loop
      vertex 132.73333333333335 188.83333333333334 0
      vertex 132.73333333333335 199.4 0
      vertex 133.93333333333334 199.4 0
    endloop
  endfacet
  facet normal 1 0 0
    outer loop
      vertex 133.93333333333334 166.0666666666667 0
      vertex 133.93333333333334 133.93333333333334 20
      vertex 133.93333333333334 155.5 2.6
    endloop
  endfacet
  facet normal -1 0 0
    outer loop
      vertex 132.73333333333335 144.5 2.6
      vertex 132.73333333333335 166.0666666666667 20
      vertex 132.73333333333335 155.5 2.6
    endloop
  endfacet
  facet normal -1 0 0
    outer loop
      vertex 132.73333333333335 166.0666666666667 0
      vertex 132.73333333333335 155.5 2.6
      vertex 132.73333333333335 166.0666666666667 20
    endloop
  endfacet
  facet normal 1 0 0
    outer loop
      vertex 133.93333333333334 167.26666666666668 0
      vertex 133.93333333333334 177.83333333333334 2.6
      vertex 133.93333333333334 167.26666666666668 20
    endloop
  endfacet
  facet normal 1 0 0
    outer loop
      vertex 133.93333333333334 177.83333333333334 2.6
      vertex 133.93333333333334 188.83333333333334 2.6
      vertex 133.93333333333334 167.26666666666668 20
    endloop
  endfacet
  facet normal -1 0 0
    outer loop
      vertex 132.73333333333335 167.26666666666668 0
      vertex 132.73333333333335 199.4 20
      vertex 132.73333333333335 177.83333333333334 2.6
    endloop
  endfacet
  facet normal 1 0 0
    outer loop
      vertex 133.93333333333334 199.4 0
      vertex 133.93333333333334 167.26666666666668 20
      vertex 133.93333333333334 188.83333333333334 2.6
    endloop
  endfacet
  facet normal -1 0 0
    outer loop
      vertex 132.73333333333335 177.83333333333334 2.6
      vertex 132.73333333333335 199.4 20
      vertex 132.73333333333335 188.83333333333334 2.6
    endloop
  endfacet
  facet normal -1 0 0
    outer loop
      vertex 132.73333333333335 199.4 0
      vertex 132.73333333333335 188.83333333333334 2.6
      vertex 132.73333333333335 199.4 20
    endloop
  endfacet
  facet normal -1 0 0
    outer loop
      vertex 132.73333333333335 100.60000000000001 0
      vertex 132.73333333333335 100.60000000000001 20
      vertex 132.73333333333335 132.73333333333335 20
    endloop
  endfacet
  facet normal 1 0 0
    outer loop
      vertex 133.93333333333334 132.73333333333335 0
      vertex 133.93333333333334 132.73333333333335 20
      vertex 133.93333333333334 100.60000000000001 20
    endloop
  endfacet
  facet normal -1 0 0
    outer loop
      vertex 132.73333333333335 133.93333333333334 0
      vertex 132.73333333333335 133.93333333333334 20
      vertex 132.73333333333335 166.0666666666667 20
    endloop
  endfacet
  facet normal 0 0 1
    outer loop
      vertex 132.73333333333335 100.60000000000001 20
      vertex 133.93333333333334 100.60000000000001 20
      vertex 133.93333333333334 132.73333333333335 20
    endloop
  endfacet
  facet normal 0 0 1
    outer loop
      vertex 132.73333333333335 100.60000000000001 20
      vertex 133.93333333333334 132.73333333333335 20
      vertex 132.73333333333335 132.73333333333335 20
    endloop
  endfacet
  facet normal 0 0 1
    outer loop
      vertex 132.73333333333335 133.93333333333334 20
      vertex 133.93333333333334 133.93333333333334 20
      vertex 133.93333333333334 166.0666666666667 20
    endloop
  endfacet
  facet normal 1 0 0
    outer loop
      vertex 133.93333333333334 166.0666666666667 0
      vertex 133.93333333333334 166.0666666666667 20
      vertex 133.93333333333334 133.93333333333334 20
    endloop
  endfacet
  facet normal -1 0 0
    outer loop
      vertex 132.73333333333335 167.26666666666668 0
      vertex 132.73333333333335 167.26666666666668 20
      vertex 132.73333333333335 199.4 20
    endloop
  endfacet
  facet normal 1 0 0
    outer loop
      vertex 133.93333333333334 199.4 0
      vertex 133.93333333333334 199.4 20
      vertex 133.93333333333334 167.26666666666668 20
    endloop
  endfacet
  facet normal 0 0 1
    outer loop
      vertex 132.73333333333335 133.93333333333334 20
      vertex 133.93333333333334 166.0666666666667 20
      vertex 132.73333333333335 166.0666666666667 20
    endloop
  endfacet
  facet normal 0 0 1
    outer loop
      vertex 132.73333333333335 167.26666666666668 20
      vertex 133.93333333333334 167.26666666666668 20
      vertex 133.93333333333334 199.4 20
    endloop
  endfacet
  facet normal 0 0 1
    outer loop
      vertex 132.73333333333335 167.26666666666668 20
      vertex 133.93333333333334 199.4 20
      vertex 132.73333333333335 199.4 20
    endloop
  endfacet
  facet normal 0 0 -1
    outer loop
      vertex 166.0666666666667 0.3964000000000001 0
      vertex 166.0666666666667 0.6 0
      vertex 167.26666666666668 0.40360000000000007 0
    endloop
  endfacet
  facet normal 0 0 -1
    outer loop
      vertex 166.0666666666667 0.6 0
      vertex 167.26666666666668 0.6 0
      vertex 167.26666666666668 0.40360000000000007 0
    endloop
  endfacet
  facet normal 0 0 -1
    outer loop
      vertex 166.0666666666667 0.6 0
      vertex 167.26666666666668 11.166666666666668 0
      vertex 167.26666666666668 0.6 0
    endloop
  endfacet
  facet normal 0 0 -1
    outer loop
      vertex 166.0666666666667 0.6 0
      vertex 166.0666666666667 11.166666666666668 0
      vertex 167.26666666666668 11.166666666666668 0
    endloop
  endfacet
  facet normal -1 0 0
    outer loop
      vertex 166.0666666666667 0.6 0
      vertex 166.0666666666667 11.166666666666668 2.6
      vertex 166.0666666666667 11.166666666666668 0
    endloop
  endfacet
  facet normal 1 0 0
    outer loop
      vertex 167.26666666666668 0.6 0
      vertex 167.26666666666668 11.166666666666668 0
      vertex 167.26666666666668 11.166666666666668 2.6
    endloop
  endfacet
  facet normal 0 0 -1
    outer loop
      vertex 166.0666666666667 22.166666666666668 0
      vertex 167.26666666666668 32.733333333333334 0
      vertex 167.26666666666668 22.166666666666668 0
    endloop
  endfacet
  facet normal 0 0 -1
    outer loop
      vertex 166.0666666666667 22.166666666666668 0
      vertex 167.26666666666668 33.93333333333334 0
      vertex 167.26666666666668 32.733333333333334 0
    endloop
  endfacet
  facet normal -1 0 0
    outer loop
      vertex 166.0666666666667 22.166666666666668 0
      vertex 166.0666666666667 22.166666666666668 2.6
      vertex 166.0666666666667 32.733333333333334 0
    endloop
  endfacet
  facet normal 1 0 0
    outer loop
      vertex 167.26666666666668 22.166666666666668 0
      vertex 167.26666666666668 32.733333333333334 0
      vertex 167.26666666666668 22.166666666666668 2.6
    endloop
  endfacet
  facet normal 0 0 -1
    outer loop
      vertex 166.0666666666667 22.166666666666668 0
      vertex 166.0666666666667 32.733333333333334 0
      vertex 167.26666666666668 44.5 0
    endloop
  endfacet
  facet normal 0 0 -1
    outer loop
      vertex 166.0666666666667 22.166666666666668 0
      vertex 167.26666666666668 44.5 0
      vertex 167.26666666666668 33.93333333333334 0
    endloop
  endfacet
  facet normal 0 0 -1
    outer loop
      vertex 166.0666666666667 32.733333333333334 0
      vertex 166.0666666666667 33.93333333333334 0
      vertex 167.26666666666668 44.5 0
    endloop
  endfacet
  facet normal 0 0 -1
    outer loop
      vertex 166.0666666666667 33.93333333333334 0
      vertex 166.0666666666667 44.5 0
      vertex 167.26666666666668 44.5 0
    endloop
  endfacet
  facet normal -1 0 0
    outer loop
      vertex 166.0666666666667 33.93333333333334 0
      vertex 166.0666666666667 44.5 2.6
      vertex 166.0666666666667 44.5 0
    endloop
  endfacet
  facet normal 1 0 0
    outer loop
      vertex 167.26666666666668 33.93333333333334 0
      vertex 167.26666666666668 44.5 0
      vertex 167.26666666666668 44.5 2.6
    endloop
  endfacet
  facet normal 1 0 0
    outer loop
      vertex 167.26666666666668 0.6 0
      vertex 167.26666666666668 11.166666666666668 2.6
      vertex 167.26666666666668 0.6 20
    endloop
  endfacet
  facet normal 1 0 0
    outer loop
      vertex 167.26666666666668 11.166666666666668 2.6
      vertex 167.26666666666668 22.166666666666668 2.6
      vertex 167.26666666666668 0.6 20
    endloop
  endfacet
  facet normal -1 0 0
    outer loop
      vertex 166.0666666666667 0.6 0
      vertex 166.0666666666667 32.733333333333334 20
      vertex 166.0666666666667 11.166666666666668 2.6
    endloop
  endfacet
  facet normal 1 0 0
    outer loop
      vertex 167.26666666666668 22.166666666666668 2.6
      vertex 167.26666666666668 32.733333333333334 0
      vertex 167.26666666666668 0.6 20
    endloop
  endfacet
  facet normal -1 0 0
    outer loop
      vertex 166.0666666666667 11.166666666666668 2.6
      vertex 166.0666666666667 32.733333333333334 20
      vertex 166.0666666666667 22.166666666666668 2.6
    endloop
  endfacet
  facet normal -1 0 0
    outer loop
      vertex 166.0666666666667 22.166666666666668 2.6
      vertex 166.0666666666667 32.733333333333334 20
      vertex 166.0666666666667 32.733333333333334 0
    endloop
  endfacet
  facet normal 1 0 0
    outer loop
      vertex 167.26666666666668 33.93333333333334 0
      vertex 167.26666666666668 44.5 2.6
      vertex 167.26666666666668 33.93333333333334 20
    endloop
  endfacet
  facet normal -1 0 0
    outer loop
      vertex 166.0666666666667 33.93333333333334 0
      vertex 166.0666666666667 66.06666666666668 20
      vertex 166.0666666666667 44.5 2.6
    endloop
  endfacet
  facet normal 1 0 0
    outer loop
      vertex 167.26666666666668 44.5 2.6
      vertex 167.26666666666668 55.5 2.6
      vertex 167.26666666666668 33.93333333333334 20
    endloop
  endfacet
  facet normal 0 0 -1
    outer loop
      vertex 166.0666666666667 55.5 0
      vertex 167.26666666666668 66.06666666666668 0
      vertex 167.26666666666668 55.5 0
    endloop
  endfacet
  facet normal -1 0 0
    outer loop
      vertex 166.0666666666667 55.5 0
      vertex 166.0666666666667 55.5 2.6
      vertex 166.0666666666667 66.06666666666668 0
    endloop
  endfacet
  facet normal 1 0 0
    outer loop
      vertex 167.26666666666668 55.5 0
      vertex 167.26666666666668 66.06666666666668 0
      vertex 167.26666666666668 55.5 2.6
    endloop
  endfacet
  facet normal 0 0 -1
    outer loop
      vertex 166.0666666666667 55.5 0
      vertex 167.26666666666668 67.26666666666668 0
      vertex 167.26666666666668 66.06666666666668 0
    endloop
  endfacet
  facet normal 0 0 -1
    outer loop
      vertex 166.0666666666667 55.5 0
      vertex 166.0666666666667 66.06666666666668 0
      vertex 167.26666666666668 77.83333333333334 0
    endloop
  endfacet
  facet normal 0 0 -1
    outer loop
      vertex 166.0666666666667 55.5 0
      vertex 167.26666666666668 77.83333333333334 0
      vertex 167.26666666666668 67.26666666666668 0
    endloop
  endfacet
  facet normal 0 0 -1
    outer loop
      vertex 166.0666666666667 66.06666666666668 0
      vertex 166.0666666666667 67.26666666666668 0
      vertex 167.26666666666668 77.83333333333334 0
    endloop
  endfacet
  facet normal 0 0 -1
    outer loop
      vertex 166.0666666666667 67.26666666666668 0
      vertex 166.0666666666667 77.83333333333334 0
      vertex 167.26666666666668 77.83333333333334 0
    endloop
  endfacet
  facet normal -1 0 0
    outer loop
      vertex 166.0666666666667 67.26666666666668 0
      vertex 166.0666666666667 77.83333333333334 2.6
      vertex 166.0666666666667 77.83333333333334 0
    endloop
  endfacet
  facet normal 1 0 0
    outer loop
      vertex 167.26666666666668 67.26666666666668 0
      vertex 167.26666666666668 77.83333333333334 0
      vertex 167.26666666666668 77.83333333333334 2.6
    endloop
  endfacet
  facet normal 0 0 -1
    outer loop
      vertex 166.0666666666667 88.83333333333334 0
      vertex 167.26666666666668 99.4 0
      vertex 167.26666666666668 88.83333333333334 0
    endloop
  endfacet
  facet normal -1 0 0
    outer loop
      vertex 166.0666666666667 88.83333333333334 0
      vertex 166.0666666666667 88.83333333333334 2.6
      vertex 166.0666666666667 99.4 0
    endloop
  endfacet
  facet normal 1 0 0
    outer loop
      vertex 167.26666666666668 88.83333333333334 0
      vertex 167.26666666666668 99.4 0
      vertex 167.26666666666668 88.83333333333334 2.6
    endloop
  endfacet
  facet normal 0 0 -1
    outer loop
      vertex 166.0666666666667 88.83333333333334 0
      vertex 167.26666666666668 100.60000000000001 0
      vertex 167.26666666666668 99.4 0
    endloop
  endfacet
  facet normal 0 0 -1
    outer loop
      vertex 166.0666666666667 88.83333333333334 0
      vertex 166.0666666666667 99.4 0
      vertex 167.26666666666668 111.16666666666667 0
    endloop
  endfacet
  facet normal 1 0 0
    outer loop
      vertex 167.26666666666668 66.06666666666668 0
      vertex 167.26666666666668 33.93333333333334 20
      vertex 167.26666666666668 55.5 2.6
    endloop
  endfacet
  facet normal -1 0 0
    outer loop
      vertex 166.0666666666667 44.5 2.6
      vertex 166.0666666666667 66.06666666666668 20
      vertex 166.0666666666667 55.5 2.6
    endloop
  endfacet
  facet normal -1 0 0
    outer loop
      vertex 166.0666666666667 66.06666666666668 0
      vertex 166.0666666666667 55.5 2.6
      vertex 166.0666666666667 66.06666666666668 20
    endloop
  endfacet
  facet normal 1 0 0
    outer loop
      vertex 167.26666666666668 67.26666666666668 0
      vertex 167.26666666666668 77.83333333333334 2.6
      vertex 167.26666666666668 67.26666666666668 20
    endloop
  endfacet
  facet normal 1 0 0
    outer loop
      vertex 167.26666666666668 77.83333333333334 2.6
      vertex 167.26666666666668 88.83333333333334 2.6
      vertex 167.26666666666668 67.26666666666668 20
    endloop
  endfacet
  facet normal -1 0 0
    outer loop
      vertex 166.0666666666667 67.26666666666668 0
      vertex 166.0666666666667 99.4 20
      vertex 166.0666666666667 77.83333333333334 2.6
    endloop
  endfacet
  facet normal 1 0 0
    outer loop
      vertex 167.26666666666668 99.4 0
      vertex 167.26666666666668 67.26666666666668 20
      vertex 167.26666666666668 88.83333333333334 2.6
    endloop
  endfacet
  facet normal -1 0 0
    outer loop
      vertex 166.0666666666667 77.83333333333334 2.6
      vertex 166.0666666666667 99.4 20
      vertex 166.0666666666667 88.83333333333334 2.6
    endloop
  endfacet
  facet normal -1 0 0
    outer loop
      vertex 166.0666666666667 99.4 0
      vertex 166.0666666666667 88.83333333333334 2.6
      vertex 166.0666666666667 99.4 20
    endloop
  endfacet
  facet normal -1 0 0
    outer loop
      vertex 166.0666666666667 0.6 0
      vertex 166.0666666666667 0.6 20
      vertex 166.0666666666667 32.733333333333334 20
    endloop
  endfacet
  facet normal 1 0 0
    outer loop
      vertex 167.26666666666668 32.733333333333334 0
      vertex 167.26666666666668 32.733333333333334 20
      vertex 167.26666666666668 0.6 20
    endloop
  endfacet
  facet normal -1 0 0
    outer loop
      vertex 166.0666666666667 33.93333333333334 0
      vertex 166.0666666666667 33.93333333333334 20
      vertex 166.0666666666667 66.06666666666668 20
    endloop
  endfacet
  facet normal 0 0 1
    outer loop
      vertex 166.0666666666667 0.6 20
      vertex 167.26666666666668 0.6 20
      vertex 167.26666666666668 32.733333333333334 20
    endloop
  endfacet
  facet normal 0 0 1
    outer loop
      vertex 166.0666666666667 0.6 20
      vertex 167.26666666666668 32.733333333333334 20
      vertex 166.0666666666667 32.733333333333334 20
    endloop
  endfacet
  facet normal 0 0 1
    outer loop
      vertex 166.0666666666667 33.93333333333334 20
      vertex 167.26666666666668 33.93333333333334 20
      vertex 167.26666666666668 66.06666666666668 20
    endloop
  endfacet
  facet normal 1 0 0
    outer loop
      vertex 167.26666666666668 66.06666666666668 0
      vertex 167.26666666666668 66.06666666666668 20
      vertex 167.26666666666668 33.93333333333334 20
    endloop
  endfacet
  facet normal -1 0 0
    outer loop
      vertex 166.0666666666667 67.26666666666668 0
      vertex 166.0666666666667 67.26666666666668 20
      vertex 166.0666666666667 99.4 20
    endloop
  endfacet
  facet normal 1 0 0
    outer loop
      vertex 167.26666666666668 99.4 0
      vertex 167.26666666666668 99.4 20
      vertex 167.26666666666668 67.26666666666668 20
    endloop
  endfacet
  facet normal 0 0 1
    outer loop
      vertex 166.0666666666667 33.93333333333334 20
      vertex 167.26666666666668 66.06666666666668 20
      vertex 166.0666666666667 66.06666666666668 20
    endloop
  endfacet
  facet normal 0 0 1
    outer loop
      vertex 166.0666666666667 67.26666666666668 20
      vertex 167.26666666666668 67.26666666666668 20
      vertex 167.26666666666668 99.4 20
    endloop
  endfacet
  facet normal 0 0 1
    outer loop
      vertex 166.0666666666667 67.26666666666668 20
      vertex 167.26666666666668 99.4 20
      vertex 166.0666666666667 99.4 20
    endloop
  endfacet
  facet normal 0 0 -1
    outer loop
      vertex 166.0666666666667 88.83333333333334 0
      vertex 167.26666666666668 111.16666666666667 0
      vertex 167.26666666666668 100.60000000000001 0
    endloop
  endfacet
  facet normal 0 0 -1
    outer loop
      vertex 166.0666666666667 99.4 0
      vertex 166.0666666666667 100.60000000000001 0
      vertex 167.26666666666668 111.16666666666667 0
    endloop
  endfacet
  facet normal 0 0 -1
    outer loop
      vertex 166.0666666666667 100.60000000000001 0
      vertex 166.0666666666667 111.16666666666667 0
      vertex 167.26666666666668 111.16666666666667 0
    endloop
  endfacet
  facet normal -1 0 0
    outer loop
      vertex 166.0666666666667 100.60000000000001 0
      vertex 166.0666666666667 111.16666666666667 2.6
      vertex 166.0666666666667 111.16666666666667 0
    endloop
  endfacet
  facet normal 1 0 0
    outer loop
      vertex 167.26666666666668 100.60000000000001 0
      vertex 167.26666666666668 111.16666666666667 0
      vertex 167.26666666666668 111.16666666666667 2.6
    endloop
  endfacet
  facet normal 0 0 -1
    outer loop
      vertex 166.0666666666667 122.16666666666667 0
      vertex 167.26666666666668 132.73333333333335 0
      vertex 167.26666666666668 122.16666666666667 0
    endloop
  endfacet
  facet normal 0 0 -1
    outer loop
      vertex 166.0666666666667 122.16666666666667 0
      vertex 167.26666666666668 133.93333333333334 0
      vertex 167.26666666666668 132.73333333333335 0
    endloop
  endfacet
  facet normal -1 0 0
    outer loop
      vertex 166.0666666666667 122.16666666666667 0
      vertex 166.0666666666667 122.16666666666667 2.6
      vertex 166.0666666666667 132.73333333333335 0
    endloop
  endfacet
  facet normal 1 0 0
    outer loop
      vertex 167.26666666666668 122.16666666666667 0
      vertex 167.26666666666668 132.73333333333335 0
      vertex 167.26666666666668 122.16666666666667 2.6
    endloop
  endfacet
  facet normal 0 0 -1
    outer loop
      vertex 166.0666666666667 122.16666666666667 0
      vertex 166.0666666666667 132.73333333333335 0
      vertex 167.26666666666668 144.5 0
    endloop
  endfacet
  facet normal 0 0 -1
    outer loop
      vertex 166.0666666666667 122.16666666666667 0
      vertex 167.26666666666668 144.5 0
      vertex 167.26666666666668 133.93333333333334 0
    endloop
  endfacet
  facet normal 0 0 -1
    outer loop
      vertex 166.0666666666667 132.73333333333335 0
      vertex 166.0666666666667 133.93333333333334 0
      vertex 167.26666666666668 144.5 0
    endloop
  endfacet
  facet normal 0 0 -1
    outer loop
      vertex 166.0666666666667 133.93333333333334 0
      vertex 166.0666666666667 144.5 0
      vertex 167.26666666666668 144.5 0
    endloop
  endfacet
  facet normal -1 0 0
    outer loop
      vertex 166.0666666666667 133.93333333333334 0
      vertex 166.0666666666667 144.5 2.6
      vertex 166.0666666666667 144.5 0
    endloop
  endfacet
  facet normal 1 0 0
    outer loop
      vertex 167.26666666666668 133.93333333333334 0
      vertex 167.26666666666668 144.5 0
      vertex 167.26666666666668 144.5 2.6
    endloop
  endfacet
  facet normal 1 0 0
    outer loop
      vertex 167.26666666666668 100.60000000000001 0
      vertex 167.26666666666668 111.16666666666667 2.6
      vertex 167.26666666666668 100.60000000000001 20
    endloop
  endfacet
  facet normal 1 0 0
    outer loop
      vertex 167.26666666666668 111.16666666666667 2.6
      vertex 167.26666666666668 122.16666666666667 2.6
      vertex 167.26666666666668 100.60000000000001 20
    endloop
  endfacet
  facet normal -1 0 0
    outer loop
      vertex 166.0666666666667 100.60000000000001 0
      vertex 166.0666666666667 132.73333333333335 20
      vertex 166.0666666666667 111.16666666666667 2.6
    endloop
  endfacet
  facet normal 1 0 0
    outer loop
      vertex 167.26666666666668 122.16666666666667 2.6
      vertex 167.26666666666668 132.73333333333335 0
      vertex 167.26666666666668 100.60000000000001 20
    endloop
  endfacet
  facet normal -1 0 0
    outer loop
      vertex 166.0666666666667 111.16666666666667 2.6
      vertex 166.0666666666667 132.73333333333335 20
      vertex 166.0666666666667 122.16666666666667 2.6
    endloop
  endfacet
  facet normal -1 0 0
    outer loop
      vertex 166.0666666666667 122.16666666666667 2.6
      vertex 166.0666666666667 132.73333333333335 20
      vertex 166.0666666666667 132.73333333333335 0
    endloop
  endfacet
  facet normal 1 0 0
    outer loop
      vertex 167.26666666666668 133.93333333333334 0
      vertex 167.26666666666668 144.5 2.6
      vertex 167.26666666666668 133.93333333333334 20
    endloop
  endfacet
  facet normal -1 0 0
    outer loop
      vertex 166.0666666666667 133.93333333333334 0
      vertex 166.0666666666667 166.0666666666667 20
      vertex 166.0666666666667 144.5 2.6
    endloop
  endfacet
  facet normal 1 0 0
    outer loop
      vertex 167.26666666666668 144.5 2.6
      vertex 167.26666666666668 155.5 2.6
      vertex 167.26666666666668 133.93333333333334 20
    endloop
  endfacet
  facet normal 0 0 -1
    outer loop
      vertex 166.0666666666667 155.5 0
      vertex 167.26666666666668 166.0666666666667 0
      vertex 167.26666666666668 155.5 0
    endloop
  endfacet
  facet normal -1 0 0
    outer loop
      vertex 166.0666666666667 155.5 0
      vertex 166.0666666666667 155.5 2.6
      vertex 166.0666666666667 166.0666666666667 0
    endloop
  endfacet
  facet normal 1 0 0
    outer loop
      vertex 167.26666666666668 155.5 0
      vertex 167.26666666666668 166.0666666666667 0
      vertex 167.26666666666668 155.5 2.6
    endloop
  endfacet
  facet normal 0 0 -1
    outer loop
      vertex 166.0666666666667 155.5 0
      vertex 167.26666666666668 167.26666666666668 0
      vertex 167.26666666666668 166.0666666666667 0
    endloop
  endfacet
  facet normal 0 0 -1
    outer loop
      vertex 166.0666666666667 155.5 0
      vertex 166.0666666666667 166.0666666666667 0
      vertex 167.26666666666668 177.83333333333334 0
    endloop
  endfacet
  facet normal 0 0 -1
    outer loop
      vertex 166.0666666666667 155.5 0
      vertex 167.26666666666668 177.83333333333334 0
      vertex 167.26666666666668 167.26666666666668 0
    endloop
  endfacet
  facet normal 0 0 -1
    outer loop
      vertex 166.0666666666667 166.0666666666667 0
      vertex 166.0666666666667 167.26666666666668 0
      vertex 167.26666666666668 177.83333333333334 0
    endloop
  endfacet
  facet normal 0 0 -1
    outer loop
      vertex 166.0666666666667 167.26666666666668 0
      vertex 166.0666666666667 177.83333333333334 0
      vertex 167.26666666666668 177.83333333333334 0
    endloop
  endfacet
  facet normal -1 0 0
    outer loop
      vertex 166.0666666666667 167.26666666666668 0
      vertex 166.0666666666667 177.83333333333334 2.6
      vertex 166.0666666666667 177.83333333333334 0
    endloop
  endfacet
  facet normal 1 0 0
    outer loop
      vertex 167.26666666666668 167.26666666666668 0
      vertex 167.26666666666668 177.83333333333334 0
      vertex 167.26666666666668 177.83333333333334 2.6
    endloop
  endfacet
  facet normal 0 0 -1
    outer loop
      vertex 166.0666666666667 188.83333333333334 0
      vertex 167.26666666666668 199.4 0
      vertex 167.26666666666668 188.83333333333334 0
    endloop
  endfacet
  facet normal -1 0 0
    outer loop
      vertex 166.0666666666667 188.83333333333334 0
      vertex 166.0666666666667 188.83333333333334 2.6
      vertex 166.0666666666667 199.4 0
    endloop
  endfacet
  facet normal 1 0 0
    outer loop
      vertex 167.26666666666668 188.83333333333334 0
      vertex 167.26666666666668 199.4 0
      vertex 167.26666666666668 188.83333333333334 2.6
    endloop
  endfacet
  facet normal 0 0 -1
    outer loop
      vertex 166.0666666666667 188.83333333333334 0
      vertex 166.0666666666667 199.4 0
      vertex 167.26666666666668 199.4 0
    endloop
  endfacet
  facet normal 1 0 0
    outer loop
      vertex 167.26666666666668 166.0666666666667 0
      vertex 167.26666666666668 133.93333333333334 20
      vertex 167.26666666666668 155.5 2.6
    endloop
  endfacet
  facet normal -1 0 0
    outer loop
      vertex 166.0666666666667 144.5 2.6
      vertex 166.0666666666667 166.0666666666667 20
      vertex 166.0666666666667 155.5 2.6
    endloop
  endfacet
  facet normal -1 0 0
    outer loop
      vertex 166.0666666666667 166.0666666666667 0
      vertex 166.0666666666667 155.5 2.6
      vertex 166.0666666666667 166.0666666666667 20
    endloop
  endfacet
  facet normal 1 0 0
    outer loop
      vertex 167.26666666666668 167.26666666666668 0
      vertex 167.26666666666668 177.83333333333334 2.6
      vertex 167.26666666666668 167.26666666666668 20
    endloop
  endfacet
  facet normal 1 0 0
    outer loop
      vertex 167.26666666666668 177.83333333333334 2.6
      vertex 167.26666666666668 188.83333333333334 2.6
      vertex 167.26666666666668 167.26666666666668 20
    endloop
  endfacet
  facet normal -1 0 0
    outer loop
      vertex 166.0666666666667 167.26666666666668 0
      vertex 166.0666666666667 199.4 20
      vertex 166.0666666666667 177.83333333333334 2.6
    endloop
  endfacet
  facet normal 1 0 0
    outer loop
      vertex 167.26666666666668 199.4 0
      vertex 167.26666666666668 167.26666666666668 20
      vertex 167.26666666666668 188.83333333333334 2.6
    endloop
  endfacet
  facet normal -1 0 0
    outer loop
      vertex 166.0666666666667 177.83333333333334 2.6
      vertex 166.0666666666667 199.4 20
      vertex 166.0666666666667 188.83333333333334 2.6
    endloop
  endfacet
  facet normal -1 0 0
    outer loop
      vertex 166.0666666666667 199.4 0
      vertex 166.0666666666667 188.83333333333334 2.6
      vertex 166.0666666666667 199.4 20
    endloop
  endfacet
  facet normal -1 0 0
    outer loop
      vertex 166.0666666666667 100.60000000000001 0
      vertex 166.0666666666667 100.60000000000001 20
      vertex 166.0666666666667 132.73333333333335 20
    endloop
  endfacet
  facet normal 1 0 0
    outer loop
      vertex 167.26666666666668 132.73333333333335 0
      vertex 167.26666666666668 132.73333333333335 20
      vertex 167.26666666666668 100.60000000000001 20
    endloop
  endfacet
  facet normal -1 0 0
    outer loop
      vertex 166.0666666666667 133.93333333333334 0
      vertex 166.0666666666667 133.93333333333334 20
      vertex 166.0666666666667 166.0666666666667 20
    endloop
  endfacet
  facet normal 0 0 1
    outer loop
      vertex 166.0666666666667 100.60000000000001 20
      vertex 167.26666666666668 100.60000000000001 20
      vertex 167.26666666666668 132.73333333333335 20
    endloop
  endfacet
  facet normal 0 0 1
    outer loop
      vertex 166.0666666666667 100.60000000000001 20
      vertex 167.26666666666668 132.73333333333335 20
      vertex 166.0666666666667 132.73333333333335 20
    endloop
  endfacet
  facet normal 0 0 1
    outer loop
      vertex 166.0666666666667 133.93333333333334 20
      vertex 167.26666666666668 133.93333333333334 20
      vertex 167.26666666666668 166.0666666666667 20
    endloop
  endfacet
  facet normal 1 0 0
    outer loop
      vertex 167.26666666666668 166.0666666666667 0
      vertex 167.26666666666668 166.0666666666667 20
      vertex 167.26666666666668 133.93333333333334 20
    endloop
  endfacet
  facet normal -1 0 0
    outer loop
      vertex 166.0666666666667 167.26666666666668 0
      vertex 166.0666666666667 167.26666666666668 20
      vertex 166.0666666666667 199.4 20
    endloop
  endfacet
  facet normal 1 0 0
    outer loop
      vertex 167.26666666666668 199.4 0
      vertex 167.26666666666668 199.4 20
      vertex 167.26666666666668 167.26666666666668 20
    endloop
  endfacet
  facet normal 0 0 1
    outer loop
      vertex 166.0666666666667 133.93333333333334 20
      vertex 167.26666666666668 166.0666666666667 20
      vertex 166.0666666666667 166.0666666666667 20
    endloop
  endfacet
  facet normal 0 0 1
    outer loop
      vertex 166.0666666666667 167.26666666666668 20
      vertex 167.26666666666668 167.26666666666668 20
      vertex 167.26666666666668 199.4 20
    endloop
  endfacet
  facet normal 0 0 1
    outer loop
      vertex 166.0666666666667 167.26666666666668 20
      vertex 167.26666666666668 199.4 20
      vertex 166.0666666666667 199.4 20
    endloop
  endfacet
  facet normal 0 0 -1
    outer loop
      vertex 200 0 0
      vertex 199.80666778963655 7.740282865108496 0
      vertex 199.81563446692633 7.899197294120333 0
    endloop
  endfacet
  facet normal 0 0 -1
    outer loop
      vertex 200 11.166666666666668 0
      vertex 200 0 0
      vertex 199.81563446692633 7.899197294120333 0
    endloop
  endfacet
  facet normal 0 0 -1
    outer loop
      vertex 199.81563446692633 7.899197294120333 0
      vertex 199.81442800569644 7.898537655876225 0
      vertex 199.82018927444796 8 0
    endloop
  endfacet
  facet normal 0 0 -1
    outer loop
      vertex 199.4 11.166666666666668 0
      vertex 199.82018927444796 8 0
      vertex 199.4 8 0
    endloop
  endfacet
  facet normal 0 0 -1
    outer loop
      vertex 200 11.166666666666668 0
      vertex 199.81563446692633 7.899197294120333 0
      vertex 199.82018927444796 8 0
    endloop
  endfacet
  facet normal -1 0 0
    outer loop
      vertex 199.4 11.166666666666668 0
      vertex 199.4 8 0
      vertex 199.4 8 1.2
    endloop
  endfacet
  facet normal 0 0 -1
    outer loop
      vertex 199.4 11.166666666666668 0
      vertex 200 11.166666666666668 0
      vertex 199.82018927444796 8 0
    endloop
  endfacet
  facet normal -1 0 0
    outer loop
      vertex 199.4 11.166666666666668 2.6
      vertex 199.4 8 1.2
      vertex 199.4 0.6 1.2
    endloop
  endfacet
  facet normal -1 0 0
    outer loop
      vertex 199.4 11.166666666666668 0
      vertex 199.4 8 1.2
      vertex 199.4 11.166666666666668 2.6
    endloop
  endfacet
  facet normal 0 0 -1
    outer loop
      vertex 199.4 22.166666666666668 0
      vertex 200 44.5 0
      vertex 200 22.166666666666668 0
    endloop
  endfacet
  facet normal -1 0 0
    outer loop
      vertex 199.4 22.166666666666668 0
      vertex 199.4 22.166666666666668 2.6
      vertex 199.4 32.733333333333334 0
    endloop
  endfacet
  facet normal 0 0 -1
    outer loop
      vertex 199.4 22.166666666666668 0
      vertex 199.4 32.733333333333334 0
      vertex 200 44.5 0
    endloop
  endfacet
  facet normal 0 0 -1
    outer loop
      vertex 199.4 32.733333333333334 0
      vertex 199.4 33.93333333333334 0
      vertex 200 44.5 0
    endloop
  endfacet
  facet normal 0 0 -1
    outer loop
      vertex 199.4 33.93333333333334 0
      vertex 199.4 44.5 0
      vertex 200 44.5 0
    endloop
  endfacet
  facet normal -1 0 0
    outer loop
      vertex 199.4 33.93333333333334 0
      vertex 199.4 44.5 2.6
      vertex 199.4 44.5 0
    endloop
  endfacet
  facet normal -1 0 0
    outer loop
      vertex 199.4 11.166666666666668 2.6
      vertex 199.4 0.6 1.2
      vertex 199.4 32.733333333333334 20
    endloop
  endfacet
  facet normal -1 0 0
    outer loop
      vertex 199.4 11.166666666666668 2.6
      vertex 199.4 32.733333333333334 20
      vertex 199.4 22.166666666666668 2.6
    endloop
  endfacet
  facet normal -1 0 0
    outer loop
      vertex 199.4 22.166666666666668 2.6
      vertex 199.4 32.733333333333334 20
      vertex 199.4 32.733333333333334 0
    endloop
  endfacet
  facet normal -1 0 0
    outer loop
      vertex 199.4 33.93333333333334 0
      vertex 199.4 66.06666666666668 20
      vertex 199.4 44.5 2.6
    endloop
  endfacet
  facet normal -1 0 0
    outer loop
      vertex 199.4 55.5 0
      vertex 199.4 55.5 2.6
      vertex 199.4 66.06666666666668 0
    endloop
  endfacet
  facet normal 0 0 -1
    outer loop
      vertex 199.4 55.5 0
      vertex 200 77.83333333333334 0
      vertex 200 55.5 0
    endloop
  endfacet
  facet normal 0 0 -1
    outer loop
      vertex 199.4 55.5 0
      vertex 199.4 66.06666666666668 0
      vertex 200 77.83333333333334 0
    endloop
  endfacet
  facet normal 0 0 -1
    outer loop
      vertex 199.4 66.06666666666668 0
      vertex 199.4 67.26666666666668 0
      vertex 200 77.83333333333334 0
    endloop
  endfacet
  facet normal 0 0 -1
    outer loop
      vertex 199.4 67.26666666666668 0
      vertex 199.4 77.83333333333334 0
      vertex 200 77.83333333333334 0
    endloop
  endfacet
  facet normal -1 0 0
    outer loop
      vertex 199.4 67.26666666666668 0
      vertex 199.4 77.83333333333334 2.6
      vertex 199.4 77.83333333333334 0
    endloop
  endfacet
  facet normal -1 0 0
    outer loop
      vertex 199.4 88.83333333333334 0
      vertex 199.4 88.83333333333334 2.6
      vertex 199.4 99.4 0
    endloop
  endfacet
  facet normal 0 0 -1
    outer loop
      vertex 199.4 88.83333333333334 0
      vertex 200 111.16666666666667 0
      vertex 200 88.83333333333334 0
    endloop
  endfacet
  facet normal 0 0 -1
    outer loop
      vertex 199.4 88.83333333333334 0
      vertex 199.4 99.4 0
      vertex 200 111.16666666666667 0
    endloop
  endfacet
  facet normal -1 0 0
    outer loop
      vertex 199.4 44.5 2.6
      vertex 199.4 66.06666666666668 20
      vertex 199.4 55.5 2.6
    endloop
  endfacet
  facet normal -1 0 0
    outer loop
      vertex 199.4 66.06666666666668 0
      vertex 199.4 55.5 2.6
      vertex 199.4 66.06666666666668 20
    endloop
  endfacet
  facet normal -1 0 0
    outer loop
      vertex 199.4 67.26666666666668 0
      vertex 199.4 99.4 20
      vertex 199.4 77.83333333333334 2.6
    endloop
  endfacet
  facet normal -1 0 0
    outer loop
      vertex 199.4 77.83333333333334 2.6
      vertex 199.4 99.4 20
      vertex 199.4 88.83333333333334 2.6
    endloop
  endfacet
  facet normal -1 0 0
    outer loop
      vertex 199.4 99.4 0
      vertex 199.4 88.83333333333334 2.6
      vertex 199.4 99.4 20
    endloop
  endfacet
  facet normal -1 0 0
    outer loop
      vertex 199.4 0.6 20
      vertex 199.4 32.733333333333334 20
      vertex 199.4 0.6 1.2
    endloop
  endfacet
  facet normal -1 0 0
    outer loop
      vertex 199.4 33.93333333333334 0
      vertex 199.4 33.93333333333334 20
      vertex 199.4 66.06666666666668 20
    endloop
  endfacet
  facet normal 0 0 1
    outer loop
      vertex 199.4 0.6 20
      vertex 200 0 20
      vertex 199.4 32.733333333333334 20
    endloop
  endfacet
  facet normal 0 0 1
    outer loop
      vertex 200 0 20
      vertex 199.4 33.93333333333334 20
      vertex 199.4 32.733333333333334 20
    endloop
  endfacet
  facet normal 0 0 1
    outer loop
      vertex 200 0 20
      vertex 199.4 66.06666666666668 20
      vertex 199.4 33.93333333333334 20
    endloop
  endfacet
  facet normal 0 0 1
    outer loop
      vertex 200 0 20
      vertex 199.4 67.26666666666668 20
      vertex 199.4 66.06666666666668 20
    endloop
  endfacet
  facet normal -1 0 0
    outer loop
      vertex 199.4 67.26666666666668 0
      vertex 199.4 67.26666666666668 20
      vertex 199.4 99.4 20
    endloop
  endfacet
  facet normal 0 0 1
    outer loop
      vertex 200 0 20
      vertex 199.4 99.4 20
      vertex 199.4 67.26666666666668 20
    endloop
  endfacet
  facet normal 0 0 1
    outer loop
      vertex 200 0 20
      vertex 199.4 100.60000000000001 20
      vertex 199.4 99.4 20
    endloop
  endfacet
  facet normal 0 0 1
    outer loop
      vertex 200 0 20
      vertex 199.8036 132.73333333333335 20
      vertex 199.4 100.60000000000001 20
    endloop
  endfacet
  facet normal 0 0 -1
    outer loop
      vertex 199.4 99.4 0
      vertex 199.4 100.60000000000001 0
      vertex 200 111.16666666666667 0
    endloop
  endfacet
  facet normal 0 0 -1
    outer loop
      vertex 199.4 100.60000000000001 0
      vertex 199.4 111.16666666666667 0
      vertex 200 111.16666666666667 0
    endloop
  endfacet
  facet normal -1 0 0
    outer loop
      vertex 199.4 100.60000000000001 0
      vertex 199.4 111.16666666666667 2.6
      vertex 199.4 111.16666666666667 0
    endloop
  endfacet
  facet normal 0 0 -1
    outer loop
      vertex 199.4 122.16666666666667 0
      vertex 200 144.5 0
      vertex 200 122.16666666666667 0
    endloop
  endfacet
  facet normal -1 0 0
    outer loop
      vertex 199.4 122.16666666666667 0
      vertex 199.4 122.16666666666667 2.6
      vertex 199.4 132.73333333333335 0
    endloop
  endfacet
  facet normal 0 0 -1
    outer loop
      vertex 199.4 122.16666666666667 0
      vertex 199.4 132.73333333333335 0
      vertex 200 144.5 0
    endloop
  endfacet
  facet normal 0 0 -1
    outer loop
      vertex 199.4 132.73333333333335 0
      vertex 199.4 133.93333333333334 0
      vertex 200 144.5 0
    endloop
  endfacet
  facet normal 0 0 -1
    outer loop
      vertex 199.4 133.93333333333334 0
      vertex 199.4 144.5 0
      vertex 200 144.5 0
    endloop
  endfacet
  facet normal -1 0 0
    outer loop
      vertex 199.4 133.93333333333334 0
      vertex 199.4 144.5 2.6
      vertex 199.4 144.5 0
    endloop
  endfacet
  facet normal -1 0 0
    outer loop
      vertex 199.4 100.60000000000001 0
      vertex 199.4 132.73333333333335 20
      vertex 199.4 111.16666666666667 2.6
    endloop
  endfacet
  facet normal -1 0 0
    outer loop
      vertex 199.4 111.16666666666667 2.6
      vertex 199.4 132.73333333333335 20
      vertex 199.4 122.16666666666667 2.6
    endloop
  endfacet
  facet normal -1 0 0
    outer loop
      vertex 199.4 122.16666666666667 2.6
      vertex 199.4 132.73333333333335 20
      vertex 199.4 132.73333333333335 0
    endloop
  endfacet
  facet normal -1 0 0
    outer loop
      vertex 199.4 133.93333333333334 0
      vertex 199.4 166.0666666666667 20
      vertex 199.4 144.5 2.6
    endloop
  endfacet
  facet normal 0 0 -1
    outer loop
      vertex 199.4 155.5 0
      vertex 199.4 166.0666666666667 0
      vertex 200 155.5 0
    endloop
  endfacet
  facet normal -1 0 0
    outer loop
      vertex 199.4 155.5 0
      vertex 199.4 155.5 2.6
      vertex 199.4 166.0666666666667 0
    endloop
  endfacet
  facet normal 0 0 -1
    outer loop
      vertex 200 155.5 0
      vertex 199.4 166.0666666666667 0
      vertex 200 177.83333333333334 0
    endloop
  endfacet
  facet normal 0 0 -1
    outer loop
      vertex 199.4 166.0666666666667 0
      vertex 199.4 167.26666666666668 0
      vertex 200 177.83333333333334 0
    endloop
  endfacet
  facet normal 0 0 -1
    outer loop
      vertex 199.4 167.26666666666668 0
      vertex 199.4 177.83333333333334 0
      vertex 200 177.83333333333334 0
    endloop
  endfacet
  facet normal -1 0 0
    outer loop
      vertex 199.4 167.26666666666668 0
      vertex 199.4 177.83333333333334 2.6
      vertex 199.4 177.83333333333334 0
    endloop
  endfacet
  facet normal 0 0 -1
    outer loop
      vertex 199.4 188.83333333333334 0
      vertex 200 192 0
      vertex 200 188.83333333333334 0
    endloop
  endfacet
  facet normal 0 0 -1
    outer loop
      vertex 199.4 188.83333333333334 0
      vertex 199.4 192 0
      vertex 200 192 0
    endloop
  endfacet
  facet normal -1 0 0
    outer loop
      vertex 199.4 188.83333333333334 0
      vertex 199.4 188.83333333333334 2.6
      vertex 199.4 192 0
    endloop
  endfacet
  facet normal -1 0 0
    outer loop
      vertex 199.4 188.83333333333334 2.6
      vertex 199.4 192 1.2
      vertex 199.4 192 0
    endloop
  endfacet
  facet normal -1 0 0
    outer loop
      vertex 199.4 144.5 2.6
      vertex 199.4 166.0666666666667 20
      vertex 199.4 155.5 2.6
    endloop
  endfacet
  facet normal -1 0 0
    outer loop
      vertex 199.4 166.0666666666667 0
      vertex 199.4 155.5 2.6
      vertex 199.4 166.0666666666667 20
    endloop
  endfacet
  facet normal -1 0 0
    outer loop
      vertex 199.4 199.4 20
      vertex 199.4 199.4 1.2
      vertex 199.4 192 1.2
    endloop
  endfacet
  facet normal -1 0 0
    outer loop
      vertex 199.4 167.26666666666668 0
      vertex 199.4 199.4 20
      vertex 199.4 177.83333333333334 2.6
    endloop
  endfacet
  facet normal -1 0 0
    outer loop
      vertex 199.4 188.83333333333334 2.6
      vertex 199.4 199.4 20
      vertex 199.4 192 1.2
    endloop
  endfacet
  facet normal -1 0 0
    outer loop
      vertex 199.4 177.83333333333334 2.6
      vertex 199.4 199.4 20
      vertex 199.4 188.83333333333334 2.6
    endloop
  endfacet
  facet normal -1 0 0
    outer loop
      vertex 199.4 100.60000000000001 0
      vertex 199.4 100.60000000000001 20
      vertex 199.4 132.73333333333335 20
    endloop
  endfacet
  facet normal -1 0 0
    outer loop
      vertex 199.4 133.93333333333334 0
      vertex 199.4 133.93333333333334 20
      vertex 199.4 166.0666666666667 20
    endloop
  endfacet
  facet normal 0 0 1
    outer loop
      vertex 200 0 20
      vertex 200 200 20
      vertex 199.8036 132.73333333333335 20
    endloop
  endfacet
  facet normal 0 0 1
    outer loop
      vertex 199.4 100.60000000000001 20
      vertex 199.8036 132.73333333333335 20
      vertex 199.4 132.73333333333335 20
    endloop
  endfacet
  facet normal 0 0 1
    outer loop
      vertex 199.4 133.93333333333334 20
      vertex 199.7964 133.93333333333334 20
      vertex 199.6036 166.0666666666667 20
    endloop
  endfacet
  facet normal -1 0 0
    outer loop
      vertex 199.4 167.26666666666668 0
      vertex 199.4 167.26666666666668 20
      vertex 199.4 199.4 20
    endloop
  endfacet
  facet normal 0 0 1
    outer loop
      vertex 199.4 133.93333333333334 20
      vertex 199.6036 166.0666666666667 20
      vertex 199.4 166.0666666666667 20
    endloop
  endfacet
  facet normal 0 0 1
    outer loop
      vertex 199.8036 132.73333333333335 20
      vertex 200 200 20
      vertex 199.7964 133.93333333333334 20
    endloop
  endfacet
  facet normal 0 0 1
    outer loop
      vertex 199.7964 133.93333333333334 20
      vertex 200 200 20
      vertex 199.6036 166.0666666666667 20
    endloop
  endfacet
  facet normal 0 0 1
    outer loop
      vertex 199.4 167.26666666666668 20
      vertex 199.59640000000002 167.26666666666668 20
      vertex 199.4036 199.4 20
    endloop
  endfacet
  facet normal 0 0 1
    outer loop
      vertex 199.6036 166.0666666666667 20
      vertex 200 200 20
      vertex 199.59640000000002 167.26666666666668 20
    endloop
  endfacet
  facet normal 0 0 1
    outer loop
      vertex 199.4 167.26666666666668 20
      vertex 199.4036 199.4 20
      vertex 199.4 199.4 20
    endloop
  endfacet
  facet normal 0 0 1
    outer loop
      vertex 199.59640000000002 167.26666666666668 20
      vertex 200 200 20
      vertex 199.4036 199.4 20
    endloop
  endfacet
  facet normal 0 0 1
    outer loop
      vertex 199.40357852882704 199.40357852882704 20
      vertex 199.4036 199.4 20
      vertex 200 200 20
    endloop
  endfacet
  facet normal 0 1 0
    outer loop
      vertex 0 11.166666666666668 0
      vertex 0 11.166666666666668 2.6
      vertex 0.6 11.166666666666668 0
    endloop
  endfacet
  facet normal 0 1 0
    outer loop
      vertex 0.6 11.166666666666668 0
      vertex 0 11.166666666666668 2.6
      vertex 0.6 11.166666666666668 2.6
    endloop
  endfacet
  facet normal 0 -1 0
    outer loop
      vertex 0 22.166666666666668 0
      vertex 0.6 22.166666666666668 0
      vertex 0 22.166666666666668 2.6
    endloop
  endfacet
  facet normal 0 -1 0
    outer loop
      vertex 0.6 22.166666666666668 0
      vertex 0.6 22.166666666666668 2.6
      vertex 0 22.166666666666668 2.6
    endloop
  endfacet
  facet normal 0 0 -1
    outer loop
      vertex 0 11.166666666666668 2.6
      vertex 0.6 22.166666666666668 2.6
      vertex 0.6 11.166666666666668 2.6
    endloop
  endfacet
  facet normal 0 0 -1
    outer loop
      vertex 0 11.166666666666668 2.6
      vertex 0 22.166666666666668 2.6
      vertex 0.6 22.166666666666668 2.6
    endloop
  endfacet
  facet normal 0 1 0
    outer loop
      vertex 32.733333333333334 11.166666666666668 0
      vertex 32.733333333333334 11.166666666666668 2.6
      vertex 33.93333333333334 11.166666666666668 0
    endloop
  endfacet
  facet normal 0 1 0
    outer loop
      vertex 33.93333333333334 11.166666666666668 0
      vertex 32.733333333333334 11.166666666666668 2.6
      vertex 33.93333333333334 11.166666666666668 2.6
    endloop
  endfacet
  facet normal 0 -1 0
    outer loop
      vertex 32.733333333333334 22.166666666666668 0
      vertex 33.93333333333334 22.166666666666668 0
      vertex 32.733333333333334 22.166666666666668 2.6
    endloop
  endfacet
  facet normal 0 -1 0
    outer loop
      vertex 33.93333333333334 22.166666666666668 0
      vertex 33.93333333333334 22.166666666666668 2.6
      vertex 32.733333333333334 22.166666666666668 2.6
    endloop
  endfacet
  facet normal 0 0 -1
    outer loop
      vertex 32.733333333333334 11.166666666666668 2.6
      vertex 33.93333333333334 22.166666666666668 2.6
      vertex 33.93333333333334 11.166666666666668 2.6
    endloop
  endfacet
  facet normal 0 0 -1
    outer loop
      vertex 32.733333333333334 11.166666666666668 2.6
      vertex 32.733333333333334 22.166666666666668 2.6
      vertex 33.93333333333334 22.166666666666668 2.6
    endloop
  endfacet
  facet normal 0 1 0
    outer loop
      vertex 66.06666666666668 11.166666666666668 0
      vertex 67.26666666666668 11.166666666666668 2.6
      vertex 67.26666666666668 11.166666666666668 0
    endloop
  endfacet
  facet normal 0 1 0
    outer loop
      vertex 66.06666666666668 11.166666666666668 0
      vertex 66.06666666666668 11.166666666666668 2.6
      vertex 67.26666666666668 11.166666666666668 2.6
    endloop
  endfacet
  facet normal 0 -1 0
    outer loop
      vertex 66.06666666666668 22.166666666666668 0
      vertex 67.26666666666668 22.166666666666668 0
      vertex 66.06666666666668 22.166666666666668 2.6
    endloop
  endfacet
  facet normal 0 -1 0
    outer loop
      vertex 67.26666666666668 22.166666666666668 0
      vertex 67.26666666666668 22.166666666666668 2.6
      vertex 66.06666666666668 22.166666666666668 2.6
    endloop
  endfacet
  facet normal 0 0 -1
    outer loop
      vertex 66.06666666666668 11.166666666666668 2.6
      vertex 67.26666666666668 22.166666666666668 2.6
      vertex 67.26666666666668 11.166666666666668 2.6
    endloop
  endfacet
  facet normal 0 0 -1
    outer loop
      vertex 66.06666666666668 11.166666666666668 2.6
      vertex 66.06666666666668 22.166666666666668 2.6
      vertex 67.26666666666668 22.166666666666668 2.6
    endloop
  endfacet
  facet normal 0 1 0
    outer loop
      vertex 99.4 11.166666666666668 0
      vertex 99.4 11.166666666666668 2.6
      vertex 100.60000000000001 11.166666666666668 2.6
    endloop
  endfacet
  facet normal 0 -1 0
    outer loop
      vertex 99.4 22.166666666666668 0
      vertex 100.60000000000001 22.166666666666668 0
      vertex 99.4 22.166666666666668 2.6
    endloop
  endfacet
  facet normal 0 0 -1
    outer loop
      vertex 99.4 11.166666666666668 2.6
      vertex 99.4 22.166666666666668 2.6
      vertex 100.60000000000001 22.166666666666668 2.6
    endloop
  endfacet
  facet normal 0 1 0
    outer loop
      vertex 99.4 11.166666666666668 0
      vertex 100.60000000000001 11.166666666666668 2.6
      vertex 100.60000000000001 11.166666666666668 0
    endloop
  endfacet
  facet normal 0 -1 0
    outer loop
      vertex 99.4 22.166666666666668 2.6
      vertex 100.60000000000001 22.166666666666668 0
      vertex 100.60000000000001 22.166666666666668 2.6
    endloop
  endfacet
  facet normal 0 0 -1
    outer loop
      vertex 99.4 11.166666666666668 2.6
      vertex 100.60000000000001 22.166666666666668 2.6
      vertex 100.60000000000001 11.166666666666668 2.6
    endloop
  endfacet
  facet normal 0 1 0
    outer loop
      vertex 132.73333333333335 11.166666666666668 0
      vertex 133.93333333333334 11.166666666666668 2.6
      vertex 133.93333333333334 11.166666666666668 0
    endloop
  endfacet
  facet normal 0 1 0
    outer loop
      vertex 132.73333333333335 11.166666666666668 0
      vertex 132.73333333333335 11.166666666666668 2.6
      vertex 133.93333333333334 11.166666666666668 2.6
    endloop
  endfacet
  facet normal 0 -1 0
    outer loop
      vertex 132.73333333333335 22.166666666666668 0
      vertex 133.93333333333334 22.166666666666668 0
      vertex 132.73333333333335 22.166666666666668 2.6
    endloop
  endfacet
  facet normal 0 -1 0
    outer loop
      vertex 133.93333333333334 22.166666666666668 0
      vertex 133.93333333333334 22.166666666666668 2.6
      vertex 132.73333333333335 22.166666666666668 2.6
    endloop
  endfacet
  facet normal 0 0 -1
    outer loop
      vertex 132.73333333333335 11.166666666666668 2.6
      vertex 133.93333333333334 22.166666666666668 2.6
      vertex 133.93333333333334 11.166666666666668 2.6
    endloop
  endfacet
  facet normal 0 0 -1
    outer loop
      vertex 132.73333333333335 11.166666666666668 2.6
      vertex 132.73333333333335 22.166666666666668 2.6
      vertex 133.93333333333334 22.166666666666668 2.6
    endloop
  endfacet
  facet normal 0 1 0
    outer loop
      vertex 166.0666666666667 11.166666666666668 0
      vertex 167.26666666666668 11.166666666666668 2.6
      vertex 167.26666666666668 11.166666666666668 0
    endloop
  endfacet
  facet normal 0 1 0
    outer loop
      vertex 166.0666666666667 11.166666666666668 0
      vertex 166.0666666666667 11.166666666666668 2.6
      vertex 167.26666666666668 11.166666666666668 2.6
    endloop
  endfacet
  facet normal 0 -1 0
    outer loop
      vertex 166.0666666666667 22.166666666666668 0
      vertex 167.26666666666668 22.166666666666668 0
      vertex 167.26666666666668 22.166666666666668 2.6
    endloop
  endfacet
  facet normal 0 -1 0
    outer loop
      vertex 166.0666666666667 22.166666666666668 0
      vertex 167.26666666666668 22.166666666666668 2.6
      vertex 166.0666666666667 22.166666666666668 2.6
    endloop
  endfacet
  facet normal 0 0 -1
    outer loop
      vertex 166.0666666666667 11.166666666666668 2.6
      vertex 167.26666666666668 22.166666666666668 2.6
      vertex 167.26666666666668 11.166666666666668 2.6
    endloop
  endfacet
  facet normal 0 0 -1
    outer loop
      vertex 166.0666666666667 11.166666666666668 2.6
      vertex 166.0666666666667 22.166666666666668 2.6
      vertex 167.26666666666668 22.166666666666668 2.6
    endloop
  endfacet
  facet normal 0 1 0
    outer loop
      vertex 199.4 11.166666666666668 0
      vertex 200 11.166666666666668 2.6
      vertex 200 11.166666666666668 0
    endloop
  endfacet
  facet normal 0 1 0
    outer loop
      vertex 199.4 11.166666666666668 0
      vertex 199.4 11.166666666666668 2.6
      vertex 200 11.166666666666668 2.6
    endloop
  endfacet
  facet normal 0 -1 0
    outer loop
      vertex 199.4 22.166666666666668 0
      vertex 200 22.166666666666668 0
      vertex 200 22.166666666666668 2.6
    endloop
  endfacet
  facet normal 0 -1 0
    outer loop
      vertex 199.4 22.166666666666668 0
      vertex 200 22.166666666666668 2.6
      vertex 199.4 22.166666666666668 2.6
    endloop
  endfacet
  facet normal 0 0 -1
    outer loop
      vertex 199.4 11.166666666666668 2.6
      vertex 200 22.166666666666668 2.6
      vertex 200 11.166666666666668 2.6
    endloop
  endfacet
  facet normal 0 0 -1
    outer loop
      vertex 199.4 11.166666666666668 2.6
      vertex 199.4 22.166666666666668 2.6
      vertex 200 22.166666666666668 2.6
    endloop
  endfacet
  facet normal 0 1 0
    outer loop
      vertex 0 44.5 0
      vertex 0 44.5 2.6
      vertex 0.6 44.5 0
    endloop
  endfacet
  facet normal 0 1 0
    outer loop
      vertex 0.6 44.5 0
      vertex 0 44.5 2.6
      vertex 0.6 44.5 2.6
    endloop
  endfacet
  facet normal 0 0 -1
    outer loop
      vertex 0 44.5 2.6
      vertex 0.6 55.5 2.6
      vertex 0.6 44.5 2.6
    endloop
  endfacet
  facet normal 0 1 0
    outer loop
      vertex 32.733333333333334 44.5 0
      vertex 32.733333333333334 44.5 2.6
      vertex 33.93333333333334 44.5 0
    endloop
  endfacet
  facet normal 0 1 0
    outer loop
      vertex 33.93333333333334 44.5 0
      vertex 32.733333333333334 44.5 2.6
      vertex 33.93333333333334 44.5 2.6
    endloop
  endfacet
  facet normal 0 0 -1
    outer loop
      vertex 32.733333333333334 44.5 2.6
      vertex 33.93333333333334 55.5 2.6
      vertex 33.93333333333334 44.5 2.6
    endloop
  endfacet
  facet normal 0 -1 0
    outer loop
      vertex 0 55.5 0
      vertex 0.6 55.5 0
      vertex 0 55.5 2.6
    endloop
  endfacet
  facet normal 0 -1 0
    outer loop
      vertex 0.6 55.5 0
      vertex 0.6 55.5 2.6
      vertex 0 55.5 2.6
    endloop
  endfacet
  facet normal 0 0 -1
    outer loop
      vertex 0 44.5 2.6
      vertex 0 55.5 2.6
      vertex 0.6 55.5 2.6
    endloop
  endfacet
  facet normal 0 -1 0
    outer loop
      vertex 32.733333333333334 55.5 0
      vertex 33.93333333333334 55.5 0
      vertex 32.733333333333334 55.5 2.6
    endloop
  endfacet
  facet normal 0 -1 0
    outer loop
      vertex 33.93333333333334 55.5 0
      vertex 33.93333333333334 55.5 2.6
      vertex 32.733333333333334 55.5 2.6
    endloop
  endfacet
  facet normal 0 0 -1
    outer loop
      vertex 32.733333333333334 44.5 2.6
      vertex 32.733333333333334 55.5 2.6
      vertex 33.93333333333334 55.5 2.6
    endloop
  endfacet
  facet normal 0 1 0
    outer loop
      vertex 66.06666666666668 44.5 0
      vertex 67.26666666666668 44.5 2.6
      vertex 67.26666666666668 44.5 0
    endloop
  endfacet
  facet normal 0 1 0
    outer loop
      vertex 66.06666666666668 44.5 0
      vertex 66.06666666666668 44.5 2.6
      vertex 67.26666666666668 44.5 2.6
    endloop
  endfacet
  facet normal 0 0 -1
    outer loop
      vertex 66.06666666666668 44.5 2.6
      vertex 67.26666666666668 55.5 2.6
      vertex 67.26666666666668 44.5 2.6
    endloop
  endfacet
  facet normal 0 1 0
    outer loop
      vertex 99.4 44.5 0
      vertex 99.4 44.5 2.6
      vertex 100.60000000000001 44.5 2.6
    endloop
  endfacet
  facet normal 0 -1 0
    outer loop
      vertex 66.06666666666668 55.5 0
      vertex 67.26666666666668 55.5 0
      vertex 66.06666666666668 55.5 2.6
    endloop
  endfacet
  facet normal 0 -1 0
    outer loop
      vertex 67.26666666666668 55.5 0
      vertex 67.26666666666668 55.5 2.6
      vertex 66.06666666666668 55.5 2.6
    endloop
  endfacet
  facet normal 0 0 -1
    outer loop
      vertex 66.06666666666668 44.5 2.6
      vertex 66.06666666666668 55.5 2.6
      vertex 67.26666666666668 55.5 2.6
    endloop
  endfacet
  facet normal 0 -1 0
    outer loop
      vertex 99.4 55.5 0
      vertex 100.60000000000001 55.5 0
      vertex 99.4 55.5 2.6
    endloop
  endfacet
  facet normal 0 0 -1
    outer loop
      vertex 99.4 44.5 2.6
      vertex 99.4 55.5 2.6
      vertex 100.60000000000001 55.5 2.6
    endloop
  endfacet
  facet normal 0 1 0
    outer loop
      vertex 99.4 44.5 0
      vertex 100.60000000000001 44.5 2.6
      vertex 100.60000000000001 44.5 0
    endloop
  endfacet
  facet normal 0 0 -1
    outer loop
      vertex 99.4 44.5 2.6
      vertex 100.60000000000001 55.5 2.6
      vertex 100.60000000000001 44.5 2.6
    endloop
  endfacet
  facet normal 0 1 0
    outer loop
      vertex 132.73333333333335 44.5 0
      vertex 133.93333333333334 44.5 2.6
      vertex 133.93333333333334 44.5 0
    endloop
  endfacet
  facet normal 0 1 0
    outer loop
      vertex 132.73333333333335 44.5 0
      vertex 132.73333333333335 44.5 2.6
      vertex 133.93333333333334 44.5 2.6
    endloop
  endfacet
  facet normal 0 0 -1
    outer loop
      vertex 132.73333333333335 44.5 2.6
      vertex 133.93333333333334 55.5 2.6
      vertex 133.93333333333334 44.5 2.6
    endloop
  endfacet
  facet normal 0 -1 0
    outer loop
      vertex 99.4 55.5 2.6
      vertex 100.60000000000001 55.5 0
      vertex 100.60000000000001 55.5 2.6
    endloop
  endfacet
  facet normal 0 -1 0
    outer loop
      vertex 132.73333333333335 55.5 0
      vertex 133.93333333333334 55.5 0
      vertex 132.73333333333335 55.5 2.6
    endloop
  endfacet
  facet normal 0 -1 0
    outer loop
      vertex 133.93333333333334 55.5 0
      vertex 133.93333333333334 55.5 2.6
      vertex 132.73333333333335 55.5 2.6
    endloop
  endfacet
  facet normal 0 0 -1
    outer loop
      vertex 132.73333333333335 44.5 2.6
      vertex 132.73333333333335 55.5 2.6
      vertex 133.93333333333334 55.5 2.6
    endloop
  endfacet
  facet normal 0 1 0
    outer loop
      vertex 166.0666666666667 44.5 0
      vertex 167.26666666666668 44.5 2.6
      vertex 167.26666666666668 44.5 0
    endloop
  endfacet
  facet normal 0 1 0
    outer loop
      vertex 166.0666666666667 44.5 0
      vertex 166.0666666666667 44.5 2.6
      vertex 167.26666666666668 44.5 2.6
    endloop
  endfacet
  facet normal 0 0 -1
    outer loop
      vertex 166.0666666666667 44.5 2.6
      vertex 167.26666666666668 55.5 2.6
      vertex 167.26666666666668 44.5 2.6
    endloop
  endfacet
  facet normal 0 1 0
    outer loop
      vertex 199.4 44.5 0
      vertex 200 44.5 2.6
      vertex 200 44.5 0
    endloop
  endfacet
  facet normal 0 1 0
    outer loop
      vertex 199.4 44.5 0
      vertex 199.4 44.5 2.6
      vertex 200 44.5 2.6
    endloop
  endfacet
  facet normal 0 0 -1
    outer loop
      vertex 199.4 44.5 2.6
      vertex 200 55.5 2.6
      vertex 200 44.5 2.6
    endloop
  endfacet
  facet normal 0 -1 0
    outer loop
      vertex 166.0666666666667 55.5 0
      vertex 167.26666666666668 55.5 0
      vertex 167.26666666666668 55.5 2.6
    endloop
  endfacet
  facet normal 0 -1 0
    outer loop
      vertex 166.0666666666667 55.5 0
      vertex 167.26666666666668 55.5 2.6
      vertex 166.0666666666667 55.5 2.6
    endloop
  endfacet
  facet normal 0 0 -1
    outer loop
      vertex 166.0666666666667 44.5 2.6
      vertex 166.0666666666667 55.5 2.6
      vertex 167.26666666666668 55.5 2.6
    endloop
  endfacet
  facet normal 0 -1 0
    outer loop
      vertex 199.4 55.5 0
      vertex 200 55.5 0
      vertex 200 55.5 2.6
    endloop
  endfacet
  facet normal 0 -1 0
    outer loop
      vertex 199.4 55.5 0
      vertex 200 55.5 2.6
      vertex 199.4 55.5 2.6
    endloop
  endfacet
  facet normal 0 0 -1
    outer loop
      vertex 199.4 44.5 2.6
      vertex 199.4 55.5 2.6
      vertex 200 55.5 2.6
    endloop
  endfacet
  facet normal 0 1 0
    outer loop
      vertex 0 77.83333333333334 0
      vertex 0 77.83333333333334 2.6
      vertex 0.6 77.83333333333334 0
    endloop
  endfacet
  facet normal 0 1 0
    outer loop
      vertex 0.6 77.83333333333334 0
      vertex 0 77.83333333333334 2.6
      vertex 0.6 77.83333333333334 2.6
    endloop
  endfacet
  facet normal 0 -1 0
    outer loop
      vertex 0 88.83333333333334 0
      vertex 0.6 88.83333333333334 0
      vertex 0 88.83333333333334 2.6
    endloop
  endfacet
  facet normal 0 -1 0
    outer loop
      vertex 0.6 88.83333333333334 0
      vertex 0.6 88.83333333333334 2.6
      vertex 0 88.83333333333334 2.6
    endloop
  endfacet
  facet normal 0 0 -1
    outer loop
      vertex 0 77.83333333333334 2.6
      vertex 0.6 88.83333333333334 2.6
      vertex 0.6 77.83333333333334 2.6
    endloop
  endfacet
  facet normal 0 0 -1
    outer loop
      vertex 0 77.83333333333334 2.6
      vertex 0 88.83333333333334 2.6
      vertex 0.6 88.83333333333334 2.6
    endloop
  endfacet
  facet normal 0 1 0
    outer loop
      vertex 32.733333333333334 77.83333333333334 0
      vertex 32.733333333333334 77.83333333333334 2.6
      vertex 33.93333333333334 77.83333333333334 0
    endloop
  endfacet
  facet normal 0 1 0
    outer loop
      vertex 33.93333333333334 77.83333333333334 0
      vertex 32.733333333333334 77.83333333333334 2.6
      vertex 33.93333333333334 77.83333333333334 2.6
    endloop
  endfacet
  facet normal 0 -1 0
    outer loop
      vertex 32.733333333333334 88.83333333333334 0
      vertex 33.93333333333334 88.83333333333334 0
      vertex 32.733333333333334 88.83333333333334 2.6
    endloop
  endfacet
  facet normal 0 -1 0
    outer loop
      vertex 33.93333333333334 88.83333333333334 0
      vertex 33.93333333333334 88.83333333333334 2.6
      vertex 32.733333333333334 88.83333333333334 2.6
    endloop
  endfacet
  facet normal 0 0 -1
    outer loop
      vertex 32.733333333333334 77.83333333333334 2.6
      vertex 33.93333333333334 88.83333333333334 2.6
      vertex 33.93333333333334 77.83333333333334 2.6
    endloop
  endfacet
  facet normal 0 0 -1
    outer loop
      vertex 32.733333333333334 77.83333333333334 2.6
      vertex 32.733333333333334 88.83333333333334 2.6
      vertex 33.93333333333334 88.83333333333334 2.6
    endloop
  endfacet
  facet normal 0 1 0
    outer loop
      vertex 66.06666666666668 77.83333333333334 0
      vertex 67.26666666666668 77.83333333333334 2.6
      vertex 67.26666666666668 77.83333333333334 0
    endloop
  endfacet
  facet normal 0 1 0
    outer loop
      vertex 66.06666666666668 77.83333333333334 0
      vertex 66.06666666666668 77.83333333333334 2.6
      vertex 67.26666666666668 77.83333333333334 2.6
    endloop
  endfacet
  facet normal 0 -1 0
    outer loop
      vertex 66.06666666666668 88.83333333333334 0
      vertex 67.26666666666668 88.83333333333334 0
      vertex 66.06666666666668 88.83333333333334 2.6
    endloop
  endfacet
  facet normal 0 -1 0
    outer loop
      vertex 67.26666666666668 88.83333333333334 0
      vertex 67.26666666666668 88.83333333333334 2.6
      vertex 66.06666666666668 88.83333333333334 2.6
    endloop
  endfacet
  facet normal 0 0 -1
    outer loop
      vertex 66.06666666666668 77.83333333333334 2.6
      vertex 67.26666666666668 88.83333333333334 2.6
      vertex 67.26666666666668 77.83333333333334 2.6
    endloop
  endfacet
  facet normal 0 0 -1
    outer loop
      vertex 66.06666666666668 77.83333333333334 2.6
      vertex 66.06666666666668 88.83333333333334 2.6
      vertex 67.26666666666668 88.83333333333334 2.6
    endloop
  endfacet
  facet normal 0 1 0
    outer loop
      vertex 99.4 77.83333333333334 0
      vertex 99.4 77.83333333333334 2.6
      vertex 100.60000000000001 77.83333333333334 2.6
    endloop
  endfacet
  facet normal 0 -1 0
    outer loop
      vertex 99.4 88.83333333333334 0
      vertex 100.60000000000001 88.83333333333334 0
      vertex 99.4 88.83333333333334 2.6
    endloop
  endfacet
  facet normal 0 0 -1
    outer loop
      vertex 99.4 77.83333333333334 2.6
      vertex 99.4 88.83333333333334 2.6
      vertex 100.60000000000001 88.83333333333334 2.6
    endloop
  endfacet
  facet normal 0 1 0
    outer loop
      vertex 99.4 77.83333333333334 0
      vertex 100.60000000000001 77.83333333333334 2.6
      vertex 100.60000000000001 77.83333333333334 0
    endloop
  endfacet
  facet normal 0 -1 0
    outer loop
      vertex 99.4 88.83333333333334 2.6
      vertex 100.60000000000001 88.83333333333334 0
      vertex 100.60000000000001 88.83333333333334 2.6
    endloop
  endfacet
  facet normal 0 0 -1
    outer loop
      vertex 99.4 77.83333333333334 2.6
      vertex 100.60000000000001 88.83333333333334 2.6
      vertex 100.60000000000001 77.83333333333334 2.6
    endloop
  endfacet
  facet normal 0 1 0
    outer loop
      vertex 132.73333333333335 77.83333333333334 0
      vertex 133.93333333333334 77.83333333333334 2.6
      vertex 133.93333333333334 77.83333333333334 0
    endloop
  endfacet
  facet normal 0 1 0
    outer loop
      vertex 132.73333333333335 77.83333333333334 0
      vertex 132.73333333333335 77.83333333333334 2.6
      vertex 133.93333333333334 77.83333333333334 2.6
    endloop
  endfacet
  facet normal 0 -1 0
    outer loop
      vertex 132.73333333333335 88.83333333333334 0
      vertex 133.93333333333334 88.83333333333334 0
      vertex 132.73333333333335 88.83333333333334 2.6
    endloop
  endfacet
  facet normal 0 -1 0
    outer loop
      vertex 133.93333333333334 88.83333333333334 0
      vertex 133.93333333333334 88.83333333333334 2.6
      vertex 132.73333333333335 88.83333333333334 2.6
    endloop
  endfacet
  facet normal 0 0 -1
    outer loop
      vertex 132.73333333333335 77.83333333333334 2.6
      vertex 133.93333333333334 88.83333333333334 2.6
      vertex 133.93333333333334 77.83333333333334 2.6
    endloop
  endfacet
  facet normal 0 0 -1
    outer loop
      vertex 132.73333333333335 77.83333333333334 2.6
      vertex 132.73333333333335 88.83333333333334 2.6
      vertex 133.93333333333334 88.83333333333334 2.6
    endloop
  endfacet
  facet normal 0 1 0
    outer loop
      vertex 166.0666666666667 77.83333333333334 0
      vertex 167.26666666666668 77.83333333333334 2.6
      vertex 167.26666666666668 77.83333333333334 0
    endloop
  endfacet
  facet normal 0 1 0
    outer loop
      vertex 166.0666666666667 77.83333333333334 0
      vertex 166.0666666666667 77.83333333333334 2.6
      vertex 167.26666666666668 77.83333333333334 2.6
    endloop
  endfacet
  facet normal 0 -1 0
    outer loop
      vertex 166.0666666666667 88.83333333333334 0
      vertex 167.26666666666668 88.83333333333334 0
      vertex 167.26666666666668 88.83333333333334 2.6
    endloop
  endfacet
  facet normal 0 -1 0
    outer loop
      vertex 166.0666666666667 88.83333333333334 0
      vertex 167.26666666666668 88.83333333333334 2.6
      vertex 166.0666666666667 88.83333333333334 2.6
    endloop
  endfacet
  facet normal 0 0 -1
    outer loop
      vertex 166.0666666666667 77.83333333333334 2.6
      vertex 167.26666666666668 88.83333333333334 2.6
      vertex 167.26666666666668 77.83333333333334 2.6
    endloop
  endfacet
  facet normal 0 0 -1
    outer loop
      vertex 166.0666666666667 77.83333333333334 2.6
      vertex 166.0666666666667 88.83333333333334 2.6
      vertex 167.26666666666668 88.83333333333334 2.6
    endloop
  endfacet
  facet normal 0 1 0
    outer loop
      vertex 199.4 77.83333333333334 0
      vertex 200 77.83333333333334 2.6
      vertex 200 77.83333333333334 0
    endloop
  endfacet
  facet normal 0 1 0
    outer loop
      vertex 199.4 77.83333333333334 0
      vertex 199.4 77.83333333333334 2.6
      vertex 200 77.83333333333334 2.6
    endloop
  endfacet
  facet normal 0 -1 0
    outer loop
      vertex 199.4 88.83333333333334 0
      vertex 200 88.83333333333334 0
      vertex 200 88.83333333333334 2.6
    endloop
  endfacet
  facet normal 0 -1 0
    outer loop
      vertex 199.4 88.83333333333334 0
      vertex 200 88.83333333333334 2.6
      vertex 199.4 88.83333333333334 2.6
    endloop
  endfacet
  facet normal 0 0 -1
    outer loop
      vertex 199.4 77.83333333333334 2.6
      vertex 200 88.83333333333334 2.6
      vertex 200 77.83333333333334 2.6
    endloop
  endfacet
  facet normal 0 0 -1
    outer loop
      vertex 199.4 77.83333333333334 2.6
      vertex 199.4 88.83333333333334 2.6
      vertex 200 88.83333333333334 2.6
    endloop
  endfacet
  facet normal 0 1 0
    outer loop
      vertex 0 111.16666666666667 0
      vertex 0 111.16666666666667 2.6
      vertex 0.6 111.16666666666667 0
    endloop
  endfacet
  facet normal 0 1 0
    outer loop
      vertex 0.6 111.16666666666667 0
      vertex 0 111.16666666666667 2.6
      vertex 0.6 111.16666666666667 2.6
    endloop
  endfacet
  facet normal 0 -1 0
    outer loop
      vertex 0 122.16666666666667 0
      vertex 0.6 122.16666666666667 0
      vertex 0 122.16666666666667 2.6
    endloop
  endfacet
  facet normal 0 -1 0
    outer loop
      vertex 0.6 122.16666666666667 0
      vertex 0.6 122.16666666666667 2.6
      vertex 0 122.16666666666667 2.6
    endloop
  endfacet
  facet normal 0 0 -1
    outer loop
      vertex 0 111.16666666666667 2.6
      vertex 0.6 122.16666666666667 2.6
      vertex 0.6 111.16666666666667 2.6
    endloop
  endfacet
  facet normal 0 0 -1
    outer loop
      vertex 0 111.16666666666667 2.6
      vertex 0 122.16666666666667 2.6
      vertex 0.6 122.16666666666667 2.6
    endloop
  endfacet
  facet normal 0 1 0
    outer loop
      vertex 32.733333333333334 111.16666666666667 0
      vertex 32.733333333333334 111.16666666666667 2.6
      vertex 33.93333333333334 111.16666666666667 0
    endloop
  endfacet
  facet normal 0 1 0
    outer loop
      vertex 33.93333333333334 111.16666666666667 0
      vertex 32.733333333333334 111.16666666666667 2.6
      vertex 33.93333333333334 111.16666666666667 2.6
    endloop
  endfacet
  facet normal 0 -1 0
    outer loop
      vertex 32.733333333333334 122.16666666666667 0
      vertex 33.93333333333334 122.16666666666667 0
      vertex 32.733333333333334 122.16666666666667 2.6
    endloop
  endfacet
  facet normal 0 -1 0
    outer loop
      vertex 33.93333333333334 122.16666666666667 0
      vertex 33.93333333333334 122.16666666666667 2.6
      vertex 32.733333333333334 122.16666666666667 2.6
    endloop
  endfacet
  facet normal 0 0 -1
    outer loop
      vertex 32.733333333333334 111.16666666666667 2.6
      vertex 33.93333333333334 122.16666666666667 2.6
      vertex 33.93333333333334 111.16666666666667 2.6
    endloop
  endfacet
  facet normal 0 0 -1
    outer loop
      vertex 32.733333333333334 111.16666666666667 2.6
      vertex 32.733333333333334 122.16666666666667 2.6
      vertex 33.93333333333334 122.16666666666667 2.6
    endloop
  endfacet
  facet normal 0 1 0
    outer loop
      vertex 66.06666666666668 111.16666666666667 0
      vertex 67.26666666666668 111.16666666666667 2.6
      vertex 67.26666666666668 111.16666666666667 0
    endloop
  endfacet
  facet normal 0 1 0
    outer loop
      vertex 66.06666666666668 111.16666666666667 0
      vertex 66.06666666666668 111.16666666666667 2.6
      vertex 67.26666666666668 111.16666666666667 2.6
    endloop
  endfacet
  facet normal 0 -1 0
    outer loop
      vertex 66.06666666666668 122.16666666666667 0
      vertex 67.26666666666668 122.16666666666667 0
      vertex 66.06666666666668 122.16666666666667 2.6
    endloop
  endfacet
  facet normal 0 -1 0
    outer loop
      vertex 67.26666666666668 122.16666666666667 0
      vertex 67.26666666666668 122.16666666666667 2.6
      vertex 66.06666666666668 122.16666666666667 2.6
    endloop
  endfacet
  facet normal 0 0 -1
    outer loop
      vertex 66.06666666666668 111.16666666666667 2.6
      vertex 67.26666666666668 122.16666666666667 2.6
      vertex 67.26666666666668 111.16666666666667 2.6
    endloop
  endfacet
  facet normal 0 0 -1
    outer loop
      vertex 66.06666666666668 111.16666666666667 2.6
      vertex 66.06666666666668 122.16666666666667 2.6
      vertex 67.26666666666668 122.16666666666667 2.6
    endloop
  endfacet
  facet normal 0 1 0
    outer loop
      vertex 99.4 111.16666666666667 0
      vertex 99.4 111.16666666666667 2.6
      vertex 100.60000000000001 111.16666666666667 2.6
    endloop
  endfacet
  facet normal 0 -1 0
    outer loop
      vertex 99.4 122.16666666666667 0
      vertex 100.60000000000001 122.16666666666667 0
      vertex 99.4 122.16666666666667 2.6
    endloop
  endfacet
  facet normal 0 0 -1
    outer loop
      vertex 99.4 111.16666666666667 2.6
      vertex 99.4 122.16666666666667 2.6
      vertex 100.60000000000001 122.16666666666667 2.6
    endloop
  endfacet
  facet normal 0 1 0
    outer loop
      vertex 99.4 111.16666666666667 0
      vertex 100.60000000000001 111.16666666666667 2.6
      vertex 100.60000000000001 111.16666666666667 0
    endloop
  endfacet
  facet normal 0 -1 0
    outer loop
      vertex 99.4 122.16666666666667 2.6
      vertex 100.60000000000001 122.16666666666667 0
      vertex 100.60000000000001 122.16666666666667 2.6
    endloop
  endfacet
  facet normal 0 0 -1
    outer loop
      vertex 99.4 111.16666666666667 2.6
      vertex 100.60000000000001 122.16666666666667 2.6
      vertex 100.60000000000001 111.16666666666667 2.6
    endloop
  endfacet
  facet normal 0 1 0
    outer loop
      vertex 132.73333333333335 111.16666666666667 0
      vertex 133.93333333333334 111.16666666666667 2.6
      vertex 133.93333333333334 111.16666666666667 0
    endloop
  endfacet
  facet normal 0 1 0
    outer loop
      vertex 132.73333333333335 111.16666666666667 0
      vertex 132.73333333333335 111.16666666666667 2.6
      vertex 133.93333333333334 111.16666666666667 2.6
    endloop
  endfacet
  facet normal 0 -1 0
    outer loop
      vertex 132.73333333333335 122.16666666666667 0
      vertex 133.93333333333334 122.16666666666667 0
      vertex 132.73333333333335 122.16666666666667 2.6
    endloop
  endfacet
  facet normal 0 -1 0
    outer loop
      vertex 133.93333333333334 122.16666666666667 0
      vertex 133.93333333333334 122.16666666666667 2.6
      vertex 132.73333333333335 122.16666666666667 2.6
    endloop
  endfacet
  facet normal 0 0 -1
    outer loop
      vertex 132.73333333333335 111.16666666666667 2.6
      vertex 133.93333333333334 122.16666666666667 2.6
      vertex 133.93333333333334 111.16666666666667 2.6
    endloop
  endfacet
  facet normal 0 0 -1
    outer loop
      vertex 132.73333333333335 111.16666666666667 2.6
      vertex 132.73333333333335 122.16666666666667 2.6
      vertex 133.93333333333334 122.16666666666667 2.6
    endloop
  endfacet
  facet normal 0 1 0
    outer loop
      vertex 166.0666666666667 111.16666666666667 0
      vertex 167.26666666666668 111.16666666666667 2.6
      vertex 167.26666666666668 111.16666666666667 0
    endloop
  endfacet
  facet normal 0 1 0
    outer loop
      vertex 166.0666666666667 111.16666666666667 0
      vertex 166.0666666666667 111.16666666666667 2.6
      vertex 167.26666666666668 111.16666666666667 2.6
    endloop
  endfacet
  facet normal 0 -1 0
    outer loop
      vertex 166.0666666666667 122.16666666666667 0
      vertex 167.26666666666668 122.16666666666667 0
      vertex 167.26666666666668 122.16666666666667 2.6
    endloop
  endfacet
  facet normal 0 -1 0
    outer loop
      vertex 166.0666666666667 122.16666666666667 0
      vertex 167.26666666666668 122.16666666666667 2.6
      vertex 166.0666666666667 122.16666666666667 2.6
    endloop
  endfacet
  facet normal 0 0 -1
    outer loop
      vertex 166.0666666666667 111.16666666666667 2.6
      vertex 167.26666666666668 122.16666666666667 2.6
      vertex 167.26666666666668 111.16666666666667 2.6
    endloop
  endfacet
  facet normal 0 0 -1
    outer loop
      vertex 166.0666666666667 111.16666666666667 2.6
      vertex 166.0666666666667 122.16666666666667 2.6
      vertex 167.26666666666668 122.16666666666667 2.6
    endloop
  endfacet
  facet normal 0 1 0
    outer loop
      vertex 199.4 111.16666666666667 0
      vertex 200 111.16666666666667 2.6
      vertex 200 111.16666666666667 0
    endloop
  endfacet
  facet normal 0 1 0
    outer loop
      vertex 199.4 111.16666666666667 0
      vertex 199.4 111.16666666666667 2.6
      vertex 200 111.16666666666667 2.6
    endloop
  endfacet
  facet normal 0 -1 0
    outer loop
      vertex 199.4 122.16666666666667 0
      vertex 200 122.16666666666667 0
      vertex 200 122.16666666666667 2.6
    endloop
  endfacet
  facet normal 0 -1 0
    outer loop
      vertex 199.4 122.16666666666667 0
      vertex 200 122.16666666666667 2.6
      vertex 199.4 122.16666666666667 2.6
    endloop
  endfacet
  facet normal 0 0 -1
    outer loop
      vertex 199.4 111.16666666666667 2.6
      vertex 200 122.16666666666667 2.6
      vertex 200 111.16666666666667 2.6
    endloop
  endfacet
  facet normal 0 0 -1
    outer loop
      vertex 199.4 111.16666666666667 2.6
      vertex 199.4 122.16666666666667 2.6
      vertex 200 122.16666666666667 2.6
    endloop
  endfacet
  facet normal 0 1 0
    outer loop
      vertex 0 144.5 0
      vertex 0 144.5 2.6
      vertex 0.6 144.5 0
    endloop
  endfacet
  facet normal 0 1 0
    outer loop
      vertex 0.6 144.5 0
      vertex 0 144.5 2.6
      vertex 0.6 144.5 2.6
    endloop
  endfacet
  facet normal 0 0 -1
    outer loop
      vertex 0 144.5 2.6
      vertex 0.6 155.5 2.6
      vertex 0.6 144.5 2.6
    endloop
  endfacet
  facet normal 0 1 0
    outer loop
      vertex 32.733333333333334 144.5 0
      vertex 32.733333333333334 144.5 2.6
      vertex 33.93333333333334 144.5 0
    endloop
  endfacet
  facet normal 0 1 0
    outer loop
      vertex 33.93333333333334 144.5 0
      vertex 32.733333333333334 144.5 2.6
      vertex 33.93333333333334 144.5 2.6
    endloop
  endfacet
  facet normal 0 0 -1
    outer loop
      vertex 32.733333333333334 144.5 2.6
      vertex 33.93333333333334 155.5 2.6
      vertex 33.93333333333334 144.5 2.6
    endloop
  endfacet
  facet normal 0 -1 0
    outer loop
      vertex 0 155.5 0
      vertex 0.6 155.5 0
      vertex 0 155.5 2.6
    endloop
  endfacet
  facet normal 0 -1 0
    outer loop
      vertex 0.6 155.5 0
      vertex 0.6 155.5 2.6
      vertex 0 155.5 2.6
    endloop
  endfacet
  facet normal 0 0 -1
    outer loop
      vertex 0 144.5 2.6
      vertex 0 155.5 2.6
      vertex 0.6 155.5 2.6
    endloop
  endfacet
  facet normal 0 -1 0
    outer loop
      vertex 32.733333333333334 155.5 0
      vertex 33.93333333333334 155.5 0
      vertex 32.733333333333334 155.5 2.6
    endloop
  endfacet
  facet normal 0 -1 0
    outer loop
      vertex 33.93333333333334 155.5 0
      vertex 33.93333333333334 155.5 2.6
      vertex 32.733333333333334 155.5 2.6
    endloop
  endfacet
  facet normal 0 0 -1
    outer loop
      vertex 32.733333333333334 144.5 2.6
      vertex 32.733333333333334 155.5 2.6
      vertex 33.93333333333334 155.5 2.6
    endloop
  endfacet
  facet normal 0 1 0
    outer loop
      vertex 66.06666666666668 144.5 0
      vertex 67.26666666666668 144.5 2.6
      vertex 67.26666666666668 144.5 0
    endloop
  endfacet
  facet normal 0 1 0
    outer loop
      vertex 66.06666666666668 144.5 0
      vertex 66.06666666666668 144.5 2.6
      vertex 67.26666666666668 144.5 2.6
    endloop
  endfacet
  facet normal 0 0 -1
    outer loop
      vertex 66.06666666666668 144.5 2.6
      vertex 67.26666666666668 155.5 2.6
      vertex 67.26666666666668 144.5 2.6
    endloop
  endfacet
  facet normal 0 1 0
    outer loop
      vertex 99.4 144.5 0
      vertex 99.4 144.5 2.6
      vertex 100.60000000000001 144.5 2.6
    endloop
  endfacet
  facet normal 0 -1 0
    outer loop
      vertex 66.06666666666668 155.5 0
      vertex 67.26666666666668 155.5 0
      vertex 66.06666666666668 155.5 2.6
    endloop
  endfacet
  facet normal 0 -1 0
    outer loop
      vertex 67.26666666666668 155.5 0
      vertex 67.26666666666668 155.5 2.6
      vertex 66.06666666666668 155.5 2.6
    endloop
  endfacet
  facet normal 0 0 -1
    outer loop
      vertex 66.06666666666668 144.5 2.6
      vertex 66.06666666666668 155.5 2.6
      vertex 67.26666666666668 155.5 2.6
    endloop
  endfacet
  facet normal 0 -1 0
    outer loop
      vertex 99.4 155.5 0
      vertex 100.60000000000001 155.5 0
      vertex 99.4 155.5 2.6
    endloop
  endfacet
  facet normal 0 0 -1
    outer loop
      vertex 99.4 144.5 2.6
      vertex 99.4 155.5 2.6
      vertex 100.60000000000001 155.5 2.6
    endloop
  endfacet
  facet normal 0 1 0
    outer loop
      vertex 99.4 144.5 0
      vertex 100.60000000000001 144.5 2.6
      vertex 100.60000000000001 144.5 0
    endloop
  endfacet
  facet normal 0 0 -1
    outer loop
      vertex 99.4 144.5 2.6
      vertex 100.60000000000001 155.5 2.6
      vertex 100.60000000000001 144.5 2.6
    endloop
  endfacet
  facet normal 0 1 0
    outer loop
      vertex 132.73333333333335 144.5 0
      vertex 133.93333333333334 144.5 2.6
      vertex 133.93333333333334 144.5 0
    endloop
  endfacet
  facet normal 0 1 0
    outer loop
      vertex 132.73333333333335 144.5 0
      vertex 132.73333333333335 144.5 2.6
      vertex 133.93333333333334 144.5 2.6
    endloop
  endfacet
  facet normal 0 0 -1
    outer loop
      vertex 132.73333333333335 144.5 2.6
      vertex 133.93333333333334 155.5 2.6
      vertex 133.93333333333334 144.5 2.6
    endloop
  endfacet
  facet normal 0 -1 0
    outer loop
      vertex 99.4 155.5 2.6
      vertex 100.60000000000001 155.5 0
      vertex 100.60000000000001 155.5 2.6
    endloop
  endfacet
  facet normal 0 -1 0
    outer loop
      vertex 132.73333333333335 155.5 0
      vertex 133.93333333333334 155.5 0
      vertex 132.73333333333335 155.5 2.6
    endloop
  endfacet
  facet normal 0 -1 0
    outer loop
      vertex 133.93333333333334 155.5 0
      vertex 133.93333333333334 155.5 2.6
      vertex 132.73333333333335 155.5 2.6
    endloop
  endfacet
  facet normal 0 0 -1
    outer loop
      vertex 132.73333333333335 144.5 2.6
      vertex 132.73333333333335 155.5 2.6
      vertex 133.93333333333334 155.5 2.6
    endloop
  endfacet
  facet normal 0 1 0
    outer loop
      vertex 166.0666666666667 144.5 0
      vertex 167.26666666666668 144.5 2.6
      vertex 167.26666666666668 144.5 0
    endloop
  endfacet
  facet normal 0 1 0
    outer loop
      vertex 166.0666666666667 144.5 0
      vertex 166.0666666666667 144.5 2.6
      vertex 167.26666666666668 144.5 2.6
    endloop
  endfacet
  facet normal 0 0 -1
    outer loop
      vertex 166.0666666666667 144.5 2.6
      vertex 167.26666666666668 155.5 2.6
      vertex 167.26666666666668 144.5 2.6
    endloop
  endfacet
  facet normal 0 1 0
    outer loop
      vertex 199.4 144.5 0
      vertex 200 144.5 2.6
      vertex 200 144.5 0
    endloop
  endfacet
  facet normal 0 1 0
    outer loop
      vertex 199.4 144.5 0
      vertex 199.4 144.5 2.6
      vertex 200 144.5 2.6
    endloop
  endfacet
  facet normal 0 0 -1
    outer loop
      vertex 199.4 144.5 2.6
      vertex 200 155.5 2.6
      vertex 200 144.5 2.6
    endloop
  endfacet
  facet normal 0 -1 0
    outer loop
      vertex 166.0666666666667 155.5 0
      vertex 167.26666666666668 155.5 0
      vertex 167.26666666666668 155.5 2.6
    endloop
  endfacet
  facet normal 0 -1 0
    outer loop
      vertex 166.0666666666667 155.5 0
      vertex 167.26666666666668 155.5 2.6
      vertex 166.0666666666667 155.5 2.6
    endloop
  endfacet
  facet normal 0 0 -1
    outer loop
      vertex 166.0666666666667 144.5 2.6
      vertex 166.0666666666667 155.5 2.6
      vertex 167.26666666666668 155.5 2.6
    endloop
  endfacet
  facet normal 0 -1 0
    outer loop
      vertex 199.4 155.5 0
      vertex 200 155.5 0
      vertex 200 155.5 2.6
    endloop
  endfacet
  facet normal 0 -1 0
    outer loop
      vertex 199.4 155.5 0
      vertex 200 155.5 2.6
      vertex 199.4 155.5 2.6
    endloop
  endfacet
  facet normal 0 0 -1
    outer loop
      vertex 199.4 144.5 2.6
      vertex 199.4 155.5 2.6
      vertex 200 155.5 2.6
    endloop
  endfacet
  facet normal 0 1 0
    outer loop
      vertex 0 177.83333333333334 0
      vertex 0 177.83333333333334 2.6
      vertex 0.6 177.83333333333334 0
    endloop
  endfacet
  facet normal 0 1 0
    outer loop
      vertex 0.6 177.83333333333334 0
      vertex 0 177.83333333333334 2.6
      vertex 0.6 177.83333333333334 2.6
    endloop
  endfacet
  facet normal 0 -1 0
    outer loop
      vertex 0 188.83333333333334 0
      vertex 0.6 188.83333333333334 0
      vertex 0 188.83333333333334 2.6
    endloop
  endfacet
  facet normal 0 -1 0
    outer loop
      vertex 0.6 188.83333333333334 0
      vertex 0.6 188.83333333333334 2.6
      vertex 0 188.83333333333334 2.6
    endloop
  endfacet
  facet normal 0 0 -1
    outer loop
      vertex 0 177.83333333333334 2.6
      vertex 0.6 188.83333333333334 2.6
      vertex 0.6 177.83333333333334 2.6
    endloop
  endfacet
  facet normal 0 0 -1
    outer loop
      vertex 0 177.83333333333334 2.6
      vertex 0 188.83333333333334 2.6
      vertex 0.6 188.83333333333334 2.6
    endloop
  endfacet
  facet normal 0 1 0
    outer loop
      vertex 32.733333333333334 177.83333333333334 0
      vertex 32.733333333333334 177.83333333333334 2.6
      vertex 33.93333333333334 177.83333333333334 0
    endloop
  endfacet
  facet normal 0 1 0
    outer loop
      vertex 33.93333333333334 177.83333333333334 0
      vertex 32.733333333333334 177.83333333333334 2.6
      vertex 33.93333333333334 177.83333333333334 2.6
    endloop
  endfacet
  facet normal 0 -1 0
    outer loop
      vertex 32.733333333333334 188.83333333333334 0
      vertex 33.93333333333334 188.83333333333334 0
      vertex 32.733333333333334 188.83333333333334 2.6
    endloop
  endfacet
  facet normal 0 -1 0
    outer loop
      vertex 33.93333333333334 188.83333333333334 0
      vertex 33.93333333333334 188.83333333333334 2.6
      vertex 32.733333333333334 188.83333333333334 2.6
    endloop
  endfacet
  facet normal 0 0 -1
    outer loop
      vertex 32.733333333333334 177.83333333333334 2.6
      vertex 33.93333333333334 188.83333333333334 2.6
      vertex 33.93333333333334 177.83333333333334 2.6
    endloop
  endfacet
  facet normal 0 0 -1
    outer loop
      vertex 32.733333333333334 177.83333333333334 2.6
      vertex 32.733333333333334 188.83333333333334 2.6
      vertex 33.93333333333334 188.83333333333334 2.6
    endloop
  endfacet
  facet normal 0 1 0
    outer loop
      vertex 66.06666666666668 177.83333333333334 0
      vertex 67.26666666666668 177.83333333333334 2.6
      vertex 67.26666666666668 177.83333333333334 0
    endloop
  endfacet
  facet normal 0 1 0
    outer loop
      vertex 66.06666666666668 177.83333333333334 0
      vertex 66.06666666666668 177.83333333333334 2.6
      vertex 67.26666666666668 177.83333333333334 2.6
    endloop
  endfacet
  facet normal 0 -1 0
    outer loop
      vertex 66.06666666666668 188.83333333333334 0
      vertex 67.26666666666668 188.83333333333334 0
      vertex 66.06666666666668 188.83333333333334 2.6
    endloop
  endfacet
  facet normal 0 -1 0
    outer loop
      vertex 67.26666666666668 188.83333333333334 0
      vertex 67.26666666666668 188.83333333333334 2.6
      vertex 66.06666666666668 188.83333333333334 2.6
    endloop
  endfacet
  facet normal 0 0 -1
    outer loop
      vertex 66.06666666666668 177.83333333333334 2.6
      vertex 67.26666666666668 188.83333333333334 2.6
      vertex 67.26666666666668 177.83333333333334 2.6
    endloop
  endfacet
  facet normal 0 0 -1
    outer loop
      vertex 66.06666666666668 177.83333333333334 2.6
      vertex 66.06666666666668 188.83333333333334 2.6
      vertex 67.26666666666668 188.83333333333334 2.6
    endloop
  endfacet
  facet normal 0 1 0
    outer loop
      vertex 99.4 177.83333333333334 0
      vertex 99.4 177.83333333333334 2.6
      vertex 100.60000000000001 177.83333333333334 2.6
    endloop
  endfacet
  facet normal 0 -1 0
    outer loop
      vertex 99.4 188.83333333333334 0
      vertex 100.60000000000001 188.83333333333334 0
      vertex 99.4 188.83333333333334 2.6
    endloop
  endfacet
  facet normal 0 0 -1
    outer loop
      vertex 99.4 177.83333333333334 2.6
      vertex 99.4 188.83333333333334 2.6
      vertex 100.60000000000001 188.83333333333334 2.6
    endloop
  endfacet
  facet normal 0 1 0
    outer loop
      vertex 99.4 177.83333333333334 0
      vertex 100.60000000000001 177.83333333333334 2.6
      vertex 100.60000000000001 177.83333333333334 0
    endloop
  endfacet
  facet normal 0 -1 0
    outer loop
      vertex 99.4 188.83333333333334 2.6
      vertex 100.60000000000001 188.83333333333334 0
      vertex 100.60000000000001 188.83333333333334 2.6
    endloop
  endfacet
  facet normal 0 0 -1
    outer loop
      vertex 99.4 177.83333333333334 2.6
      vertex 100.60000000000001 188.83333333333334 2.6
      vertex 100.60000000000001 177.83333333333334 2.6
    endloop
  endfacet
  facet normal 0 1 0
    outer loop
      vertex 132.73333333333335 177.83333333333334 0
      vertex 133.93333333333334 177.83333333333334 2.6
      vertex 133.93333333333334 177.83333333333334 0
    endloop
  endfacet
  facet normal 0 1 0
    outer loop
      vertex 132.73333333333335 177.83333333333334 0
      vertex 132.73333333333335 177.83333333333334 2.6
      vertex 133.93333333333334 177.83333333333334 2.6
    endloop
  endfacet
  facet normal 0 -1 0
    outer loop
      vertex 132.73333333333335 188.83333333333334 0
      vertex 133.93333333333334 188.83333333333334 0
      vertex 132.73333333333335 188.83333333333334 2.6
    endloop
  endfacet
  facet normal 0 -1 0
    outer loop
      vertex 133.93333333333334 188.83333333333334 0
      vertex 133.93333333333334 188.83333333333334 2.6
      vertex 132.73333333333335 188.83333333333334 2.6
    endloop
  endfacet
  facet normal 0 0 -1
    outer loop
      vertex 132.73333333333335 177.83333333333334 2.6
      vertex 133.93333333333334 188.83333333333334 2.6
      vertex 133.93333333333334 177.83333333333334 2.6
    endloop
  endfacet
  facet normal 0 0 -1
    outer loop
      vertex 132.73333333333335 177.83333333333334 2.6
      vertex 132.73333333333335 188.83333333333334 2.6
      vertex 133.93333333333334 188.83333333333334 2.6
    endloop
  endfacet
  facet normal 0 1 0
    outer loop
      vertex 166.0666666666667 177.83333333333334 0
      vertex 167.26666666666668 177.83333333333334 2.6
      vertex 167.26666666666668 177.83333333333334 0
    endloop
  endfacet
  facet normal 0 1 0
    outer loop
      vertex 166.0666666666667 177.83333333333334 0
      vertex 166.0666666666667 177.83333333333334 2.6
      vertex 167.26666666666668 177.83333333333334 2.6
    endloop
  endfacet
  facet normal 0 -1 0
    outer loop
      vertex 166.0666666666667 188.83333333333334 0
      vertex 167.26666666666668 188.83333333333334 0
      vertex 167.26666666666668 188.83333333333334 2.6
    endloop
  endfacet
  facet normal 0 -1 0
    outer loop
      vertex 166.0666666666667 188.83333333333334 0
      vertex 167.26666666666668 188.83333333333334 2.6
      vertex 166.0666666666667 188.83333333333334 2.6
    endloop
  endfacet
  facet normal 0 0 -1
    outer loop
      vertex 166.0666666666667 177.83333333333334 2.6
      vertex 167.26666666666668 188.83333333333334 2.6
      vertex 167.26666666666668 177.83333333333334 2.6
    endloop
  endfacet
  facet normal 0 0 -1
    outer loop
      vertex 166.0666666666667 177.83333333333334 2.6
      vertex 166.0666666666667 188.83333333333334 2.6
      vertex 167.26666666666668 188.83333333333334 2.6
    endloop
  endfacet
  facet normal 0 1 0
    outer loop
      vertex 199.4 177.83333333333334 0
      vertex 200 177.83333333333334 2.6
      vertex 200 177.83333333333334 0
    endloop
  endfacet
  facet normal 0 1 0
    outer loop
      vertex 199.4 177.83333333333334 0
      vertex 199.4 177.83333333333334 2.6
      vertex 200 177.83333333333334 2.6
    endloop
  endfacet
  facet normal 0 -1 0
    outer loop
      vertex 199.4 188.83333333333334 0
      vertex 200 188.83333333333334 0
      vertex 200 188.83333333333334 2.6
    endloop
  endfacet
  facet normal 0 -1 0
    outer loop
      vertex 199.4 188.83333333333334 0
      vertex 200 188.83333333333334 2.6
      vertex 199.4 188.83333333333334 2.6
    endloop
  endfacet
  facet normal 0 0 -1
    outer loop
      vertex 199.4 177.83333333333334 2.6
      vertex 200 188.83333333333334 2.6
      vertex 200 177.83333333333334 2.6
    endloop
  endfacet
  facet normal 0 0 -1
    outer loop
      vertex 199.4 177.83333333333334 2.6
      vertex 199.4 188.83333333333334 2.6
      vertex 200 188.83333333333334 2.6
    endloop
  endfacet
  facet normal -1 0 0
    outer loop
      vertex 0 22.166666666666668 0
      vertex 0 22.166666666666668 2.6
      vertex 0 44.5 0
    endloop
  endfacet
  facet normal -1 0 0
    outer loop
      vertex 0 22.166666666666668 2.6
      vertex 0 44.5 2.6
      vertex 0 44.5 0
    endloop
  endfacet
  facet normal -1 0 0
    outer loop
      vertex 0 11.166666666666668 0
      vertex 0 0 0
      vertex 0 0 20
    endloop
  endfacet
  facet normal -1 0 0
    outer loop
      vertex 0 11.166666666666668 0
      vertex 0 0 20
      vertex 0 11.166666666666668 2.6
    endloop
  endfacet
  facet normal -1 0 0
    outer loop
      vertex 0 11.166666666666668 2.6
      vertex 0 0 20
      vertex 0 22.166666666666668 2.6
    endloop
  endfacet
  facet normal -1 0 0
    outer loop
      vertex 0 22.166666666666668 2.6
      vertex 0 0 20
      vertex 0 44.5 2.6
    endloop
  endfacet
  facet normal -1 0 0
    outer loop
      vertex 0 44.5 2.6
      vertex 0 0 20
      vertex 0 55.5 2.6
    endloop
  endfacet
  facet normal -1 0 0
    outer loop
      vertex 0 55.5 2.6
      vertex 0 0 20
      vertex 0 77.83333333333334 2.6
    endloop
  endfacet
  facet normal -1 0 0
    outer loop
      vertex 0 55.5 0
      vertex 0 55.5 2.6
      vertex 0 77.83333333333334 0
    endloop
  endfacet
  facet normal -1 0 0
    outer loop
      vertex 0 55.5 2.6
      vertex 0 77.83333333333334 2.6
      vertex 0 77.83333333333334 0
    endloop
  endfacet
  facet normal -1 0 0
    outer loop
      vertex 0 88.83333333333334 0
      vertex 0 88.83333333333334 2.6
      vertex 0 111.16666666666667 0
    endloop
  endfacet
  facet normal -1 0 0
    outer loop
      vertex 0 77.83333333333334 2.6
      vertex 0 0 20
      vertex 0 88.83333333333334 2.6
    endloop
  endfacet
  facet normal -1 0 0
    outer loop
      vertex 0 88.83333333333334 2.6
      vertex 0 0 20
      vertex 0 111.16666666666667 2.6
    endloop
  endfacet
  facet normal -1 0 0
    outer loop
      vertex 0 0 20
      vertex 0 122.16666666666667 2.6
      vertex 0 111.16666666666667 2.6
    endloop
  endfacet
  facet normal -1 0 0
    outer loop
      vertex 0 0 20
      vertex 0 144.5 2.6
      vertex 0 122.16666666666667 2.6
    endloop
  endfacet
  facet normal -1 0 0
    outer loop
      vertex 0 88.83333333333334 2.6
      vertex 0 111.16666666666667 2.6
      vertex 0 111.16666666666667 0
    endloop
  endfacet
  facet normal -1 0 0
    outer loop
      vertex 0 122.16666666666667 0
      vertex 0 122.16666666666667 2.6
      vertex 0 144.5 0
    endloop
  endfacet
  facet normal -1 0 0
    outer loop
      vertex 0 122.16666666666667 2.6
      vertex 0 144.5 2.6
      vertex 0 144.5 0
    endloop
  endfacet
  facet normal -1 0 0
    outer loop
      vertex 0 0 20
      vertex 0 155.5 2.6
      vertex 0 144.5 2.6
    endloop
  endfacet
  facet normal -1 0 0
    outer loop
      vertex 0 0 20
      vertex 0 177.83333333333334 2.6
      vertex 0 155.5 2.6
    endloop
  endfacet
  facet normal -1 0 0
    outer loop
      vertex 0 0 20
      vertex 0 188.83333333333334 2.6
      vertex 0 177.83333333333334 2.6
    endloop
  endfacet
  facet normal -1 0 0
    outer loop
      vertex 0 155.5 0
      vertex 0 155.5 2.6
      vertex 0 177.83333333333334 0
    endloop
  endfacet
  facet normal -1 0 0
    outer loop
      vertex 0 155.5 2.6
      vertex 0 177.83333333333334 2.6
      vertex 0 177.83333333333334 0
    endloop
  endfacet
  facet normal -1 0 0
    outer loop
      vertex 0 188.83333333333334 0
      vertex 0 194.84615384615384 1.2
      vertex 0 200 0
    endloop
  endfacet
  facet normal -1 0 0
    outer loop
      vertex 0 188.83333333333334 2.6
      vertex 0 194.84615384615384 1.2
      vertex 0 188.83333333333334 0
    endloop
  endfacet
  facet normal -1 0 0
    outer loop
      vertex 0 200 20
      vertex 0 200 1.2
      vertex 0 194.84615384615384 1.2
    endloop
  endfacet
  facet normal -1 0 0
    outer loop
      vertex 0 188.83333333333334 2.6
      vertex 0 200 20
      vertex 0 194.84615384615384 1.2
    endloop
  endfacet
  facet normal -1 0 0
    outer loop
      vertex 0 0 20
      vertex 0 200 20
      vertex 0 188.83333333333334 2.6
    endloop
  endfacet
  facet normal 1 0 0
    outer loop
      vertex 200 0 0
      vertex 200 11.166666666666668 0
      vertex 200 5.153846153846155 1.2
    endloop
  endfacet
  facet normal 1 0 0
    outer loop
      vertex 200 11.166666666666668 2.6
      vertex 200 5.153846153846155 1.2
      vertex 200 11.166666666666668 0
    endloop
  endfacet
  facet normal 1 0 0
    outer loop
      vertex 200 22.166666666666668 0
      vertex 200 44.5 0
      vertex 200 44.5 2.6
    endloop
  endfacet
  facet normal 1 0 0
    outer loop
      vertex 200 22.166666666666668 0
      vertex 200 44.5 2.6
      vertex 200 22.166666666666668 2.6
    endloop
  endfacet
  facet normal 1 0 0
    outer loop
      vertex 200 0 20
      vertex 200 0 1.2
      vertex 200 5.153846153846155 1.2
    endloop
  endfacet
  facet normal 1 0 0
    outer loop
      vertex 200 11.166666666666668 2.6
      vertex 200 0 20
      vertex 200 5.153846153846155 1.2
    endloop
  endfacet
  facet normal 1 0 0
    outer loop
      vertex 200 55.5 0
      vertex 200 77.83333333333334 0
      vertex 200 77.83333333333334 2.6
    endloop
  endfacet
  facet normal 1 0 0
    outer loop
      vertex 200 55.5 0
      vertex 200 77.83333333333334 2.6
      vertex 200 55.5 2.6
    endloop
  endfacet
  facet normal 1 0 0
    outer loop
      vertex 200 88.83333333333334 0
      vertex 200 111.16666666666667 2.6
      vertex 200 88.83333333333334 2.6
    endloop
  endfacet
  facet normal 1 0 0
    outer loop
      vertex 200 11.166666666666668 2.6
      vertex 200 22.166666666666668 2.6
      vertex 200 200 20
    endloop
  endfacet
  facet normal 1 0 0
    outer loop
      vertex 200 22.166666666666668 2.6
      vertex 200 44.5 2.6
      vertex 200 200 20
    endloop
  endfacet
  facet normal 1 0 0
    outer loop
      vertex 200 11.166666666666668 2.6
      vertex 200 200 20
      vertex 200 0 20
    endloop
  endfacet
  facet normal 1 0 0
    outer loop
      vertex 200 88.83333333333334 0
      vertex 200 111.16666666666667 0
      vertex 200 111.16666666666667 2.6
    endloop
  endfacet
  facet normal 1 0 0
    outer loop
      vertex 200 122.16666666666667 0
      vertex 200 144.5 0
      vertex 200 144.5 2.6
    endloop
  endfacet
  facet normal 1 0 0
    outer loop
      vertex 200 122.16666666666667 0
      vertex 200 144.5 2.6
      vertex 200 122.16666666666667 2.6
    endloop
  endfacet
  facet normal 1 0 0
    outer loop
      vertex 200 44.5 2.6
      vertex 200 55.5 2.6
      vertex 200 200 20
    endloop
  endfacet
  facet normal 1 0 0
    outer loop
      vertex 200 55.5 2.6
      vertex 200 77.83333333333334 2.6
      vertex 200 200 20
    endloop
  endfacet
  facet normal 1 0 0
    outer loop
      vertex 200 77.83333333333334 2.6
      vertex 200 88.83333333333334 2.6
      vertex 200 200 20
    endloop
  endfacet
  facet normal 1 0 0
    outer loop
      vertex 200 88.83333333333334 2.6
      vertex 200 111.16666666666667 2.6
      vertex 200 200 20
    endloop
  endfacet
  facet normal 1 0 0
    outer loop
      vertex 200 111.16666666666667 2.6
      vertex 200 122.16666666666667 2.6
      vertex 200 200 20
    endloop
  endfacet
  facet normal 1 0 0
    outer loop
      vertex 200 155.5 0
      vertex 200 177.83333333333334 0
      vertex 200 177.83333333333334 2.6
    endloop
  endfacet
  facet normal 1 0 0
    outer loop
      vertex 200 155.5 0
      vertex 200 177.83333333333334 2.6
      vertex 200 155.5 2.6
    endloop
  endfacet
  facet normal 1 0 0
    outer loop
      vertex 200 122.16666666666667 2.6
      vertex 200 144.5 2.6
      vertex 200 200 20
    endloop
  endfacet
  facet normal 1 0 0
    outer loop
      vertex 200 144.5 2.6
      vertex 200 155.5 2.6
      vertex 200 200 20
    endloop
  endfacet
  facet normal 1 0 0
    outer loop
      vertex 200 188.83333333333334 0
      vertex 200 192 0
      vertex 200 200 20
    endloop
  endfacet
  facet normal 1 0 0
    outer loop
      vertex 200 200 20
      vertex 200 192 0
      vertex 200 200 0
    endloop
  endfacet
  facet normal 1 0 0
    outer loop
      vertex 200 155.5 2.6
      vertex 200 177.83333333333334 2.6
      vertex 200 200 20
    endloop
  endfacet
  facet normal 1 0 0
    outer loop
      vertex 200 188.83333333333334 0
      vertex 200 200 20
      vertex 200 188.83333333333334 2.6
    endloop
  endfacet
  facet normal 1 0 0
    outer loop
      vertex 200 177.83333333333334 2.6
      vertex 200 188.83333333333334 2.6
      vertex 200 200 20
    endloop
  endfacet
  facet normal 0 -1 0
    outer loop
      vertex 0 0 20
      vertex 0 0 0
      vertex 8 0 0.8
    endloop
  endfacet
  facet normal 0 -1 0
    outer loop
      vertex 8 0 0.8
      vertex 8 0 0
      vertex 199.5 0 1.2
    endloop
  endfacet
  facet normal 0 -1 0
    outer loop
      vertex 0 0 20
      vertex 8 0 0.8
      vertex 200 0 20
    endloop
  endfacet
  facet normal 0 -1 0
    outer loop
      vertex 8 0 0
      vertex 200 0 0
      vertex 199.5 0 1.2
    endloop
  endfacet
  facet normal 0 -1 0
    outer loop
      vertex 200 0 20
      vertex 8 0 0.8
      vertex 199.5 0 1.2
    endloop
  endfacet
  facet normal 0 -1 0
    outer loop
      vertex 200 0 20
      vertex 199.5 0 1.2
      vertex 200 0 1.2
    endloop
  endfacet
  facet normal 0 1 0
    outer loop
      vertex 100.00000000000165 200 0
      vertex 0 200 0
      vertex 0.5217391304347818 200 1.2
    endloop
  endfacet
  facet normal 0 1 0
    outer loop
      vertex 0 200 20
      vertex 0.5217391304347818 200 1.2
      vertex 0 200 1.2
    endloop
  endfacet
  facet normal 0 1 0
    outer loop
      vertex 0 200 20
      vertex 100.00000000000165 200 0
      vertex 0.5217391304347818 200 1.2
    endloop
  endfacet
  facet normal 0 1 0
    outer loop
      vertex 0 200 20
      vertex 192 200 0.8
      vertex 100.00000000000165 200 0
    endloop
  endfacet
  facet normal 0 1 0
    outer loop
      vertex 100.00000000000165 200 0
      vertex 192 200 0.8
      vertex 192 200 0
    endloop
  endfacet
  facet normal 0 1 0
    outer loop
      vertex 200 200 20
      vertex 200 200 0
      vertex 192 200 0.8
    endloop
  endfacet
  facet normal 0 1 0
    outer loop
      vertex 0 200 20
      vertex 200 200 20
      vertex 192 200 0.8
    endloop
  endfacet
  facet normal 0 0 -1
    outer loop
      vertex 0 0 0
      vertex 2.521792747981941 3.387706508215856 0
      vertex 2.6696486203159275 3.1110876271686365 0
    endloop
  endfacet
  facet normal 0 0 -1
    outer loop
      vertex 0 0 0
      vertex 2.6696486203159275 3.1110876271686365 0
      vertex 2.8686291501015235 2.8686291501015235 0
    endloop
  endfacet
  facet normal 0 0 -1
    outer loop
      vertex 0 0 0
      vertex 2.8686291501015235 2.8686291501015235 0
      vertex 3.1110876271686365 2.6696486203159275 0
    endloop
  endfacet
  facet normal 0 0 -1
    outer loop
      vertex 0 0 0
      vertex 3.1110876271686365 2.6696486203159275 0
      vertex 3.387706508215856 2.521792747981941 0
    endloop
  endfacet
  facet normal 0 0 -1
    outer loop
      vertex 2.521792747981941 3.387706508215856 0
      vertex 0 0 0
      vertex 2.4307435513548312 3.687855484774195 0
    endloop
  endfacet
  facet normal 0 0 -1
    outer loop
      vertex 2.4307435513548312 3.687855484774195 0
      vertex 0 0 0
      vertex 2.4 4 0
    endloop
  endfacet
  facet normal 0 0 -1
    outer loop
      vertex 2.4 4 0
      vertex 0 0 0
      vertex 2.4307435513548312 4.312144515225805 0
    endloop
  endfacet
  facet normal 0 0 -1
    outer loop
      vertex 2.4307435513548312 4.312144515225805 0
      vertex 0 0 0
      vertex 2.521792747981941 4.612293491784143 0
    endloop
  endfacet
  facet normal 0 0 -1
    outer loop
      vertex 0 0 0
      vertex 3.387706508215856 2.521792747981941 0
      vertex 3.687855484774195 2.4307435513548312 0
    endloop
  endfacet
  facet normal 0 0 -1
    outer loop
      vertex 2.6696486203159275 4.8889123728313635 0
      vertex 0 0 0
      vertex 0.4133190750337846 7.692327229795437 0
    endloop
  endfacet
  facet normal 0 0 -1
    outer loop
      vertex 2.521792747981941 4.612293491784143 0
      vertex 0 0 0
      vertex 2.6696486203159275 4.8889123728313635 0
    endloop
  endfacet
  facet normal 0 0 -1
    outer loop
      vertex 2.6696486203159275 4.8889123728313635 0
      vertex 0.4133190750337846 7.692327229795437 0
      vertex 2.8686291501015235 5.1313708498984765 0
    endloop
  endfacet
  facet normal 0 0 -1
    outer loop
      vertex 2.8686291501015235 5.1313708498984765 0
      vertex 0.4133190750337846 7.692327229795437 0
      vertex 3.1110876271686365 5.330351379684073 0
    endloop
  endfacet
  facet normal 0 0 -1
    outer loop
      vertex 3.1110876271686365 5.330351379684073 0
      vertex 0.4133190750337846 7.692327229795437 0
      vertex 3.387706508215856 5.478207252018059 0
    endloop
  endfacet
  facet normal 0 0 -1
    outer loop
      vertex 3.687855484774195 2.4307435513548312 0
      vertex 7.979055637748108 0.011806277201811117 0
      vertex 0 0 0
    endloop
  endfacet
  facet normal 0 0 -1
    outer loop
      vertex 0 0 0
      vertex 7.979055637748108 0.011806277201811117 0
      vertex 8 0 0
    endloop
  endfacet
  facet normal 0 -1 0
    outer loop
      vertex 0 0 0
      vertex 8 0 0
      vertex 8 0 0.8
    endloop
  endfacet
  facet normal 0 0 -1
    outer loop
      vertex 3.687855484774195 2.4307435513548312 0
      vertex 4 2.4 0
      vertex 7.979055637748108 0.011806277201811117 0
    endloop
  endfacet
  facet normal 0 0 -1
    outer loop
      vertex 4 2.4 0
      vertex 4.312144515225805 2.4307435513548312 0
      vertex 8 0.011837267704671023 0
    endloop
  endfacet
  facet normal 0 0 -1
    outer loop
      vertex 4.312144515225805 2.4307435513548312 0
      vertex 4.612293491784143 2.521792747981941 0
      vertex 8 0.011837267704671023 0
    endloop
  endfacet
  facet normal 0 0 -1
    outer loop
      vertex 4.612293491784143 2.521792747981941 0
      vertex 4.8889123728313635 2.6696486203159275 0
      vertex 8 0.011837267704671023 0
    endloop
  endfacet
  facet normal 0 0 -1
    outer loop
      vertex 4.8889123728313635 2.6696486203159275 0
      vertex 5.1313708498984765 2.8686291501015235 0
      vertex 8 0.011837267704671023 0
    endloop
  endfacet
  facet normal 0 0 -1
    outer loop
      vertex 5.1313708498984765 2.8686291501015235 0
      vertex 5.330351379684073 3.1110876271686365 0
      vertex 8 0.011837267704671023 0
    endloop
  endfacet
  facet normal 0 0 -1
    outer loop
      vertex 4.8889123728313635 5.330351379684073 0
      vertex 8 8 0
      vertex 5.1313708498984765 5.1313708498984765 0
    endloop
  endfacet
  facet normal 0 0 -1
    outer loop
      vertex 5.330351379684073 4.8889123728313635 0
      vertex 5.1313708498984765 5.1313708498984765 0
      vertex 8 8 0
    endloop
  endfacet
  facet normal 0 0 1
    outer loop
      vertex 2.6696486203159275 3.1110876271686365 1.2
      vertex 0.6 0.6 1.2
      vertex 2.8686291501015235 2.8686291501015235 1.2
    endloop
  endfacet
  facet normal 0 0 1
    outer loop
      vertex 3.1110876271686365 2.6696486203159275 1.2
      vertex 2.8686291501015235 2.8686291501015235 1.2
      vertex 0.6 0.6 1.2
    endloop
  endfacet
  facet normal 0 0 1
    outer loop
      vertex 2.6696486203159275 3.1110876271686365 1.2
      vertex 2.521792747981941 3.387706508215856 1.2
      vertex 0.6 0.6 1.2
    endloop
  endfacet
  facet normal 0 0 1
    outer loop
      vertex 2.521792747981941 3.387706508215856 1.2
      vertex 2.4307435513548312 3.687855484774195 1.2
      vertex 0.6 0.6 1.2
    endloop
  endfacet
  facet normal 0 0 1
    outer loop
      vertex 2.4307435513548312 3.687855484774195 1.2
      vertex 2.4 4 1.2
      vertex 0.6 0.6 1.2
    endloop
  endfacet
  facet normal 0 0 1
    outer loop
      vertex 2.4 4 1.2
      vertex 2.4307435513548312 4.312144515225805 1.2
      vertex 0.6 0.6 1.2
    endloop
  endfacet
  facet normal 0 0 1
    outer loop
      vertex 3.1110876271686365 2.6696486203159275 1.2
      vertex 0.6 0.6 1.2
      vertex 3.387706508215856 2.521792747981941 1.2
    endloop
  endfacet
  facet normal 0 0 1
    outer loop
      vertex 3.387706508215856 2.521792747981941 1.2
      vertex 0.6 0.6 1.2
      vertex 3.687855484774195 2.4307435513548312 1.2
    endloop
  endfacet
  facet normal 0 0 1
    outer loop
      vertex 2.4307435513548312 4.312144515225805 1.2
      vertex 0.6 8 1.2
      vertex 0.6 0.6 1.2
    endloop
  endfacet
  facet normal 0 0 1
    outer loop
      vertex 2.4307435513548312 4.312144515225805 1.2
      vertex 2.521792747981941 4.612293491784143 1.2
      vertex 0.6 8 1.2
    endloop
  endfacet
  facet normal 0 0 1
    outer loop
      vertex 2.521792747981941 4.612293491784143 1.2
      vertex 2.6696486203159275 4.8889123728313635 1.2
      vertex 0.6 8 1.2
    endloop
  endfacet
  facet normal 0 0 1
    outer loop
      vertex 2.6696486203159275 4.8889123728313635 1.2
      vertex 2.8686291501015235 5.1313708498984765 1.2
      vertex 0.6 8 1.2
    endloop
  endfacet
  facet normal 0 0 1
    outer loop
      vertex 2.8686291501015235 5.1313708498984765 1.2
      vertex 3.1110876271686365 5.330351379684073 1.2
      vertex 0.6 8 1.2
    endloop
  endfacet
  facet normal 0 0 1
    outer loop
      vertex 3.687855484774195 2.4307435513548312 1.2
      vertex 0.6 0.6 1.2
      vertex 8 0.6 1.2
    endloop
  endfacet
  facet normal 0 0 1
    outer loop
      vertex 3.687855484774195 2.4307435513548312 1.2
      vertex 8 0.6 1.2
      vertex 4 2.4 1.2
    endloop
  endfacet
  facet normal 0 0 1
    outer loop
      vertex 4 2.4 1.2
      vertex 8 0.6 1.2
      vertex 4.312144515225805 2.4307435513548312 1.2
    endloop
  endfacet
  facet normal 0 0 1
    outer loop
      vertex 4.312144515225805 2.4307435513548312 1.2
      vertex 8 0.6 1.2
      vertex 4.612293491784143 2.521792747981941 1.2
    endloop
  endfacet
  facet normal 0 0 1
    outer loop
      vertex 4.612293491784143 2.521792747981941 1.2
      vertex 8 0.6 1.2
      vertex 4.8889123728313635 2.6696486203159275 1.2
    endloop
  endfacet
  facet normal 0 0 1
    outer loop
      vertex 4.8889123728313635 2.6696486203159275 1.2
      vertex 8 0.6 1.2
      vertex 5.1313708498984765 2.8686291501015235 1.2
    endloop
  endfacet
  facet normal 0 0 1
    outer loop
      vertex 5.1313708498984765 2.8686291501015235 1.2
      vertex 8 0.6 1.2
      vertex 5.330351379684073 3.1110876271686365 1.2
    endloop
  endfacet
  facet normal 0 0 1
    outer loop
      vertex 4.8889123728313635 5.330351379684073 1.2
      vertex 5.1313708498984765 5.1313708498984765 1.2
      vertex 8 8 1.2
    endloop
  endfacet
  facet normal 0 0 1
    outer loop
      vertex 5.330351379684073 4.8889123728313635 1.2
      vertex 8 8 1.2
      vertex 5.1313708498984765 5.1313708498984765 1.2
    endloop
  endfacet
  facet normal 0 0 -1
    outer loop
      vertex 3.387706508215856 5.478207252018059 0
      vertex 0.4133190750337846 7.692327229795437 0
      vertex 0.6 8 0
    endloop
  endfacet
  facet normal 0 0 -1
    outer loop
      vertex 3.387706508215856 5.478207252018059 0
      vertex 0.6 8 0
      vertex 8 8 0
    endloop
  endfacet
  facet normal 0 0 -1
    outer loop
      vertex 3.387706508215856 5.478207252018059 0
      vertex 8 8 0
      vertex 3.687855484774195 5.569256448645168 0
    endloop
  endfacet
  facet normal 0 0 -1
    outer loop
      vertex 3.687855484774195 5.569256448645168 0
      vertex 8 8 0
      vertex 4 5.6 0
    endloop
  endfacet
  facet normal 0 0 -1
    outer loop
      vertex 4 5.6 0
      vertex 8 8 0
      vertex 4.312144515225805 5.569256448645168 0
    endloop
  endfacet
  facet normal 0 0 -1
    outer loop
      vertex 4.312144515225805 5.569256448645168 0
      vertex 8 8 0
      vertex 4.612293491784143 5.478207252018059 0
    endloop
  endfacet
  facet normal 0 0 -1
    outer loop
      vertex 4.612293491784143 5.478207252018059 0
      vertex 8 8 0
      vertex 4.8889123728313635 5.330351379684073 0
    endloop
  endfacet
  facet normal 0 1 0
    outer loop
      vertex 8 8 0
      vertex 0.6 8 0
      vertex 8 8 1.2
    endloop
  endfacet
  facet normal 0 1 0
    outer loop
      vertex 8 8 1.2
      vertex 0.6 8 0
      vertex 0.6 8 1.2
    endloop
  endfacet
  facet normal 0 0 1
    outer loop
      vertex 3.1110876271686365 5.330351379684073 1.2
      vertex 3.387706508215856 5.478207252018059 1.2
      vertex 0.6 8 1.2
    endloop
  endfacet
  facet normal 0 0 1
    outer loop
      vertex 3.387706508215856 5.478207252018059 1.2
      vertex 3.687855484774195 5.569256448645168 1.2
      vertex 0.6 8 1.2
    endloop
  endfacet
  facet normal 0 0 1
    outer loop
      vertex 3.687855484774195 5.569256448645168 1.2
      vertex 4 5.6 1.2
      vertex 0.6 8 1.2
    endloop
  endfacet
  facet normal 0 0 1
    outer loop
      vertex 4 5.6 1.2
      vertex 4.312144515225805 5.569256448645168 1.2
      vertex 0.6 8 1.2
    endloop
  endfacet
  facet normal 0 0 1
    outer loop
      vertex 4.312144515225805 5.569256448645168 1.2
      vertex 4.612293491784143 5.478207252018059 1.2
      vertex 0.6 8 1.2
    endloop
  endfacet
  facet normal 0 0 1
    outer loop
      vertex 4.612293491784143 5.478207252018059 1.2
      vertex 8 8 1.2
      vertex 0.6 8 1.2
    endloop
  endfacet
  facet normal 0 0 1
    outer loop
      vertex 4.612293491784143 5.478207252018059 1.2
      vertex 4.8889123728313635 5.330351379684073 1.2
      vertex 8 8 1.2
    endloop
  endfacet
  facet normal 0 0 -1
    outer loop
      vertex 4 2.4 0
      vertex 8 0.011837267704671023 0
      vertex 7.979055637748108 0.011806277201811117 0
    endloop
  endfacet
  facet normal 0 0 -1
    outer loop
      vertex 5.569256448645168 3.687855484774195 0
      vertex 8 0.14663951120162932 0
      vertex 8 0.011837267704671023 0
    endloop
  endfacet
  facet normal 0 0 -1
    outer loop
      vertex 5.569256448645168 3.687855484774195 0
      vertex 8 0.6 0
      vertex 8 0.14663951120162932 0
    endloop
  endfacet
  facet normal 0 0 -1
    outer loop
      vertex 5.330351379684073 3.1110876271686365 0
      vertex 5.478207252018059 3.387706508215856 0
      vertex 8 0.011837267704671023 0
    endloop
  endfacet
  facet normal 0 0 -1
    outer loop
      vertex 5.478207252018059 3.387706508215856 0
      vertex 5.569256448645168 3.687855484774195 0
      vertex 8 0.011837267704671023 0
    endloop
  endfacet
  facet normal 1 0 0
    outer loop
      vertex 8 8 0
      vertex 8 0.6 1.2
      vertex 8 0.6 0
    endloop
  endfacet
  facet normal 0 0 -1
    outer loop
      vertex 8 8 0
      vertex 8 0.6 0
      vertex 5.569256448645168 3.687855484774195 0
    endloop
  endfacet
  facet normal 0 0 -1
    outer loop
      vertex 5.569256448645168 3.687855484774195 0
      vertex 5.6 4 0
      vertex 8 8 0
    endloop
  endfacet
  facet normal 0 0 -1
    outer loop
      vertex 5.6 4 0
      vertex 5.569256448645168 4.312144515225805 0
      vertex 8 8 0
    endloop
  endfacet
  facet normal 0 0 -1
    outer loop
      vertex 5.569256448645168 4.312144515225805 0
      vertex 5.478207252018059 4.612293491784143 0
      vertex 8 8 0
    endloop
  endfacet
  facet normal 0 0 -1
    outer loop
      vertex 5.478207252018059 4.612293491784143 0
      vertex 5.330351379684073 4.8889123728313635 0
      vertex 8 8 0
    endloop
  endfacet
  facet normal 0 0 1
    outer loop
      vertex 5.330351379684073 3.1110876271686365 1.2
      vertex 8 0.6 1.2
      vertex 5.478207252018059 3.387706508215856 1.2
    endloop
  endfacet
  facet normal 1 0 0
    outer loop
      vertex 8 8 0
      vertex 8 8 1.2
      vertex 8 0.6 1.2
    endloop
  endfacet
  facet normal 0 0 1
    outer loop
      vertex 5.478207252018059 3.387706508215856 1.2
      vertex 8 0.6 1.2
      vertex 8 8 1.2
    endloop
  endfacet
  facet normal 0 0 1
    outer loop
      vertex 5.478207252018059 3.387706508215856 1.2
      vertex 8 8 1.2
      vertex 5.569256448645168 3.687855484774195 1.2
    endloop
  endfacet
  facet normal 0 0 1
    outer loop
      vertex 5.569256448645168 3.687855484774195 1.2
      vertex 8 8 1.2
      vertex 5.6 4 1.2
    endloop
  endfacet
  facet normal 0 0 1
    outer loop
      vertex 5.6 4 1.2
      vertex 8 8 1.2
      vertex 5.569256448645168 4.312144515225805 1.2
    endloop
  endfacet
  facet normal 0 0 1
    outer loop
      vertex 5.569256448645168 4.312144515225805 1.2
      vertex 8 8 1.2
      vertex 5.478207252018059 4.612293491784143 1.2
    endloop
  endfacet
  facet normal 0 0 1
    outer loop
      vertex 5.478207252018059 4.612293491784143 1.2
      vertex 8 8 1.2
      vertex 5.330351379684073 4.8889123728313635 1.2
    endloop
  endfacet
  facet normal 0.7730104533627381 0.634393284163644 0
    outer loop
      vertex 2.6696486203159275 3.1110876271686365 0
      vertex 2.6696486203159275 3.1110876271686365 1.2
      vertex 2.8686291501015235 2.8686291501015235 0
    endloop
  endfacet
  facet normal 0.634393284163644 0.7730104533627381 4.0085624263053994e-18
    outer loop
      vertex 3.1110876271686365 2.6696486203159275 0
      vertex 2.8686291501015235 2.8686291501015235 0
      vertex 2.8686291501015235 2.8686291501015235 1.2
    endloop
  endfacet
  facet normal 0.8819212643483545 0.47139673682599864 6.011861788385181e-18
    outer loop
      vertex 2.6696486203159275 3.1110876271686365 0
      vertex 2.521792747981941 3.387706508215856 0
      vertex 2.521792747981941 3.387706508215856 1.2
    endloop
  endfacet
  facet normal 0.9569403357322092 0.29028467725446133 -3.559942162207952e-19
    outer loop
      vertex 2.521792747981941 3.387706508215856 0
      vertex 2.4307435513548312 3.687855484774195 0
      vertex 2.4307435513548312 3.687855484774195 1.2
    endloop
  endfacet
  facet normal 0.9951847266721968 0.09801714032956071 1.7116979137877285e-18
    outer loop
      vertex 2.4307435513548312 3.687855484774195 0
      vertex 2.4 4 0
      vertex 2.4 4 1.2
    endloop
  endfacet
  facet normal 0.9951847266721968 -0.09801714032956071 -1.7116979137877285e-18
    outer loop
      vertex 2.4 4 0
      vertex 2.4307435513548312 4.312144515225805 0
      vertex 2.4307435513548312 4.312144515225805 1.2
    endloop
  endfacet
  facet normal 0.9569403357322089 -0.2902846772544617 3.5426117127100134e-18
    outer loop
      vertex 2.4307435513548312 4.312144515225805 0
      vertex 2.521792747981941 4.612293491784143 0
      vertex 2.521792747981941 4.612293491784143 1.2
    endloop
  endfacet
  facet normal 0.8819212643483548 -0.471396736825998 2.5196827607844663e-18
    outer loop
      vertex 2.521792747981941 4.612293491784143 0
      vertex 2.6696486203159275 4.8889123728313635 0
      vertex 2.6696486203159275 4.8889123728313635 1.2
    endloop
  endfacet
  facet normal 0.7730104533627381 -0.634393284163644 -4.0085624263053994e-18
    outer loop
      vertex 2.6696486203159275 4.8889123728313635 0
      vertex 2.8686291501015235 5.1313708498984765 0
      vertex 2.8686291501015235 5.1313708498984765 1.2
    endloop
  endfacet
  facet normal 0.6343932841636448 -0.7730104533627374 5.52895137906456e-18
    outer loop
      vertex 2.8686291501015235 5.1313708498984765 0
      vertex 3.1110876271686365 5.330351379684073 0
      vertex 3.1110876271686365 5.330351379684073 1.2
    endloop
  endfacet
  facet normal 0.47139673682599864 0.8819212643483545 0
    outer loop
      vertex 3.1110876271686365 2.6696486203159275 0
      vertex 3.1110876271686365 2.6696486203159275 1.2
      vertex 3.387706508215856 2.521792747981941 0
    endloop
  endfacet
  facet normal 0.29028467725446133 0.9569403357322092 0
    outer loop
      vertex 3.387706508215856 2.521792747981941 0
      vertex 3.387706508215856 2.521792747981941 1.2
      vertex 3.687855484774195 2.4307435513548312 0
    endloop
  endfacet
  facet normal 0.09801714032956071 0.9951847266721968 0
    outer loop
      vertex 3.687855484774195 2.4307435513548312 0
      vertex 3.687855484774195 2.4307435513548312 1.2
      vertex 4 2.4 0
    endloop
  endfacet
  facet normal -0.09801714032956071 0.9951847266721968 0
    outer loop
      vertex 4 2.4 0
      vertex 4 2.4 1.2
      vertex 4.312144515225805 2.4307435513548312 0
    endloop
  endfacet
  facet normal -0.2902846772544617 0.9569403357322089 0
    outer loop
      vertex 4.312144515225805 2.4307435513548312 0
      vertex 4.312144515225805 2.4307435513548312 1.2
      vertex 4.612293491784143 2.521792747981941 0
    endloop
  endfacet
  facet normal -0.471396736825998 0.8819212643483548 0
    outer loop
      vertex 4.612293491784143 2.521792747981941 0
      vertex 4.612293491784143 2.521792747981941 1.2
      vertex 4.8889123728313635 2.6696486203159275 0
    endloop
  endfacet
  facet normal -0.634393284163644 0.7730104533627381 0
    outer loop
      vertex 4.8889123728313635 2.6696486203159275 0
      vertex 4.8889123728313635 2.6696486203159275 1.2
      vertex 5.1313708498984765 2.8686291501015235 0
    endloop
  endfacet
  facet normal -0.7730104533627374 0.6343932841636448 0
    outer loop
      vertex 5.1313708498984765 2.8686291501015235 0
      vertex 5.1313708498984765 2.8686291501015235 1.2
      vertex 5.330351379684073 3.1110876271686365 0
    endloop
  endfacet
  facet normal 0.4713967368259976 -0.8819212643483552 -5.477081104892221e-19
    outer loop
      vertex 3.1110876271686365 5.330351379684073 0
      vertex 3.387706508215856 5.478207252018059 0
      vertex 3.387706508215856 5.478207252018059 1.2
    endloop
  endfacet
  facet normal 0.29028467725446 -0.9569403357322096 -3.506897502820775e-18
    outer loop
      vertex 3.387706508215856 5.478207252018059 0
      vertex 3.687855484774195 5.569256448645168 0
      vertex 3.687855484774195 5.569256448645168 1.2
    endloop
  endfacet
  facet normal 0.09801714032956071 -0.9951847266721968 -1.7116979137877285e-18
    outer loop
      vertex 3.687855484774195 5.569256448645168 0
      vertex 4 5.6 0
      vertex 4 5.6 1.2
    endloop
  endfacet
  facet normal -0.09801714032956071 -0.9951847266721968 1.7116979137877285e-18
    outer loop
      vertex 4 5.6 0
      vertex 4.312144515225805 5.569256448645168 0
      vertex 4.312144515225805 5.569256448645168 1.2
    endloop
  endfacet
  facet normal -0.2902846772544604 -0.9569403357322094 3.2028000633103606e-19
    outer loop
      vertex 4.312144515225805 5.569256448645168 0
      vertex 4.612293491784143 5.478207252018059 0
      vertex 4.612293491784143 5.478207252018059 1.2
    endloop
  endfacet
  facet normal -0.8819212643483552 0.4713967368259976 0
    outer loop
      vertex 5.330351379684073 3.1110876271686365 0
      vertex 5.330351379684073 3.1110876271686365 1.2
      vertex 5.478207252018059 3.387706508215856 0
    endloop
  endfacet
  facet normal -0.9569403357322096 0.29028467725446 0
    outer loop
      vertex 5.478207252018059 3.387706508215856 0
      vertex 5.478207252018059 3.387706508215856 1.2
      vertex 5.569256448645168 3.687855484774195 0
    endloop
  endfacet
  facet normal -0.9951847266721968 0.09801714032956071 0
    outer loop
      vertex 5.569256448645168 3.687855484774195 0
      vertex 5.569256448645168 3.687855484774195 1.2
      vertex 5.6 4 0
    endloop
  endfacet
  facet normal -0.9951847266721968 -0.09801714032956071 0
    outer loop
      vertex 5.6 4 0
      vertex 5.6 4 1.2
      vertex 5.569256448645168 4.312144515225805 0
    endloop
  endfacet
  facet normal -0.9569403357322094 -0.2902846772544604 0
    outer loop
      vertex 5.569256448645168 4.312144515225805 0
      vertex 5.569256448645168 4.312144515225805 1.2
      vertex 5.478207252018059 4.612293491784143 0
    endloop
  endfacet
  facet normal -0.4713967368259969 -0.8819212643483555 -7.9838364386799e-18
    outer loop
      vertex 4.612293491784143 5.478207252018059 0
      vertex 4.8889123728313635 5.330351379684073 0
      vertex 4.8889123728313635 5.330351379684073 1.2
    endloop
  endfacet
  facet normal -0.6343932841636448 -0.7730104533627374 -5.52895137906456e-18
    outer loop
      vertex 4.8889123728313635 5.330351379684073 0
      vertex 5.1313708498984765 5.1313708498984765 0
      vertex 5.1313708498984765 5.1313708498984765 1.2
    endloop
  endfacet
  facet normal -0.7730104533627374 -0.6343932841636448 0
    outer loop
      vertex 5.330351379684073 4.8889123728313635 0
      vertex 5.330351379684073 4.8889123728313635 1.2
      vertex 5.1313708498984765 5.1313708498984765 0
    endloop
  endfacet
  facet normal -0.8819212643483555 -0.4713967368259969 0
    outer loop
      vertex 5.478207252018059 4.612293491784143 0
      vertex 5.478207252018059 4.612293491784143 1.2
      vertex 5.330351379684073 4.8889123728313635 0
    endloop
  endfacet
  facet normal 0.7730104533627381 0.634393284163644 0
    outer loop
      vertex 2.8686291501015235 2.8686291501015235 0
      vertex 2.6696486203159275 3.1110876271686365 1.2
      vertex 2.8686291501015235 2.8686291501015235 1.2
    endloop
  endfacet
  facet normal 0.634393284163644 0.7730104533627381 0
    outer loop
      vertex 3.1110876271686365 2.6696486203159275 0
      vertex 2.8686291501015235 2.8686291501015235 1.2
      vertex 3.1110876271686365 2.6696486203159275 1.2
    endloop
  endfacet
  facet normal 0.9569403357322092 0.29028467725446133 0
    outer loop
      vertex 2.521792747981941 3.387706508215856 0
      vertex 2.4307435513548312 3.687855484774195 1.2
      vertex 2.521792747981941 3.387706508215856 1.2
    endloop
  endfacet
  facet normal 0.8819212643483545 0.47139673682599864 0
    outer loop
      vertex 2.6696486203159275 3.1110876271686365 0
      vertex 2.521792747981941 3.387706508215856 1.2
      vertex 2.6696486203159275 3.1110876271686365 1.2
    endloop
  endfacet
  facet normal 0.9951847266721968 0.09801714032956071 0
    outer loop
      vertex 2.4307435513548312 3.687855484774195 0
      vertex 2.4 4 1.2
      vertex 2.4307435513548312 3.687855484774195 1.2
    endloop
  endfacet
  facet normal 0.9951847266721968 -0.09801714032956071 0
    outer loop
      vertex 2.4 4 0
      vertex 2.4307435513548312 4.312144515225805 1.2
      vertex 2.4 4 1.2
    endloop
  endfacet
  facet normal 0.9569403357322089 -0.2902846772544617 0
    outer loop
      vertex 2.4307435513548312 4.312144515225805 0
      vertex 2.521792747981941 4.612293491784143 1.2
      vertex 2.4307435513548312 4.312144515225805 1.2
    endloop
  endfacet
  facet normal 0.8819212643483548 -0.471396736825998 0
    outer loop
      vertex 2.521792747981941 4.612293491784143 0
      vertex 2.6696486203159275 4.8889123728313635 1.2
      vertex 2.521792747981941 4.612293491784143 1.2
    endloop
  endfacet
  facet normal 0.7730104533627381 -0.634393284163644 0
    outer loop
      vertex 2.6696486203159275 4.8889123728313635 0
      vertex 2.8686291501015235 5.1313708498984765 1.2
      vertex 2.6696486203159275 4.8889123728313635 1.2
    endloop
  endfacet
  facet normal 0.6343932841636448 -0.7730104533627374 0
    outer loop
      vertex 2.8686291501015235 5.1313708498984765 0
      vertex 3.1110876271686365 5.330351379684073 1.2
      vertex 2.8686291501015235 5.1313708498984765 1.2
    endloop
  endfacet
  facet normal 0.47139673682599864 0.8819212643483545 0
    outer loop
      vertex 3.387706508215856 2.521792747981941 0
      vertex 3.1110876271686365 2.6696486203159275 1.2
      vertex 3.387706508215856 2.521792747981941 1.2
    endloop
  endfacet
  facet normal 0.29028467725446133 0.9569403357322092 0
    outer loop
      vertex 3.687855484774195 2.4307435513548312 0
      vertex 3.387706508215856 2.521792747981941 1.2
      vertex 3.687855484774195 2.4307435513548312 1.2
    endloop
  endfacet
  facet normal 0.09801714032956071 0.9951847266721968 0
    outer loop
      vertex 4 2.4 0
      vertex 3.687855484774195 2.4307435513548312 1.2
      vertex 4 2.4 1.2
    endloop
  endfacet
  facet normal -0.09801714032956071 0.9951847266721968 0
    outer loop
      vertex 4.312144515225805 2.4307435513548312 0
      vertex 4 2.4 1.2
      vertex 4.312144515225805 2.4307435513548312 1.2
    endloop
  endfacet
  facet normal -0.2902846772544617 0.9569403357322089 0
    outer loop
      vertex 4.612293491784143 2.521792747981941 0
      vertex 4.312144515225805 2.4307435513548312 1.2
      vertex 4.612293491784143 2.521792747981941 1.2
    endloop
  endfacet
  facet normal -0.471396736825998 0.8819212643483548 0
    outer loop
      vertex 4.8889123728313635 2.6696486203159275 0
      vertex 4.612293491784143 2.521792747981941 1.2
      vertex 4.8889123728313635 2.6696486203159275 1.2
    endloop
  endfacet
  facet normal -0.634393284163644 0.7730104533627381 0
    outer loop
      vertex 5.1313708498984765 2.8686291501015235 0
      vertex 4.8889123728313635 2.6696486203159275 1.2
      vertex 5.1313708498984765 2.8686291501015235 1.2
    endloop
  endfacet
  facet normal -0.7730104533627374 0.6343932841636448 0
    outer loop
      vertex 5.330351379684073 3.1110876271686365 0
      vertex 5.1313708498984765 2.8686291501015235 1.2
      vertex 5.330351379684073 3.1110876271686365 1.2
    endloop
  endfacet
  facet normal 0.4713967368259976 -0.8819212643483552 0
    outer loop
      vertex 3.1110876271686365 5.330351379684073 0
      vertex 3.387706508215856 5.478207252018059 1.2
      vertex 3.1110876271686365 5.330351379684073 1.2
    endloop
  endfacet
  facet normal 0.29028467725446 -0.9569403357322096 0
    outer loop
      vertex 3.387706508215856 5.478207252018059 0
      vertex 3.687855484774195 5.569256448645168 1.2
      vertex 3.387706508215856 5.478207252018059 1.2
    endloop
  endfacet
  facet normal 0.09801714032956071 -0.9951847266721968 0
    outer loop
      vertex 3.687855484774195 5.569256448645168 0
      vertex 4 5.6 1.2
      vertex 3.687855484774195 5.569256448645168 1.2
    endloop
  endfacet
  facet normal -0.09801714032956071 -0.9951847266721968 0
    outer loop
      vertex 4 5.6 0
      vertex 4.312144515225805 5.569256448645168 1.2
      vertex 4 5.6 1.2
    endloop
  endfacet
  facet normal -0.2902846772544604 -0.9569403357322094 0
    outer loop
      vertex 4.312144515225805 5.569256448645168 0
      vertex 4.612293491784143 5.478207252018059 1.2
      vertex 4.312144515225805 5.569256448645168 1.2
    endloop
  endfacet
  facet normal -0.8819212643483552 0.4713967368259976 0
    outer loop
      vertex 5.478207252018059 3.387706508215856 0
      vertex 5.330351379684073 3.1110876271686365 1.2
      vertex 5.478207252018059 3.387706508215856 1.2
    endloop
  endfacet
  facet normal -0.9569403357322096 0.29028467725446 0
    outer loop
      vertex 5.569256448645168 3.687855484774195 0
      vertex 5.478207252018059 3.387706508215856 1.2
      vertex 5.569256448645168 3.687855484774195 1.2
    endloop
  endfacet
  facet normal -0.9951847266721968 0.09801714032956071 0
    outer loop
      vertex 5.6 4 0
      vertex 5.569256448645168 3.687855484774195 1.2
      vertex 5.6 4 1.2
    endloop
  endfacet
  facet normal -0.9951847266721968 -0.09801714032956071 0
    outer loop
      vertex 5.569256448645168 4.312144515225805 0
      vertex 5.6 4 1.2
      vertex 5.569256448645168 4.312144515225805 1.2
    endloop
  endfacet
  facet normal -0.9569403357322094 -0.2902846772544604 0
    outer loop
      vertex 5.478207252018059 4.612293491784143 0
      vertex 5.569256448645168 4.312144515225805 1.2
      vertex 5.478207252018059 4.612293491784143 1.2
    endloop
  endfacet
  facet normal -0.4713967368259969 -0.8819212643483555 0
    outer loop
      vertex 4.612293491784143 5.478207252018059 0
      vertex 4.8889123728313635 5.330351379684073 1.2
      vertex 4.612293491784143 5.478207252018059 1.2
    endloop
  endfacet
  facet normal -0.6343932841636448 -0.7730104533627374 0
    outer loop
      vertex 4.8889123728313635 5.330351379684073 0
      vertex 5.1313708498984765 5.1313708498984765 1.2
      vertex 4.8889123728313635 5.330351379684073 1.2
    endloop
  endfacet
  facet normal -0.7730104533627374 -0.6343932841636448 0
    outer loop
      vertex 5.1313708498984765 5.1313708498984765 0
      vertex 5.330351379684073 4.8889123728313635 1.2
      vertex 5.1313708498984765 5.1313708498984765 1.2
    endloop
  endfacet
  facet normal -0.8819212643483555 -0.4713967368259969 0
    outer loop
      vertex 5.330351379684073 4.8889123728313635 0
      vertex 5.478207252018059 4.612293491784143 1.2
      vertex 5.330351379684073 4.8889123728313635 1.2
    endloop
  endfacet
  facet normal 0 0 -1
    outer loop
      vertex 3.687855484774195 194.43074355135482 0
      vertex 0.17981072555205 192 0
      vertex 0.1786777843954731 192 0
    endloop
  endfacet
  facet normal 0 0 -1
    outer loop
      vertex 3.687855484774195 194.43074355135482 0
      vertex 0.6 192 0
      vertex 0.17981072555205 192 0
    endloop
  endfacet
  facet normal 0 0 -1
    outer loop
      vertex 3.1110876271686365 194.66964862031594 0
      vertex 3.387706508215856 194.52179274798195 0
      vertex 0.1786777843954731 192 0
    endloop
  endfacet
  facet normal 0 0 -1
    outer loop
      vertex 3.387706508215856 194.52179274798195 0
      vertex 3.687855484774195 194.43074355135482 0
      vertex 0.1786777843954731 192 0
    endloop
  endfacet
  facet normal 0 -1 0
    outer loop
      vertex 8 192 0
      vertex 0.6 192 1.2
      vertex 0.6 192 0
    endloop
  endfacet
  facet normal 0 0 -1
    outer loop
      vertex 8 192 0
      vertex 0.6 192 0
      vertex 3.687855484774195 194.43074355135482 0
    endloop
  endfacet
  facet normal 0 0 -1
    outer loop
      vertex 3.687855484774195 194.43074355135482 0
      vertex 4 194.4 0
      vertex 8 192 0
    endloop
  endfacet
  facet normal 0 0 -1
    outer loop
      vertex 4 194.4 0
      vertex 4.312144515225805 194.43074355135482 0
      vertex 8 192 0
    endloop
  endfacet
  facet normal 0 0 -1
    outer loop
      vertex 4.312144515225805 194.43074355135482 0
      vertex 4.612293491784143 194.52179274798195 0
      vertex 8 192 0
    endloop
  endfacet
  facet normal 0 0 -1
    outer loop
      vertex 4.612293491784143 194.52179274798195 0
      vertex 4.8889123728313635 194.66964862031594 0
      vertex 8 192 0
    endloop
  endfacet
  facet normal 0 0 1
    outer loop
      vertex 3.1110876271686365 194.66964862031594 1.2
      vertex 0.6 192 1.2
      vertex 3.387706508215856 194.52179274798195 1.2
    endloop
  endfacet
  facet normal 0 0 1
    outer loop
      vertex 3.387706508215856 194.52179274798195 1.2
      vertex 0.6 192 1.2
      vertex 3.687855484774195 194.43074355135482 1.2
    endloop
  endfacet
  facet normal 0 0 1
    outer loop
      vertex 3.687855484774195 194.43074355135482 1.2
      vertex 0.6 192 1.2
      vertex 4 194.4 1.2
    endloop
  endfacet
  facet normal 0 0 1
    outer loop
      vertex 4 194.4 1.2
      vertex 0.6 192 1.2
      vertex 4.312144515225805 194.43074355135482 1.2
    endloop
  endfacet
  facet normal 0 -1 0
    outer loop
      vertex 8 192 0
      vertex 8 192 1.2
      vertex 0.6 192 1.2
    endloop
  endfacet
  facet normal 0 0 1
    outer loop
      vertex 4.312144515225805 194.43074355135482 1.2
      vertex 0.6 192 1.2
      vertex 8 192 1.2
    endloop
  endfacet
  facet normal 0 0 1
    outer loop
      vertex 4.312144515225805 194.43074355135482 1.2
      vertex 8 192 1.2
      vertex 4.612293491784143 194.52179274798195 1.2
    endloop
  endfacet
  facet normal 0 0 1
    outer loop
      vertex 4.612293491784143 194.52179274798195 1.2
      vertex 8 192 1.2
      vertex 4.8889123728313635 194.66964862031594 1.2
    endloop
  endfacet
  facet normal 0 0 -1
    outer loop
      vertex 2.521792747981941 196.61229349178416 0
      vertex 0.1786777843954731 192 0
      vertex 0.5964214711729623 199.40357852882704 0
    endloop
  endfacet
  facet normal 0 0 -1
    outer loop
      vertex 2.6696486203159275 195.11108762716864 0
      vertex 2.8686291501015235 194.86862915010153 0
      vertex 0.1786777843954731 192 0
    endloop
  endfacet
  facet normal 0 0 -1
    outer loop
      vertex 2.521792747981941 195.38770650821584 0
      vertex 0.1786777843954731 192 0
      vertex 2.4307435513548312 195.6878554847742 0
    endloop
  endfacet
  facet normal 0 0 -1
    outer loop
      vertex 2.6696486203159275 195.11108762716864 0
      vertex 0.1786777843954731 192 0
      vertex 2.521792747981941 195.38770650821584 0
    endloop
  endfacet
  facet normal 0 0 -1
    outer loop
      vertex 2.8686291501015235 194.86862915010153 0
      vertex 3.1110876271686365 194.66964862031594 0
      vertex 0.1786777843954731 192 0
    endloop
  endfacet
  facet normal 0 0 -1
    outer loop
      vertex 2.4307435513548312 195.6878554847742 0
      vertex 0.1786777843954731 192 0
      vertex 2.4 196 0
    endloop
  endfacet
  facet normal 0 0 -1
    outer loop
      vertex 2.4 196 0
      vertex 0.1786777843954731 192 0
      vertex 2.4307435513548312 196.3121445152258 0
    endloop
  endfacet
  facet normal 0 0 -1
    outer loop
      vertex 2.4307435513548312 196.3121445152258 0
      vertex 0.1786777843954731 192 0
      vertex 2.521792747981941 196.61229349178416 0
    endloop
  endfacet
  facet normal 0 0 -1
    outer loop
      vertex 3.1110876271686365 197.33035137968406 0
      vertex 0.5964214711729623 199.40357852882704 0
      vertex 0 200 0
    endloop
  endfacet
  facet normal 0 0 -1
    outer loop
      vertex 2.521792747981941 196.61229349178416 0
      vertex 0.5964214711729623 199.40357852882704 0
      vertex 2.6696486203159275 196.88891237283136 0
    endloop
  endfacet
  facet normal 0 0 -1
    outer loop
      vertex 2.6696486203159275 196.88891237283136 0
      vertex 0.5964214711729623 199.40357852882704 0
      vertex 2.8686291501015235 197.13137084989847 0
    endloop
  endfacet
  facet normal 0 0 -1
    outer loop
      vertex 2.8686291501015235 197.13137084989847 0
      vertex 0.5964214711729623 199.40357852882704 0
      vertex 3.1110876271686365 197.33035137968406 0
    endloop
  endfacet
  facet normal 0 0 -1
    outer loop
      vertex 3.1110876271686365 197.33035137968406 0
      vertex 0 200 0
      vertex 3.387706508215856 197.47820725201805 0
    endloop
  endfacet
  facet normal 0 0 -1
    outer loop
      vertex 3.387706508215856 197.47820725201805 0
      vertex 0 200 0
      vertex 3.687855484774195 197.56925644864518 0
    endloop
  endfacet
  facet normal 0 0 -1
    outer loop
      vertex 3.687855484774195 197.56925644864518 0
      vertex 0 200 0
      vertex 4 197.6 0
    endloop
  endfacet
  facet normal 0 0 -1
    outer loop
      vertex 4 197.6 0
      vertex 0 200 0
      vertex 4.312144515225805 197.56925644864518 0
    endloop
  endfacet
  facet normal 0 0 -1
    outer loop
      vertex 4.8889123728313635 194.66964862031594 0
      vertex 5.1313708498984765 194.86862915010153 0
      vertex 8 192 0
    endloop
  endfacet
  facet normal 0 0 -1
    outer loop
      vertex 5.1313708498984765 194.86862915010153 0
      vertex 5.330351379684073 195.11108762716864 0
      vertex 8 192 0
    endloop
  endfacet
  facet normal 0 0 -1
    outer loop
      vertex 4.312144515225805 197.56925644864518 0
      vertex 0 200 0
      vertex 7.853095016591842 199.90317181826794 0
    endloop
  endfacet
  facet normal 0 0 -1
    outer loop
      vertex 4.312144515225805 197.56925644864518 0
      vertex 7.853095016591842 199.90317181826794 0
      vertex 4.612293491784143 197.47820725201805 0
    endloop
  endfacet
  facet normal 0 0 -1
    outer loop
      vertex 4.612293491784143 197.47820725201805 0
      vertex 7.9647185227983135 199.97674523214255 0
      vertex 4.8889123728313635 197.33035137968406 0
    endloop
  endfacet
  facet normal 0 0 -1
    outer loop
      vertex 5.1313708498984765 197.13137084989847 0
      vertex 7.9647185227983135 199.97674523214255 0
      vertex 5.330351379684073 196.88891237283136 0
    endloop
  endfacet
  facet normal 0 0 -1
    outer loop
      vertex 4.8889123728313635 197.33035137968406 0
      vertex 7.9647185227983135 199.97674523214255 0
      vertex 5.1313708498984765 197.13137084989847 0
    endloop
  endfacet
  facet normal 0 0 1
    outer loop
      vertex 2.4307435513548312 195.6878554847742 1.2
      vertex 0.6 199.4 1.2
      vertex 0.6 192 1.2
    endloop
  endfacet
  facet normal 0 0 1
    outer loop
      vertex 2.6696486203159275 195.11108762716864 1.2
      vertex 2.521792747981941 195.38770650821584 1.2
      vertex 0.6 192 1.2
    endloop
  endfacet
  facet normal 0 0 1
    outer loop
      vertex 2.521792747981941 195.38770650821584 1.2
      vertex 2.4307435513548312 195.6878554847742 1.2
      vertex 0.6 192 1.2
    endloop
  endfacet
  facet normal 0 0 1
    outer loop
      vertex 2.6696486203159275 195.11108762716864 1.2
      vertex 0.6 192 1.2
      vertex 2.8686291501015235 194.86862915010153 1.2
    endloop
  endfacet
  facet normal 0 0 1
    outer loop
      vertex 2.8686291501015235 194.86862915010153 1.2
      vertex 0.6 192 1.2
      vertex 3.1110876271686365 194.66964862031594 1.2
    endloop
  endfacet
  facet normal -1 0 0
    outer loop
      vertex 0 200 1.2
      vertex 0 200 0
      vertex 0 194.84615384615384 1.2
    endloop
  endfacet
  facet normal 0 1 0
    outer loop
      vertex 0 200 1.2
      vertex 0.5217391304347818 200 1.2
      vertex 0 200 0
    endloop
  endfacet
  facet normal 0 0 1
    outer loop
      vertex 2.4307435513548312 195.6878554847742 1.2
      vertex 2.4 196 1.2
      vertex 0.6 199.4 1.2
    endloop
  endfacet
  facet normal 0 0 1
    outer loop
      vertex 2.4 196 1.2
      vertex 2.4307435513548312 196.3121445152258 1.2
      vertex 0.6 199.4 1.2
    endloop
  endfacet
  facet normal 0 0 1
    outer loop
      vertex 2.4307435513548312 196.3121445152258 1.2
      vertex 2.521792747981941 196.61229349178416 1.2
      vertex 0.6 199.4 1.2
    endloop
  endfacet
  facet normal 0 0 1
    outer loop
      vertex 2.521792747981941 196.61229349178416 1.2
      vertex 2.6696486203159275 196.88891237283136 1.2
      vertex 0.6 199.4 1.2
    endloop
  endfacet
  facet normal 0 0 1
    outer loop
      vertex 2.6696486203159275 196.88891237283136 1.2
      vertex 2.8686291501015235 197.13137084989847 1.2
      vertex 0.6 199.4 1.2
    endloop
  endfacet
  facet normal 0 0 1
    outer loop
      vertex 2.8686291501015235 197.13137084989847 1.2
      vertex 3.1110876271686365 197.33035137968406 1.2
      vertex 0.6 199.4 1.2
    endloop
  endfacet
  facet normal 0 0 1
    outer loop
      vertex 3.1110876271686365 197.33035137968406 1.2
      vertex 3.387706508215856 197.47820725201805 1.2
      vertex 0.6 199.4 1.2
    endloop
  endfacet
  facet normal 0 0 1
    outer loop
      vertex 4.8889123728313635 194.66964862031594 1.2
      vertex 8 192 1.2
      vertex 5.1313708498984765 194.86862915010153 1.2
    endloop
  endfacet
  facet normal 0 0 1
    outer loop
      vertex 5.1313708498984765 194.86862915010153 1.2
      vertex 8 192 1.2
      vertex 5.330351379684073 195.11108762716864 1.2
    endloop
  endfacet
  facet normal 0 0 1
    outer loop
      vertex 3.387706508215856 197.47820725201805 1.2
      vertex 8 199.4 1.2
      vertex 0.6 199.4 1.2
    endloop
  endfacet
  facet normal 0 0 1
    outer loop
      vertex 3.387706508215856 197.47820725201805 1.2
      vertex 3.687855484774195 197.56925644864518 1.2
      vertex 8 199.4 1.2
    endloop
  endfacet
  facet normal 0 0 1
    outer loop
      vertex 3.687855484774195 197.56925644864518 1.2
      vertex 4 197.6 1.2
      vertex 8 199.4 1.2
    endloop
  endfacet
  facet normal 0 0 1
    outer loop
      vertex 4 197.6 1.2
      vertex 4.312144515225805 197.56925644864518 1.2
      vertex 8 199.4 1.2
    endloop
  endfacet
  facet normal 0 0 1
    outer loop
      vertex 4.312144515225805 197.56925644864518 1.2
      vertex 4.612293491784143 197.47820725201805 1.2
      vertex 8 199.4 1.2
    endloop
  endfacet
  facet normal 0 0 1
    outer loop
      vertex 4.612293491784143 197.47820725201805 1.2
      vertex 4.8889123728313635 197.33035137968406 1.2
      vertex 8 199.4 1.2
    endloop
  endfacet
  facet normal 0 0 1
    outer loop
      vertex 4.8889123728313635 197.33035137968406 1.2
      vertex 5.1313708498984765 197.13137084989847 1.2
      vertex 8 199.4 1.2
    endloop
  endfacet
  facet normal 0 0 1
    outer loop
      vertex 5.1313708498984765 197.13137084989847 1.2
      vertex 5.330351379684073 196.88891237283136 1.2
      vertex 8 199.4 1.2
    endloop
  endfacet
  facet normal 0 0 -1
    outer loop
      vertex 5.330351379684073 195.11108762716864 0
      vertex 5.478207252018059 195.38770650821584 0
      vertex 8 192 0
    endloop
  endfacet
  facet normal 0 0 -1
    outer loop
      vertex 5.478207252018059 195.38770650821584 0
      vertex 5.569256448645168 195.6878554847742 0
      vertex 8 192 0
    endloop
  endfacet
  facet normal 0 0 -1
    outer loop
      vertex 5.569256448645168 195.6878554847742 0
      vertex 8 199.4 0
      vertex 8 192 0
    endloop
  endfacet
  facet normal 1 0 0
    outer loop
      vertex 8 192 0
      vertex 8 199.4 0
      vertex 8 192 1.2
    endloop
  endfacet
  facet normal 0 0 -1
    outer loop
      vertex 5.569256448645168 195.6878554847742 0
      vertex 5.6 196 0
      vertex 7.9647185227983135 199.97674523214255 0
    endloop
  endfacet
  facet normal 0 0 -1
    outer loop
      vertex 5.6 196 0
      vertex 5.569256448645168 196.3121445152258 0
      vertex 7.9647185227983135 199.97674523214255 0
    endloop
  endfacet
  facet normal 0 0 -1
    outer loop
      vertex 5.569256448645168 196.3121445152258 0
      vertex 5.478207252018059 196.61229349178416 0
      vertex 7.9647185227983135 199.97674523214255 0
    endloop
  endfacet
  facet normal 0 0 -1
    outer loop
      vertex 5.478207252018059 196.61229349178416 0
      vertex 5.330351379684073 196.88891237283136 0
      vertex 7.9647185227983135 199.97674523214255 0
    endloop
  endfacet
  facet normal 0 0 -1
    outer loop
      vertex 5.569256448645168 195.6878554847742 0
      vertex 8 199.9766422200198 0
      vertex 8 199.4 0
    endloop
  endfacet
  facet normal 0 0 -1
    outer loop
      vertex 7.853095016591842 199.90317181826794 0
      vertex 7.9647185227983135 199.97674523214255 0
      vertex 4.612293491784143 197.47820725201805 0
    endloop
  endfacet
  facet normal 0 0 -1
    outer loop
      vertex 5.569256448645168 195.6878554847742 0
      vertex 7.9647185227983135 199.97674523214255 0
      vertex 8 199.9766422200198 0
    endloop
  endfacet
  facet normal 0 0 1
    outer loop
      vertex 5.330351379684073 195.11108762716864 1.2
      vertex 8 192 1.2
      vertex 5.478207252018059 195.38770650821584 1.2
    endloop
  endfacet
  facet normal 0 0 1
    outer loop
      vertex 5.478207252018059 195.38770650821584 1.2
      vertex 8 192 1.2
      vertex 5.569256448645168 195.6878554847742 1.2
    endloop
  endfacet
  facet normal 0 0 1
    outer loop
      vertex 5.569256448645168 195.6878554847742 1.2
      vertex 8 192 1.2
      vertex 5.6 196 1.2
    endloop
  endfacet
  facet normal 0 0 1
    outer loop
      vertex 5.6 196 1.2
      vertex 8 192 1.2
      vertex 5.569256448645168 196.3121445152258 1.2
    endloop
  endfacet
  facet normal 0 0 1
    outer loop
      vertex 5.569256448645168 196.3121445152258 1.2
      vertex 8 192 1.2
      vertex 8 199.4 1.2
    endloop
  endfacet
  facet normal 1 0 0
    outer loop
      vertex 8 192 1.2
      vertex 8 199.4 0
      vertex 8 199.4 1.2
    endloop
  endfacet
  facet normal 0 0 1
    outer loop
      vertex 5.569256448645168 196.3121445152258 1.2
      vertex 8 199.4 1.2
      vertex 5.478207252018059 196.61229349178416 1.2
    endloop
  endfacet
  facet normal 0 0 1
    outer loop
      vertex 5.478207252018059 196.61229349178416 1.2
      vertex 8 199.4 1.2
      vertex 5.330351379684073 196.88891237283136 1.2
    endloop
  endfacet
  facet normal 0.8819212643483397 0.4713967368260263 1.4115185320490558e-18
    outer loop
      vertex 2.6696486203159275 195.11108762716864 0
      vertex 2.521792747981941 195.38770650821584 0
      vertex 2.521792747981941 195.38770650821584 1.2
    endloop
  endfacet
  facet normal 0.6343932841636263 0.7730104533627526 0
    outer loop
      vertex 2.8686291501015235 194.86862915010153 0
      vertex 2.8686291501015235 194.86862915010153 1.2
      vertex 3.1110876271686365 194.66964862031594 0
    endloop
  endfacet
  facet normal 0.7730104533627438 0.634393284163637 0
    outer loop
      vertex 2.6696486203159275 195.11108762716864 0
      vertex 2.6696486203159275 195.11108762716864 1.2
      vertex 2.8686291501015235 194.86862915010153 0
    endloop
  endfacet
  facet normal 0.9569403357322115 0.2902846772544539 -4.3348199527248306e-18
    outer loop
      vertex 2.521792747981941 195.38770650821584 0
      vertex 2.4307435513548312 195.6878554847742 0
      vertex 2.4307435513548312 195.6878554847742 1.2
    endloop
  endfacet
  facet normal 0.995184726672197 0.09801714032955906 -3.3552695330473883e-19
    outer loop
      vertex 2.4307435513548312 195.6878554847742 0
      vertex 2.4 196 0
      vertex 2.4 196 1.2
    endloop
  endfacet
  facet normal 0.995184726672197 -0.09801714032955906 3.3552695330473883e-19
    outer loop
      vertex 2.4 196 0
      vertex 2.4307435513548312 196.3121445152258 0
      vertex 2.4307435513548312 196.3121445152258 1.2
    endloop
  endfacet
  facet normal 0.9569403357322115 -0.2902846772544539 4.3348199527248306e-18
    outer loop
      vertex 2.4307435513548312 196.3121445152258 0
      vertex 2.521792747981941 196.61229349178416 0
      vertex 2.521792747981941 196.61229349178416 1.2
    endloop
  endfacet
  facet normal 0.8819212643483397 -0.4713967368260263 -1.4115185320490558e-18
    outer loop
      vertex 2.521792747981941 196.61229349178416 0
      vertex 2.6696486203159275 196.88891237283136 0
      vertex 2.6696486203159275 196.88891237283136 1.2
    endloop
  endfacet
  facet normal 0.7730104533627438 -0.634393284163637 2.3985245658998003e-18
    outer loop
      vertex 2.6696486203159275 196.88891237283136 0
      vertex 2.8686291501015235 197.13137084989847 0
      vertex 2.8686291501015235 197.13137084989847 1.2
    endloop
  endfacet
  facet normal 0.6343932841636263 -0.7730104533627526 -1.504883805419997e-18
    outer loop
      vertex 2.8686291501015235 197.13137084989847 0
      vertex 3.1110876271686365 197.33035137968406 0
      vertex 3.1110876271686365 197.33035137968406 1.2
    endloop
  endfacet
  facet normal 0.2902846772545067 0.9569403357321954 0
    outer loop
      vertex 3.387706508215856 194.52179274798195 0
      vertex 3.387706508215856 194.52179274798195 1.2
      vertex 3.687855484774195 194.43074355135482 0
    endloop
  endfacet
  facet normal 0.09801714032951586 0.9951847266722013 0
    outer loop
      vertex 3.687855484774195 194.43074355135482 0
      vertex 3.687855484774195 194.43074355135482 1.2
      vertex 4 194.4 0
    endloop
  endfacet
  facet normal 0.4713967368260107 0.8819212643483479 0
    outer loop
      vertex 3.1110876271686365 194.66964862031594 0
      vertex 3.1110876271686365 194.66964862031594 1.2
      vertex 3.387706508215856 194.52179274798195 0
    endloop
  endfacet
  facet normal -0.09801714032951586 0.9951847266722013 0
    outer loop
      vertex 4 194.4 0
      vertex 4 194.4 1.2
      vertex 4.312144515225805 194.43074355135482 0
    endloop
  endfacet
  facet normal -0.29028467725450713 0.9569403357321953 0
    outer loop
      vertex 4.312144515225805 194.43074355135482 0
      vertex 4.312144515225805 194.43074355135482 1.2
      vertex 4.612293491784143 194.52179274798195 0
    endloop
  endfacet
  facet normal -0.47139673682601013 0.8819212643483484 0
    outer loop
      vertex 4.612293491784143 194.52179274798195 0
      vertex 4.612293491784143 194.52179274798195 1.2
      vertex 4.8889123728313635 194.66964862031594 0
    endloop
  endfacet
  facet normal -0.6343932841636263 0.7730104533627526 0
    outer loop
      vertex 4.8889123728313635 194.66964862031594 0
      vertex 4.8889123728313635 194.66964862031594 1.2
      vertex 5.1313708498984765 194.86862915010153 0
    endloop
  endfacet
  facet normal -0.7730104533627432 0.634393284163638 0
    outer loop
      vertex 5.1313708498984765 194.86862915010153 0
      vertex 5.1313708498984765 194.86862915010153 1.2
      vertex 5.330351379684073 195.11108762716864 0
    endloop
  endfacet
  facet normal -0.8819212643483403 0.4713967368260252 0
    outer loop
      vertex 5.330351379684073 195.11108762716864 0
      vertex 5.330351379684073 195.11108762716864 1.2
      vertex 5.478207252018059 195.38770650821584 0
    endloop
  endfacet
  facet normal -0.8819212643483403 -0.4713967368260252 0
    outer loop
      vertex 5.478207252018059 196.61229349178416 0
      vertex 5.478207252018059 196.61229349178416 1.2
      vertex 5.330351379684073 196.88891237283136 0
    endloop
  endfacet
  facet normal -0.9569403357322119 0.29028467725445256 0
    outer loop
      vertex 5.478207252018059 195.38770650821584 0
      vertex 5.478207252018059 195.38770650821584 1.2
      vertex 5.569256448645168 195.6878554847742 0
    endloop
  endfacet
  facet normal -0.995184726672197 0.09801714032955906 0
    outer loop
      vertex 5.569256448645168 195.6878554847742 0
      vertex 5.569256448645168 195.6878554847742 1.2
      vertex 5.6 196 0
    endloop
  endfacet
  facet normal -0.995184726672197 -0.09801714032955906 0
    outer loop
      vertex 5.6 196 0
      vertex 5.6 196 1.2
      vertex 5.569256448645168 196.3121445152258 0
    endloop
  endfacet
  facet normal -0.9569403357322119 -0.29028467725445256 0
    outer loop
      vertex 5.569256448645168 196.3121445152258 0
      vertex 5.569256448645168 196.3121445152258 1.2
      vertex 5.478207252018059 196.61229349178416 0
    endloop
  endfacet
  facet normal 0.4713967368260107 -0.8819212643483479 7.624799948815536e-18
    outer loop
      vertex 3.1110876271686365 197.33035137968406 0
      vertex 3.387706508215856 197.47820725201805 0
      vertex 3.387706508215856 197.47820725201805 1.2
    endloop
  endfacet
  facet normal 0.2902846772545067 -0.9569403357321954 -2.7097059811797167e-18
    outer loop
      vertex 3.387706508215856 197.47820725201805 0
      vertex 3.687855484774195 197.56925644864518 0
      vertex 3.687855484774195 197.56925644864518 1.2
    endloop
  endfacet
  facet normal 0.09801714032951586 -0.9951847266722013 -2.1166758400014958e-18
    outer loop
      vertex 3.687855484774195 197.56925644864518 0
      vertex 4 197.6 0
      vertex 4 197.6 1.2
    endloop
  endfacet
  facet normal -0.09801714032951586 -0.9951847266722013 2.1166758400014958e-18
    outer loop
      vertex 4 197.6 0
      vertex 4.312144515225805 197.56925644864518 0
      vertex 4.312144515225805 197.56925644864518 1.2
    endloop
  endfacet
  facet normal -0.29028467725450713 -0.9569403357321953 -4.769115152911124e-19
    outer loop
      vertex 4.312144515225805 197.56925644864518 0
      vertex 4.612293491784143 197.47820725201805 0
      vertex 4.612293491784143 197.47820725201805 1.2
    endloop
  endfacet
  facet normal -0.6343932841636263 -0.7730104533627526 1.504883805419997e-18
    outer loop
      vertex 4.8889123728313635 197.33035137968406 0
      vertex 5.1313708498984765 197.13137084989847 0
      vertex 5.1313708498984765 197.13137084989847 1.2
    endloop
  endfacet
  facet normal -0.47139673682601013 -0.8819212643483484 2.279243550523054e-18
    outer loop
      vertex 4.612293491784143 197.47820725201805 0
      vertex 4.8889123728313635 197.33035137968406 0
      vertex 4.8889123728313635 197.33035137968406 1.2
    endloop
  endfacet
  facet normal -0.7730104533627432 -0.634393284163638 6.499549677238956e-18
    outer loop
      vertex 5.1313708498984765 197.13137084989847 0
      vertex 5.330351379684073 196.88891237283136 0
      vertex 5.330351379684073 196.88891237283136 1.2
    endloop
  endfacet
  facet normal 0.8819212643483397 0.4713967368260263 0
    outer loop
      vertex 2.6696486203159275 195.11108762716864 0
      vertex 2.521792747981941 195.38770650821584 1.2
      vertex 2.6696486203159275 195.11108762716864 1.2
    endloop
  endfacet
  facet normal 0.6343932841636263 0.7730104533627526 0
    outer loop
      vertex 3.1110876271686365 194.66964862031594 0
      vertex 2.8686291501015235 194.86862915010153 1.2
      vertex 3.1110876271686365 194.66964862031594 1.2
    endloop
  endfacet
  facet normal 0.7730104533627438 0.634393284163637 0
    outer loop
      vertex 2.8686291501015235 194.86862915010153 0
      vertex 2.6696486203159275 195.11108762716864 1.2
      vertex 2.8686291501015235 194.86862915010153 1.2
    endloop
  endfacet
  facet normal 0.9569403357322115 0.2902846772544539 0
    outer loop
      vertex 2.521792747981941 195.38770650821584 0
      vertex 2.4307435513548312 195.6878554847742 1.2
      vertex 2.521792747981941 195.38770650821584 1.2
    endloop
  endfacet
  facet normal 0.995184726672197 0.09801714032955906 0
    outer loop
      vertex 2.4307435513548312 195.6878554847742 0
      vertex 2.4 196 1.2
      vertex 2.4307435513548312 195.6878554847742 1.2
    endloop
  endfacet
  facet normal 0.995184726672197 -0.09801714032955906 0
    outer loop
      vertex 2.4 196 0
      vertex 2.4307435513548312 196.3121445152258 1.2
      vertex 2.4 196 1.2
    endloop
  endfacet
  facet normal 0.9569403357322115 -0.2902846772544539 0
    outer loop
      vertex 2.4307435513548312 196.3121445152258 0
      vertex 2.521792747981941 196.61229349178416 1.2
      vertex 2.4307435513548312 196.3121445152258 1.2
    endloop
  endfacet
  facet normal 0.8819212643483397 -0.4713967368260263 0
    outer loop
      vertex 2.521792747981941 196.61229349178416 0
      vertex 2.6696486203159275 196.88891237283136 1.2
      vertex 2.521792747981941 196.61229349178416 1.2
    endloop
  endfacet
  facet normal 0.7730104533627438 -0.634393284163637 0
    outer loop
      vertex 2.6696486203159275 196.88891237283136 0
      vertex 2.8686291501015235 197.13137084989847 1.2
      vertex 2.6696486203159275 196.88891237283136 1.2
    endloop
  endfacet
  facet normal 0.6343932841636263 -0.7730104533627526 0
    outer loop
      vertex 2.8686291501015235 197.13137084989847 0
      vertex 3.1110876271686365 197.33035137968406 1.2
      vertex 2.8686291501015235 197.13137084989847 1.2
    endloop
  endfacet
  facet normal 0.2902846772545067 0.9569403357321954 0
    outer loop
      vertex 3.687855484774195 194.43074355135482 0
      vertex 3.387706508215856 194.52179274798195 1.2
      vertex 3.687855484774195 194.43074355135482 1.2
    endloop
  endfacet
  facet normal 0.09801714032951586 0.9951847266722013 0
    outer loop
      vertex 4 194.4 0
      vertex 3.687855484774195 194.43074355135482 1.2
      vertex 4 194.4 1.2
    endloop
  endfacet
  facet normal 0.4713967368260107 0.8819212643483479 0
    outer loop
      vertex 3.387706508215856 194.52179274798195 0
      vertex 3.1110876271686365 194.66964862031594 1.2
      vertex 3.387706508215856 194.52179274798195 1.2
    endloop
  endfacet
  facet normal -0.09801714032951586 0.9951847266722013 0
    outer loop
      vertex 4.312144515225805 194.43074355135482 0
      vertex 4 194.4 1.2
      vertex 4.312144515225805 194.43074355135482 1.2
    endloop
  endfacet
  facet normal -0.29028467725450713 0.9569403357321953 0
    outer loop
      vertex 4.612293491784143 194.52179274798195 0
      vertex 4.312144515225805 194.43074355135482 1.2
      vertex 4.612293491784143 194.52179274798195 1.2
    endloop
  endfacet
  facet normal -0.47139673682601013 0.8819212643483484 0
    outer loop
      vertex 4.8889123728313635 194.66964862031594 0
      vertex 4.612293491784143 194.52179274798195 1.2
      vertex 4.8889123728313635 194.66964862031594 1.2
    endloop
  endfacet
  facet normal -0.6343932841636263 0.7730104533627526 0
    outer loop
      vertex 5.1313708498984765 194.86862915010153 0
      vertex 4.8889123728313635 194.66964862031594 1.2
      vertex 5.1313708498984765 194.86862915010153 1.2
    endloop
  endfacet
  facet normal -0.7730104533627432 0.634393284163638 0
    outer loop
      vertex 5.330351379684073 195.11108762716864 0
      vertex 5.1313708498984765 194.86862915010153 1.2
      vertex 5.330351379684073 195.11108762716864 1.2
    endloop
  endfacet
  facet normal -0.8819212643483403 0.4713967368260252 0
    outer loop
      vertex 5.478207252018059 195.38770650821584 0
      vertex 5.330351379684073 195.11108762716864 1.2
      vertex 5.478207252018059 195.38770650821584 1.2
    endloop
  endfacet
  facet normal -0.8819212643483403 -0.4713967368260252 0
    outer loop
      vertex 5.330351379684073 196.88891237283136 0
      vertex 5.478207252018059 196.61229349178416 1.2
      vertex 5.330351379684073 196.88891237283136 1.2
    endloop
  endfacet
  facet normal -0.9569403357322119 0.29028467725445256 0
    outer loop
      vertex 5.569256448645168 195.6878554847742 0
      vertex 5.478207252018059 195.38770650821584 1.2
      vertex 5.569256448645168 195.6878554847742 1.2
    endloop
  endfacet
  facet normal -0.995184726672197 0.09801714032955906 0
    outer loop
      vertex 5.6 196 0
      vertex 5.569256448645168 195.6878554847742 1.2
      vertex 5.6 196 1.2
    endloop
  endfacet
  facet normal -0.995184726672197 -0.09801714032955906 0
    outer loop
      vertex 5.569256448645168 196.3121445152258 0
      vertex 5.6 196 1.2
      vertex 5.569256448645168 196.3121445152258 1.2
    endloop
  endfacet
  facet normal -0.9569403357322119 -0.29028467725445256 0
    outer loop
      vertex 5.478207252018059 196.61229349178416 0
      vertex 5.569256448645168 196.3121445152258 1.2
      vertex 5.478207252018059 196.61229349178416 1.2
    endloop
  endfacet
  facet normal 0.4713967368260107 -0.8819212643483479 0
    outer loop
      vertex 3.1110876271686365 197.33035137968406 0
      vertex 3.387706508215856 197.47820725201805 1.2
      vertex 3.1110876271686365 197.33035137968406 1.2
    endloop
  endfacet
  facet normal 0.2902846772545067 -0.9569403357321954 0
    outer loop
      vertex 3.387706508215856 197.47820725201805 0
      vertex 3.687855484774195 197.56925644864518 1.2
      vertex 3.387706508215856 197.47820725201805 1.2
    endloop
  endfacet
  facet normal 0.09801714032951586 -0.9951847266722013 0
    outer loop
      vertex 3.687855484774195 197.56925644864518 0
      vertex 4 197.6 1.2
      vertex 3.687855484774195 197.56925644864518 1.2
    endloop
  endfacet
  facet normal -0.09801714032951586 -0.9951847266722013 0
    outer loop
      vertex 4 197.6 0
      vertex 4.312144515225805 197.56925644864518 1.2
      vertex 4 197.6 1.2
    endloop
  endfacet
  facet normal -0.29028467725450713 -0.9569403357321953 0
    outer loop
      vertex 4.312144515225805 197.56925644864518 0
      vertex 4.612293491784143 197.47820725201805 1.2
      vertex 4.312144515225805 197.56925644864518 1.2
    endloop
  endfacet
  facet normal -0.6343932841636263 -0.7730104533627526 0
    outer loop
      vertex 4.8889123728313635 197.33035137968406 0
      vertex 5.1313708498984765 197.13137084989847 1.2
      vertex 4.8889123728313635 197.33035137968406 1.2
    endloop
  endfacet
  facet normal -0.47139673682601013 -0.8819212643483484 0
    outer loop
      vertex 4.612293491784143 197.47820725201805 0
      vertex 4.8889123728313635 197.33035137968406 1.2
      vertex 4.612293491784143 197.47820725201805 1.2
    endloop
  endfacet
  facet normal -0.7730104533627432 -0.634393284163638 0
    outer loop
      vertex 5.1313708498984765 197.13137084989847 0
      vertex 5.330351379684073 196.88891237283136 1.2
      vertex 5.1313708498984765 197.13137084989847 1.2
    endloop
  endfacet
  facet normal 0 0 -1
    outer loop
      vertex 194.52179274798195 3.387706508215856 0
      vertex 192 0.5972290456431536 0
      vertex 192 0.6 0
    endloop
  endfacet
  facet normal 0 0 -1
    outer loop
      vertex 194.66964862031594 3.1110876271686365 0
      vertex 192.01734971291393 0.023307123633058084 0
      vertex 192.44453741191137 0.597179242696591 0
    endloop
  endfacet
  facet normal 0 0 -1
    outer loop
      vertex 194.52179274798195 3.387706508215856 0
      vertex 192.44453741191137 0.597179242696591 0
      vertex 192 0.5972290456431536 0
    endloop
  endfacet
  facet normal 0 0 -1
    outer loop
      vertex 192 8 0
      vertex 194.52179274798195 3.387706508215856 0
      vertex 192 0.6 0
    endloop
  endfacet
  facet normal 0 0 -1
    outer loop
      vertex 192 8 0
      vertex 194.43074355135482 3.687855484774195 0
      vertex 194.52179274798195 3.387706508215856 0
    endloop
  endfacet
  facet normal 0 0 -1
    outer loop
      vertex 192 8 0
      vertex 194.4 4 0
      vertex 194.43074355135482 3.687855484774195 0
    endloop
  endfacet
  facet normal 0 0 -1
    outer loop
      vertex 192 8 0
      vertex 194.43074355135482 4.312144515225805 0
      vertex 194.4 4 0
    endloop
  endfacet
  facet normal 0 0 -1
    outer loop
      vertex 192 8 0
      vertex 194.52179274798195 4.612293491784143 0
      vertex 194.43074355135482 4.312144515225805 0
    endloop
  endfacet
  facet normal 0 0 -1
    outer loop
      vertex 192 8 0
      vertex 194.66964862031594 4.8889123728313635 0
      vertex 194.52179274798195 4.612293491784143 0
    endloop
  endfacet
  facet normal -1 0 0
    outer loop
      vertex 192 8 0
      vertex 192 0.6 0
      vertex 192 8 1.2
    endloop
  endfacet
  facet normal -1 0 0
    outer loop
      vertex 192 8 1.2
      vertex 192 0.6 0
      vertex 192 0.6 1.2
    endloop
  endfacet
  facet normal 0 0 1
    outer loop
      vertex 194.66964862031594 3.1110876271686365 1.2
      vertex 194.52179274798195 3.387706508215856 1.2
      vertex 192 0.6 1.2
    endloop
  endfacet
  facet normal 0 0 1
    outer loop
      vertex 194.52179274798195 3.387706508215856 1.2
      vertex 194.43074355135482 3.687855484774195 1.2
      vertex 192 0.6 1.2
    endloop
  endfacet
  facet normal 0 0 1
    outer loop
      vertex 194.43074355135482 3.687855484774195 1.2
      vertex 194.4 4 1.2
      vertex 192 0.6 1.2
    endloop
  endfacet
  facet normal 0 0 1
    outer loop
      vertex 194.4 4 1.2
      vertex 194.43074355135482 4.312144515225805 1.2
      vertex 192 0.6 1.2
    endloop
  endfacet
  facet normal 0 0 1
    outer loop
      vertex 192 8 1.2
      vertex 192 0.6 1.2
      vertex 194.52179274798195 4.612293491784143 1.2
    endloop
  endfacet
  facet normal 0 0 1
    outer loop
      vertex 194.43074355135482 4.312144515225805 1.2
      vertex 194.52179274798195 4.612293491784143 1.2
      vertex 192 0.6 1.2
    endloop
  endfacet
  facet normal 0 0 1
    outer loop
      vertex 192 8 1.2
      vertex 194.52179274798195 4.612293491784143 1.2
      vertex 194.66964862031594 4.8889123728313635 1.2
    endloop
  endfacet
  facet normal 0 0 -1
    outer loop
      vertex 194.86862915010153 2.8686291501015235 0
      vertex 195.11108762716864 2.6696486203159275 0
      vertex 192.01734971291393 0.023307123633058084 0
    endloop
  endfacet
  facet normal 0 0 -1
    outer loop
      vertex 194.66964862031594 3.1110876271686365 0
      vertex 194.86862915010153 2.8686291501015235 0
      vertex 192.01734971291393 0.023307123633058084 0
    endloop
  endfacet
  facet normal 0 0 -1
    outer loop
      vertex 194.66964862031594 3.1110876271686365 0
      vertex 192.44453741191137 0.597179242696591 0
      vertex 194.52179274798195 3.387706508215856 0
    endloop
  endfacet
  facet normal 0 0 -1
    outer loop
      vertex 195.11108762716864 2.6696486203159275 0
      vertex 200 0 0
      vertex 192.01734971291393 0.023307123633058084 0
    endloop
  endfacet
  facet normal 0 0 -1
    outer loop
      vertex 195.11108762716864 2.6696486203159275 0
      vertex 195.38770650821584 2.521792747981941 0
      vertex 200 0 0
    endloop
  endfacet
  facet normal 0 0 -1
    outer loop
      vertex 192 8 0
      vertex 194.86862915010153 5.1313708498984765 0
      vertex 194.66964862031594 4.8889123728313635 0
    endloop
  endfacet
  facet normal 0 0 -1
    outer loop
      vertex 192 8 0
      vertex 195.11108762716864 5.330351379684073 0
      vertex 194.86862915010153 5.1313708498984765 0
    endloop
  endfacet
  facet normal 0 0 -1
    outer loop
      vertex 195.38770650821584 2.521792747981941 0
      vertex 195.6878554847742 2.4307435513548312 0
      vertex 200 0 0
    endloop
  endfacet
  facet normal 0 0 -1
    outer loop
      vertex 195.6878554847742 2.4307435513548312 0
      vertex 196 2.4 0
      vertex 200 0 0
    endloop
  endfacet
  facet normal 0 0 -1
    outer loop
      vertex 196 2.4 0
      vertex 196.3121445152258 2.4307435513548312 0
      vertex 200 0 0
    endloop
  endfacet
  facet normal 0 0 -1
    outer loop
      vertex 196.3121445152258 2.4307435513548312 0
      vertex 196.61229349178416 2.521792747981941 0
      vertex 200 0 0
    endloop
  endfacet
  facet normal 0 0 -1
    outer loop
      vertex 196.61229349178416 2.521792747981941 0
      vertex 196.88891237283136 2.6696486203159275 0
      vertex 200 0 0
    endloop
  endfacet
  facet normal 0 0 -1
    outer loop
      vertex 196.88891237283136 2.6696486203159275 0
      vertex 197.13137084989847 2.8686291501015235 0
      vertex 200 0 0
    endloop
  endfacet
  facet normal 0 0 -1
    outer loop
      vertex 197.13137084989847 2.8686291501015235 0
      vertex 197.33035137968406 3.1110876271686365 0
      vertex 200 0 0
    endloop
  endfacet
  facet normal 0 0 -1
    outer loop
      vertex 197.33035137968406 3.1110876271686365 0
      vertex 197.47820725201805 3.387706508215856 0
      vertex 200 0 0
    endloop
  endfacet
  facet normal 0 0 -1
    outer loop
      vertex 197.47820725201805 3.387706508215856 0
      vertex 197.56925644864518 3.687855484774195 0
      vertex 200 0 0
    endloop
  endfacet
  facet normal 0 0 -1
    outer loop
      vertex 197.56925644864518 3.687855484774195 0
      vertex 197.6 4 0
      vertex 200 0 0
    endloop
  endfacet
  facet normal 0 0 -1
    outer loop
      vertex 197.6 4 0
      vertex 197.56925644864518 4.312144515225805 0
      vertex 200 0 0
    endloop
  endfacet
  facet normal 0 0 -1
    outer loop
      vertex 197.56925644864518 4.312144515225805 0
      vertex 197.47820725201805 4.612293491784143 0
      vertex 200 0 0
    endloop
  endfacet
  facet normal 0 0 -1
    outer loop
      vertex 196.61229349178416 5.478207252018059 0
      vertex 199.81563446692633 7.899197294120333 0
      vertex 196.88891237283136 5.330351379684073 0
    endloop
  endfacet
  facet normal 0 0 -1
    outer loop
      vertex 196.88891237283136 5.330351379684073 0
      vertex 199.81563446692633 7.899197294120333 0
      vertex 197.13137084989847 5.1313708498984765 0
    endloop
  endfacet
  facet normal 0 0 -1
    outer loop
      vertex 197.47820725201805 4.612293491784143 0
      vertex 197.33035137968406 4.8889123728313635 0
      vertex 199.80666778963655 7.740282865108496 0
    endloop
  endfacet
  facet normal 0 0 -1
    outer loop
      vertex 197.13137084989847 5.1313708498984765 0
      vertex 199.81563446692633 7.899197294120333 0
      vertex 197.33035137968406 4.8889123728313635 0
    endloop
  endfacet
  facet normal 0 0 -1
    outer loop
      vertex 197.47820725201805 4.612293491784143 0
      vertex 199.80666778963655 7.740282865108496 0
      vertex 200 0 0
    endloop
  endfacet
  facet normal 0 0 1
    outer loop
      vertex 194.66964862031594 3.1110876271686365 1.2
      vertex 192 0.6 1.2
      vertex 194.86862915010153 2.8686291501015235 1.2
    endloop
  endfacet
  facet normal 0 0 1
    outer loop
      vertex 194.86862915010153 2.8686291501015235 1.2
      vertex 192 0.6 1.2
      vertex 195.11108762716864 2.6696486203159275 1.2
    endloop
  endfacet
  facet normal 0 0 1
    outer loop
      vertex 195.11108762716864 2.6696486203159275 1.2
      vertex 192 0.6 1.2
      vertex 195.38770650821584 2.521792747981941 1.2
    endloop
  endfacet
  facet normal 0 0 1
    outer loop
      vertex 195.38770650821584 2.521792747981941 1.2
      vertex 192 0.6 1.2
      vertex 195.6878554847742 2.4307435513548312 1.2
    endloop
  endfacet
  facet normal 0 0 1
    outer loop
      vertex 195.6878554847742 2.4307435513548312 1.2
      vertex 192 0.6 1.2
      vertex 196 2.4 1.2
    endloop
  endfacet
  facet normal 0 0 1
    outer loop
      vertex 196 2.4 1.2
      vertex 192 0.6 1.2
      vertex 196.3121445152258 2.4307435513548312 1.2
    endloop
  endfacet
  facet normal 0 0 1
    outer loop
      vertex 196.3121445152258 2.4307435513548312 1.2
      vertex 192 0.6 1.2
      vertex 196.61229349178416 2.521792747981941 1.2
    endloop
  endfacet
  facet normal 0 0 1
    outer loop
      vertex 196.61229349178416 2.521792747981941 1.2
      vertex 192 0.6 1.2
      vertex 199.4 0.6 1.2
    endloop
  endfacet
  facet normal 0 0 1
    outer loop
      vertex 192 8 1.2
      vertex 194.66964862031594 4.8889123728313635 1.2
      vertex 194.86862915010153 5.1313708498984765 1.2
    endloop
  endfacet
  facet normal 0 0 1
    outer loop
      vertex 192 8 1.2
      vertex 194.86862915010153 5.1313708498984765 1.2
      vertex 195.11108762716864 5.330351379684073 1.2
    endloop
  endfacet
  facet normal 0 -1 0
    outer loop
      vertex 200 0 1.2
      vertex 199.5 0 1.2
      vertex 200 0 0
    endloop
  endfacet
  facet normal 1 0 0
    outer loop
      vertex 200 0 1.2
      vertex 200 0 0
      vertex 200 5.153846153846155 1.2
    endloop
  endfacet
  facet normal 0 0 1
    outer loop
      vertex 196.61229349178416 2.521792747981941 1.2
      vertex 199.4 0.6 1.2
      vertex 196.88891237283136 2.6696486203159275 1.2
    endloop
  endfacet
  facet normal 0 0 1
    outer loop
      vertex 196.88891237283136 2.6696486203159275 1.2
      vertex 199.4 0.6 1.2
      vertex 197.13137084989847 2.8686291501015235 1.2
    endloop
  endfacet
  facet normal 0 0 1
    outer loop
      vertex 197.13137084989847 2.8686291501015235 1.2
      vertex 199.4 0.6 1.2
      vertex 197.33035137968406 3.1110876271686365 1.2
    endloop
  endfacet
  facet normal 0 0 1
    outer loop
      vertex 197.33035137968406 3.1110876271686365 1.2
      vertex 199.4 0.6 1.2
      vertex 197.47820725201805 3.387706508215856 1.2
    endloop
  endfacet
  facet normal 0 0 1
    outer loop
      vertex 197.47820725201805 3.387706508215856 1.2
      vertex 199.4 8 1.2
      vertex 197.56925644864518 3.687855484774195 1.2
    endloop
  endfacet
  facet normal 0 0 1
    outer loop
      vertex 197.56925644864518 3.687855484774195 1.2
      vertex 199.4 8 1.2
      vertex 197.6 4 1.2
    endloop
  endfacet
  facet normal 0 0 1
    outer loop
      vertex 197.6 4 1.2
      vertex 199.4 8 1.2
      vertex 197.56925644864518 4.312144515225805 1.2
    endloop
  endfacet
  facet normal 0 0 1
    outer loop
      vertex 196.88891237283136 5.330351379684073 1.2
      vertex 197.13137084989847 5.1313708498984765 1.2
      vertex 199.4 8 1.2
    endloop
  endfacet
  facet normal 0 0 1
    outer loop
      vertex 197.13137084989847 5.1313708498984765 1.2
      vertex 197.33035137968406 4.8889123728313635 1.2
      vertex 199.4 8 1.2
    endloop
  endfacet
  facet normal 0 0 1
    outer loop
      vertex 197.56925644864518 4.312144515225805 1.2
      vertex 199.4 8 1.2
      vertex 197.47820725201805 4.612293491784143 1.2
    endloop
  endfacet
  facet normal 0 0 1
    outer loop
      vertex 197.47820725201805 4.612293491784143 1.2
      vertex 199.4 8 1.2
      vertex 197.33035137968406 4.8889123728313635 1.2
    endloop
  endfacet
  facet normal 0 0 1
    outer loop
      vertex 197.47820725201805 3.387706508215856 1.2
      vertex 199.4 0.6 1.2
      vertex 199.4 8 1.2
    endloop
  endfacet
  facet normal 0 0 -1
    outer loop
      vertex 192 8 0
      vertex 195.38770650821584 5.478207252018059 0
      vertex 195.11108762716864 5.330351379684073 0
    endloop
  endfacet
  facet normal 0 0 -1
    outer loop
      vertex 192 8 0
      vertex 199.4 8 0
      vertex 195.38770650821584 5.478207252018059 0
    endloop
  endfacet
  facet normal 0 0 -1
    outer loop
      vertex 195.38770650821584 5.478207252018059 0
      vertex 199.81442800569644 7.898537655876225 0
      vertex 195.6878554847742 5.569256448645168 0
    endloop
  endfacet
  facet normal 0 0 -1
    outer loop
      vertex 195.6878554847742 5.569256448645168 0
      vertex 199.81563446692633 7.899197294120333 0
      vertex 196 5.6 0
    endloop
  endfacet
  facet normal 0 0 -1
    outer loop
      vertex 196 5.6 0
      vertex 199.81563446692633 7.899197294120333 0
      vertex 196.3121445152258 5.569256448645168 0
    endloop
  endfacet
  facet normal 0 0 -1
    outer loop
      vertex 196.3121445152258 5.569256448645168 0
      vertex 199.81563446692633 7.899197294120333 0
      vertex 196.61229349178416 5.478207252018059 0
    endloop
  endfacet
  facet normal 0 0 -1
    outer loop
      vertex 199.4 8 0
      vertex 199.82018927444796 8 0
      vertex 195.38770650821584 5.478207252018059 0
    endloop
  endfacet
  facet normal 0 0 -1
    outer loop
      vertex 195.38770650821584 5.478207252018059 0
      vertex 199.82018927444796 8 0
      vertex 199.81442800569644 7.898537655876225 0
    endloop
  endfacet
  facet normal 0 0 -1
    outer loop
      vertex 197.33035137968406 4.8889123728313635 0
      vertex 199.81563446692633 7.899197294120333 0
      vertex 199.80666778963655 7.740282865108496 0
    endloop
  endfacet
  facet normal 0 0 -1
    outer loop
      vertex 199.81442800569644 7.898537655876225 0
      vertex 199.81563446692633 7.899197294120333 0
      vertex 195.6878554847742 5.569256448645168 0
    endloop
  endfacet
  facet normal 0 1 0
    outer loop
      vertex 192 8 0
      vertex 199.4 8 1.2
      vertex 199.4 8 0
    endloop
  endfacet
  facet normal 0 1 0
    outer loop
      vertex 192 8 0
      vertex 192 8 1.2
      vertex 199.4 8 1.2
    endloop
  endfacet
  facet normal 0 0 1
    outer loop
      vertex 192 8 1.2
      vertex 195.11108762716864 5.330351379684073 1.2
      vertex 195.38770650821584 5.478207252018059 1.2
    endloop
  endfacet
  facet normal 0 0 1
    outer loop
      vertex 192 8 1.2
      vertex 195.38770650821584 5.478207252018059 1.2
      vertex 195.6878554847742 5.569256448645168 1.2
    endloop
  endfacet
  facet normal 0 0 1
    outer loop
      vertex 192 8 1.2
      vertex 195.6878554847742 5.569256448645168 1.2
      vertex 196 5.6 1.2
    endloop
  endfacet
  facet normal 0 0 1
    outer loop
      vertex 192 8 1.2
      vertex 196 5.6 1.2
      vertex 196.3121445152258 5.569256448645168 1.2
    endloop
  endfacet
  facet normal 0 0 1
    outer loop
      vertex 192 8 1.2
      vertex 196.3121445152258 5.569256448645168 1.2
      vertex 196.61229349178416 5.478207252018059 1.2
    endloop
  endfacet
  facet normal 0 0 1
    outer loop
      vertex 192 8 1.2
      vertex 196.61229349178416 5.478207252018059 1.2
      vertex 199.4 8 1.2
    endloop
  endfacet
  facet normal 0 0 1
    outer loop
      vertex 196.61229349178416 5.478207252018059 1.2
      vertex 196.88891237283136 5.330351379684073 1.2
      vertex 199.4 8 1.2
    endloop
  endfacet
  facet normal 0.7730104533627526 0.6343932841636263 0
    outer loop
      vertex 194.66964862031594 3.1110876271686365 0
      vertex 194.66964862031594 3.1110876271686365 1.2
      vertex 194.86862915010153 2.8686291501015235 0
    endloop
  endfacet
  facet normal 0.4713967368260263 0.8819212643483397 0
    outer loop
      vertex 195.11108762716864 2.6696486203159275 0
      vertex 195.11108762716864 2.6696486203159275 1.2
      vertex 195.38770650821584 2.521792747981941 0
    endloop
  endfacet
  facet normal 0.634393284163637 0.7730104533627438 0
    outer loop
      vertex 194.86862915010153 2.8686291501015235 0
      vertex 194.86862915010153 2.8686291501015235 1.2
      vertex 195.11108762716864 2.6696486203159275 0
    endloop
  endfacet
  facet normal 0.2902846772544539 0.9569403357322115 0
    outer loop
      vertex 195.38770650821584 2.521792747981941 0
      vertex 195.38770650821584 2.521792747981941 1.2
      vertex 195.6878554847742 2.4307435513548312 0
    endloop
  endfacet
  facet normal 0.09801714032955906 0.995184726672197 0
    outer loop
      vertex 195.6878554847742 2.4307435513548312 0
      vertex 195.6878554847742 2.4307435513548312 1.2
      vertex 196 2.4 0
    endloop
  endfacet
  facet normal -0.09801714032955906 0.995184726672197 0
    outer loop
      vertex 196 2.4 0
      vertex 196 2.4 1.2
      vertex 196.3121445152258 2.4307435513548312 0
    endloop
  endfacet
  facet normal -0.2902846772544539 0.9569403357322115 0
    outer loop
      vertex 196.3121445152258 2.4307435513548312 0
      vertex 196.3121445152258 2.4307435513548312 1.2
      vertex 196.61229349178416 2.521792747981941 0
    endloop
  endfacet
  facet normal -0.4713967368260263 0.8819212643483397 0
    outer loop
      vertex 196.61229349178416 2.521792747981941 0
      vertex 196.61229349178416 2.521792747981941 1.2
      vertex 196.88891237283136 2.6696486203159275 0
    endloop
  endfacet
  facet normal 0.9569403357321954 0.2902846772545067 2.7097059811797167e-18
    outer loop
      vertex 194.52179274798195 3.387706508215856 0
      vertex 194.43074355135482 3.687855484774195 0
      vertex 194.43074355135482 3.687855484774195 1.2
    endloop
  endfacet
  facet normal 0.9951847266722013 0.09801714032951586 2.1166758400014958e-18
    outer loop
      vertex 194.43074355135482 3.687855484774195 0
      vertex 194.4 4 0
      vertex 194.4 4 1.2
    endloop
  endfacet
  facet normal 0.9951847266722013 -0.09801714032951586 -2.1166758400014958e-18
    outer loop
      vertex 194.4 4 0
      vertex 194.43074355135482 4.312144515225805 0
      vertex 194.43074355135482 4.312144515225805 1.2
    endloop
  endfacet
  facet normal 0.9569403357321953 -0.29028467725450713 4.769115152911124e-19
    outer loop
      vertex 194.43074355135482 4.312144515225805 0
      vertex 194.52179274798195 4.612293491784143 0
      vertex 194.52179274798195 4.612293491784143 1.2
    endloop
  endfacet
  facet normal 0.8819212643483479 0.4713967368260107 -7.624799948815536e-18
    outer loop
      vertex 194.66964862031594 3.1110876271686365 0
      vertex 194.52179274798195 3.387706508215856 0
      vertex 194.52179274798195 3.387706508215856 1.2
    endloop
  endfacet
  facet normal 0.8819212643483484 -0.47139673682601013 -2.279243550523054e-18
    outer loop
      vertex 194.52179274798195 4.612293491784143 0
      vertex 194.66964862031594 4.8889123728313635 0
      vertex 194.66964862031594 4.8889123728313635 1.2
    endloop
  endfacet
  facet normal 0.7730104533627526 -0.6343932841636263 -1.504883805419997e-18
    outer loop
      vertex 194.66964862031594 4.8889123728313635 0
      vertex 194.86862915010153 5.1313708498984765 0
      vertex 194.86862915010153 5.1313708498984765 1.2
    endloop
  endfacet
  facet normal 0.634393284163638 -0.7730104533627432 -6.499549677238956e-18
    outer loop
      vertex 194.86862915010153 5.1313708498984765 0
      vertex 195.11108762716864 5.330351379684073 0
      vertex 195.11108762716864 5.330351379684073 1.2
    endloop
  endfacet
  facet normal 0.4713967368260252 -0.8819212643483403 4.052635145871853e-18
    outer loop
      vertex 195.11108762716864 5.330351379684073 0
      vertex 195.38770650821584 5.478207252018059 0
      vertex 195.38770650821584 5.478207252018059 1.2
    endloop
  endfacet
  facet normal 0.29028467725445256 -0.9569403357322119 4.719282336734061e-19
    outer loop
      vertex 195.38770650821584 5.478207252018059 0
      vertex 195.6878554847742 5.569256448645168 0
      vertex 195.6878554847742 5.569256448645168 1.2
    endloop
  endfacet
  facet normal 0.09801714032955906 -0.995184726672197 3.3552695330473883e-19
    outer loop
      vertex 195.6878554847742 5.569256448645168 0
      vertex 196 5.6 0
      vertex 196 5.6 1.2
    endloop
  endfacet
  facet normal -0.4713967368260252 -0.8819212643483403 -4.052635145871853e-18
    outer loop
      vertex 196.61229349178416 5.478207252018059 0
      vertex 196.88891237283136 5.330351379684073 0
      vertex 196.88891237283136 5.330351379684073 1.2
    endloop
  endfacet
  facet normal -0.09801714032955906 -0.995184726672197 -3.3552695330473883e-19
    outer loop
      vertex 196 5.6 0
      vertex 196.3121445152258 5.569256448645168 0
      vertex 196.3121445152258 5.569256448645168 1.2
    endloop
  endfacet
  facet normal -0.29028467725445256 -0.9569403357322119 -4.719282336734061e-19
    outer loop
      vertex 196.3121445152258 5.569256448645168 0
      vertex 196.61229349178416 5.478207252018059 0
      vertex 196.61229349178416 5.478207252018059 1.2
    endloop
  endfacet
  facet normal -0.634393284163637 0.7730104533627438 0
    outer loop
      vertex 196.88891237283136 2.6696486203159275 0
      vertex 196.88891237283136 2.6696486203159275 1.2
      vertex 197.13137084989847 2.8686291501015235 0
    endloop
  endfacet
  facet normal -0.7730104533627526 0.6343932841636263 0
    outer loop
      vertex 197.13137084989847 2.8686291501015235 0
      vertex 197.13137084989847 2.8686291501015235 1.2
      vertex 197.33035137968406 3.1110876271686365 0
    endloop
  endfacet
  facet normal -0.8819212643483479 0.4713967368260107 0
    outer loop
      vertex 197.33035137968406 3.1110876271686365 0
      vertex 197.33035137968406 3.1110876271686365 1.2
      vertex 197.47820725201805 3.387706508215856 0
    endloop
  endfacet
  facet normal -0.9569403357321954 0.2902846772545067 0
    outer loop
      vertex 197.47820725201805 3.387706508215856 0
      vertex 197.47820725201805 3.387706508215856 1.2
      vertex 197.56925644864518 3.687855484774195 0
    endloop
  endfacet
  facet normal -0.9951847266722013 0.09801714032951586 0
    outer loop
      vertex 197.56925644864518 3.687855484774195 0
      vertex 197.56925644864518 3.687855484774195 1.2
      vertex 197.6 4 0
    endloop
  endfacet
  facet normal -0.9951847266722013 -0.09801714032951586 0
    outer loop
      vertex 197.6 4 0
      vertex 197.6 4 1.2
      vertex 197.56925644864518 4.312144515225805 0
    endloop
  endfacet
  facet normal -0.9569403357321953 -0.29028467725450713 0
    outer loop
      vertex 197.56925644864518 4.312144515225805 0
      vertex 197.56925644864518 4.312144515225805 1.2
      vertex 197.47820725201805 4.612293491784143 0
    endloop
  endfacet
  facet normal -0.7730104533627526 -0.6343932841636263 1.504883805419997e-18
    outer loop
      vertex 197.13137084989847 5.1313708498984765 0
      vertex 197.33035137968406 4.8889123728313635 0
      vertex 197.33035137968406 4.8889123728313635 1.2
    endloop
  endfacet
  facet normal -0.634393284163638 -0.7730104533627432 6.499549677238956e-18
    outer loop
      vertex 196.88891237283136 5.330351379684073 0
      vertex 197.13137084989847 5.1313708498984765 0
      vertex 197.13137084989847 5.1313708498984765 1.2
    endloop
  endfacet
  facet normal -0.8819212643483484 -0.47139673682601013 0
    outer loop
      vertex 197.47820725201805 4.612293491784143 0
      vertex 197.47820725201805 4.612293491784143 1.2
      vertex 197.33035137968406 4.8889123728313635 0
    endloop
  endfacet
  facet normal 0.7730104533627526 0.6343932841636263 0
    outer loop
      vertex 194.86862915010153 2.8686291501015235 0
      vertex 194.66964862031594 3.1110876271686365 1.2
      vertex 194.86862915010153 2.8686291501015235 1.2
    endloop
  endfacet
  facet normal 0.4713967368260263 0.8819212643483397 0
    outer loop
      vertex 195.38770650821584 2.521792747981941 0
      vertex 195.11108762716864 2.6696486203159275 1.2
      vertex 195.38770650821584 2.521792747981941 1.2
    endloop
  endfacet
  facet normal 0.634393284163637 0.7730104533627438 0
    outer loop
      vertex 195.11108762716864 2.6696486203159275 0
      vertex 194.86862915010153 2.8686291501015235 1.2
      vertex 195.11108762716864 2.6696486203159275 1.2
    endloop
  endfacet
  facet normal 0.2902846772544539 0.9569403357322115 0
    outer loop
      vertex 195.6878554847742 2.4307435513548312 0
      vertex 195.38770650821584 2.521792747981941 1.2
      vertex 195.6878554847742 2.4307435513548312 1.2
    endloop
  endfacet
  facet normal 0.09801714032955906 0.995184726672197 0
    outer loop
      vertex 196 2.4 0
      vertex 195.6878554847742 2.4307435513548312 1.2
      vertex 196 2.4 1.2
    endloop
  endfacet
  facet normal -0.09801714032955906 0.995184726672197 0
    outer loop
      vertex 196.3121445152258 2.4307435513548312 0
      vertex 196 2.4 1.2
      vertex 196.3121445152258 2.4307435513548312 1.2
    endloop
  endfacet
  facet normal -0.2902846772544539 0.9569403357322115 0
    outer loop
      vertex 196.61229349178416 2.521792747981941 0
      vertex 196.3121445152258 2.4307435513548312 1.2
      vertex 196.61229349178416 2.521792747981941 1.2
    endloop
  endfacet
  facet normal -0.4713967368260263 0.8819212643483397 0
    outer loop
      vertex 196.88891237283136 2.6696486203159275 0
      vertex 196.61229349178416 2.521792747981941 1.2
      vertex 196.88891237283136 2.6696486203159275 1.2
    endloop
  endfacet
  facet normal 0.9569403357321954 0.2902846772545067 0
    outer loop
      vertex 194.52179274798195 3.387706508215856 0
      vertex 194.43074355135482 3.687855484774195 1.2
      vertex 194.52179274798195 3.387706508215856 1.2
    endloop
  endfacet
  facet normal 0.9951847266722013 0.09801714032951586 0
    outer loop
      vertex 194.43074355135482 3.687855484774195 0
      vertex 194.4 4 1.2
      vertex 194.43074355135482 3.687855484774195 1.2
    endloop
  endfacet
  facet normal 0.9951847266722013 -0.09801714032951586 0
    outer loop
      vertex 194.4 4 0
      vertex 194.43074355135482 4.312144515225805 1.2
      vertex 194.4 4 1.2
    endloop
  endfacet
  facet normal 0.9569403357321953 -0.29028467725450713 0
    outer loop
      vertex 194.43074355135482 4.312144515225805 0
      vertex 194.52179274798195 4.612293491784143 1.2
      vertex 194.43074355135482 4.312144515225805 1.2
    endloop
  endfacet
  facet normal 0.8819212643483479 0.4713967368260107 0
    outer loop
      vertex 194.66964862031594 3.1110876271686365 0
      vertex 194.52179274798195 3.387706508215856 1.2
      vertex 194.66964862031594 3.1110876271686365 1.2
    endloop
  endfacet
  facet normal 0.8819212643483484 -0.47139673682601013 0
    outer loop
      vertex 194.52179274798195 4.612293491784143 0
      vertex 194.66964862031594 4.8889123728313635 1.2
      vertex 194.52179274798195 4.612293491784143 1.2
    endloop
  endfacet
  facet normal 0.7730104533627526 -0.6343932841636263 0
    outer loop
      vertex 194.66964862031594 4.8889123728313635 0
      vertex 194.86862915010153 5.1313708498984765 1.2
      vertex 194.66964862031594 4.8889123728313635 1.2
    endloop
  endfacet
  facet normal 0.634393284163638 -0.7730104533627432 0
    outer loop
      vertex 194.86862915010153 5.1313708498984765 0
      vertex 195.11108762716864 5.330351379684073 1.2
      vertex 194.86862915010153 5.1313708498984765 1.2
    endloop
  endfacet
  facet normal 0.4713967368260252 -0.8819212643483403 0
    outer loop
      vertex 195.11108762716864 5.330351379684073 0
      vertex 195.38770650821584 5.478207252018059 1.2
      vertex 195.11108762716864 5.330351379684073 1.2
    endloop
  endfacet
  facet normal 0.29028467725445256 -0.9569403357322119 0
    outer loop
      vertex 195.38770650821584 5.478207252018059 0
      vertex 195.6878554847742 5.569256448645168 1.2
      vertex 195.38770650821584 5.478207252018059 1.2
    endloop
  endfacet
  facet normal 0.09801714032955906 -0.995184726672197 0
    outer loop
      vertex 195.6878554847742 5.569256448645168 0
      vertex 196 5.6 1.2
      vertex 195.6878554847742 5.569256448645168 1.2
    endloop
  endfacet
  facet normal -0.4713967368260252 -0.8819212643483403 0
    outer loop
      vertex 196.61229349178416 5.478207252018059 0
      vertex 196.88891237283136 5.330351379684073 1.2
      vertex 196.61229349178416 5.478207252018059 1.2
    endloop
  endfacet
  facet normal -0.09801714032955906 -0.995184726672197 0
    outer loop
      vertex 196 5.6 0
      vertex 196.3121445152258 5.569256448645168 1.2
      vertex 196 5.6 1.2
    endloop
  endfacet
  facet normal -0.29028467725445256 -0.9569403357322119 0
    outer loop
      vertex 196.3121445152258 5.569256448645168 0
      vertex 196.61229349178416 5.478207252018059 1.2
      vertex 196.3121445152258 5.569256448645168 1.2
    endloop
  endfacet
  facet normal -0.634393284163637 0.7730104533627438 0
    outer loop
      vertex 197.13137084989847 2.8686291501015235 0
      vertex 196.88891237283136 2.6696486203159275 1.2
      vertex 197.13137084989847 2.8686291501015235 1.2
    endloop
  endfacet
  facet normal -0.7730104533627526 0.6343932841636263 0
    outer loop
      vertex 197.33035137968406 3.1110876271686365 0
      vertex 197.13137084989847 2.8686291501015235 1.2
      vertex 197.33035137968406 3.1110876271686365 1.2
    endloop
  endfacet
  facet normal -0.8819212643483479 0.4713967368260107 0
    outer loop
      vertex 197.47820725201805 3.387706508215856 0
      vertex 197.33035137968406 3.1110876271686365 1.2
      vertex 197.47820725201805 3.387706508215856 1.2
    endloop
  endfacet
  facet normal -0.9569403357321954 0.2902846772545067 0
    outer loop
      vertex 197.56925644864518 3.687855484774195 0
      vertex 197.47820725201805 3.387706508215856 1.2
      vertex 197.56925644864518 3.687855484774195 1.2
    endloop
  endfacet
  facet normal -0.9951847266722013 0.09801714032951586 0
    outer loop
      vertex 197.6 4 0
      vertex 197.56925644864518 3.687855484774195 1.2
      vertex 197.6 4 1.2
    endloop
  endfacet
  facet normal -0.9951847266722013 -0.09801714032951586 0
    outer loop
      vertex 197.56925644864518 4.312144515225805 0
      vertex 197.6 4 1.2
      vertex 197.56925644864518 4.312144515225805 1.2
    endloop
  endfacet
  facet normal -0.9569403357321953 -0.29028467725450713 0
    outer loop
      vertex 197.47820725201805 4.612293491784143 0
      vertex 197.56925644864518 4.312144515225805 1.2
      vertex 197.47820725201805 4.612293491784143 1.2
    endloop
  endfacet
  facet normal -0.7730104533627526 -0.6343932841636263 0
    outer loop
      vertex 197.13137084989847 5.1313708498984765 0
      vertex 197.33035137968406 4.8889123728313635 1.2
      vertex 197.13137084989847 5.1313708498984765 1.2
    endloop
  endfacet
  facet normal -0.634393284163638 -0.7730104533627432 0
    outer loop
      vertex 196.88891237283136 5.330351379684073 0
      vertex 197.13137084989847 5.1313708498984765 1.2
      vertex 196.88891237283136 5.330351379684073 1.2
    endloop
  endfacet
  facet normal -0.8819212643483484 -0.47139673682601013 0
    outer loop
      vertex 197.33035137968406 4.8889123728313635 0
      vertex 197.47820725201805 4.612293491784143 1.2
      vertex 197.33035137968406 4.8889123728313635 1.2
    endloop
  endfacet
  facet normal 0 0 -1
    outer loop
      vertex 192 192 0
      vertex 194.52179274798195 195.38770650821584 0
      vertex 194.66964862031594 195.11108762716864 0
    endloop
  endfacet
  facet normal 0 0 -1
    outer loop
      vertex 192 192 0
      vertex 192 199.4 0
      vertex 194.52179274798195 195.38770650821584 0
    endloop
  endfacet
  facet normal 0 0 -1
    outer loop
      vertex 194.52179274798195 195.38770650821584 0
      vertex 192 199.4 0
      vertex 192.07938028185987 199.85481552451472 0
    endloop
  endfacet
  facet normal 0 0 -1
    outer loop
      vertex 194.52179274798195 195.38770650821584 0
      vertex 192.07938028185987 199.85481552451472 0
      vertex 194.43074355135482 195.6878554847742 0
    endloop
  endfacet
  facet normal 0 0 -1
    outer loop
      vertex 194.43074355135482 195.6878554847742 0
      vertex 192.0260029008333 199.95244136918987 0
      vertex 194.4 196 0
    endloop
  endfacet
  facet normal 0 0 -1
    outer loop
      vertex 194.4 196 0
      vertex 192.0260029008333 199.95244136918987 0
      vertex 194.43074355135482 196.3121445152258 0
    endloop
  endfacet
  facet normal 0 0 -1
    outer loop
      vertex 194.43074355135482 196.3121445152258 0
      vertex 192.0260029008333 199.95244136918987 0
      vertex 194.52179274798195 196.61229349178416 0
    endloop
  endfacet
  facet normal 0 0 -1
    outer loop
      vertex 194.52179274798195 196.61229349178416 0
      vertex 192.0260029008333 199.95244136918987 0
      vertex 194.66964862031594 196.88891237283136 0
    endloop
  endfacet
  facet normal 0 0 -1
    outer loop
      vertex 192.07938028185987 199.85481552451472 0
      vertex 192.0260029008333 199.95244136918987 0
      vertex 194.43074355135482 195.6878554847742 0
    endloop
  endfacet
  facet normal 0 0 -1
    outer loop
      vertex 196 197.6 0
      vertex 192.0260029008333 199.95244136918987 0
      vertex 192.0837580378133 199.95278583322752 0
    endloop
  endfacet
  facet normal -1 0 0
    outer loop
      vertex 192 192 0
      vertex 192 199.4 1.2
      vertex 192 199.4 0
    endloop
  endfacet
  facet normal -1 0 0
    outer loop
      vertex 192 192 0
      vertex 192 192 1.2
      vertex 192 199.4 1.2
    endloop
  endfacet
  facet normal 0 0 1
    outer loop
      vertex 192 192 1.2
      vertex 194.66964862031594 195.11108762716864 1.2
      vertex 194.52179274798195 195.38770650821584 1.2
    endloop
  endfacet
  facet normal 0 0 1
    outer loop
      vertex 192 192 1.2
      vertex 194.52179274798195 195.38770650821584 1.2
      vertex 194.43074355135482 195.6878554847742 1.2
    endloop
  endfacet
  facet normal 0 0 1
    outer loop
      vertex 192 192 1.2
      vertex 194.43074355135482 195.6878554847742 1.2
      vertex 194.4 196 1.2
    endloop
  endfacet
  facet normal 0 0 1
    outer loop
      vertex 192 192 1.2
      vertex 194.4 196 1.2
      vertex 194.43074355135482 196.3121445152258 1.2
    endloop
  endfacet
  facet normal 0 0 1
    outer loop
      vertex 192 192 1.2
      vertex 194.43074355135482 196.3121445152258 1.2
      vertex 194.52179274798195 196.61229349178416 1.2
    endloop
  endfacet
  facet normal 0 0 1
    outer loop
      vertex 192 192 1.2
      vertex 194.52179274798195 196.61229349178416 1.2
      vertex 192 199.4 1.2
    endloop
  endfacet
  facet normal 0 0 1
    outer loop
      vertex 194.52179274798195 196.61229349178416 1.2
      vertex 194.66964862031594 196.88891237283136 1.2
      vertex 192 199.4 1.2
    endloop
  endfacet
  facet normal 0 0 -1
    outer loop
      vertex 192 192 0
      vertex 195.11108762716864 194.66964862031594 0
      vertex 195.38770650821584 194.52179274798195 0
    endloop
  endfacet
  facet normal 0 0 -1
    outer loop
      vertex 192 192 0
      vertex 195.38770650821584 194.52179274798195 0
      vertex 195.6878554847742 194.43074355135482 0
    endloop
  endfacet
  facet normal 0 0 -1
    outer loop
      vertex 192 192 0
      vertex 195.6878554847742 194.43074355135482 0
      vertex 199.4 192 0
    endloop
  endfacet
  facet normal 0 -1 0
    outer loop
      vertex 192 192 0
      vertex 199.4 192 0
      vertex 192 192 1.2
    endloop
  endfacet
  facet normal 0 0 -1
    outer loop
      vertex 200 192 0
      vertex 195.6878554847742 194.43074355135482 0
      vertex 196 194.4 0
    endloop
  endfacet
  facet normal 0 0 -1
    outer loop
      vertex 200 192 0
      vertex 196 194.4 0
      vertex 196.3121445152258 194.43074355135482 0
    endloop
  endfacet
  facet normal 0 0 -1
    outer loop
      vertex 200 192 0
      vertex 196.3121445152258 194.43074355135482 0
      vertex 196.61229349178416 194.52179274798195 0
    endloop
  endfacet
  facet normal 0 0 -1
    outer loop
      vertex 195.6878554847742 194.43074355135482 0
      vertex 200 192 0
      vertex 199.4 192 0
    endloop
  endfacet
  facet normal 0 0 -1
    outer loop
      vertex 200 192 0
      vertex 196.61229349178416 194.52179274798195 0
      vertex 196.88891237283136 194.66964862031594 0
    endloop
  endfacet
  facet normal 0 0 1
    outer loop
      vertex 192 192 1.2
      vertex 195.38770650821584 194.52179274798195 1.2
      vertex 195.11108762716864 194.66964862031594 1.2
    endloop
  endfacet
  facet normal 0 0 1
    outer loop
      vertex 192 192 1.2
      vertex 195.6878554847742 194.43074355135482 1.2
      vertex 195.38770650821584 194.52179274798195 1.2
    endloop
  endfacet
  facet normal 0 0 1
    outer loop
      vertex 192 192 1.2
      vertex 196 194.4 1.2
      vertex 195.6878554847742 194.43074355135482 1.2
    endloop
  endfacet
  facet normal 0 0 1
    outer loop
      vertex 192 192 1.2
      vertex 196.3121445152258 194.43074355135482 1.2
      vertex 196 194.4 1.2
    endloop
  endfacet
  facet normal 0 0 1
    outer loop
      vertex 192 192 1.2
      vertex 199.4 192 1.2
      vertex 196.3121445152258 194.43074355135482 1.2
    endloop
  endfacet
  facet normal 0 -1 0
    outer loop
      vertex 192 192 1.2
      vertex 199.4 192 0
      vertex 199.4 192 1.2
    endloop
  endfacet
  facet normal 0 0 1
    outer loop
      vertex 196.3121445152258 194.43074355135482 1.2
      vertex 199.4 192 1.2
      vertex 196.61229349178416 194.52179274798195 1.2
    endloop
  endfacet
  facet normal 0 0 1
    outer loop
      vertex 196.61229349178416 194.52179274798195 1.2
      vertex 199.4 192 1.2
      vertex 196.88891237283136 194.66964862031594 1.2
    endloop
  endfacet
  facet normal 0 0 -1
    outer loop
      vertex 192 192 0
      vertex 194.66964862031594 195.11108762716864 0
      vertex 194.86862915010153 194.86862915010153 0
    endloop
  endfacet
  facet normal 0 0 -1
    outer loop
      vertex 192 192 0
      vertex 194.86862915010153 194.86862915010153 0
      vertex 195.11108762716864 194.66964862031594 0
    endloop
  endfacet
  facet normal 0 0 -1
    outer loop
      vertex 194.66964862031594 196.88891237283136 0
      vertex 192.0260029008333 199.95244136918987 0
      vertex 194.86862915010153 197.13137084989847 0
    endloop
  endfacet
  facet normal 0 0 -1
    outer loop
      vertex 194.86862915010153 197.13137084989847 0
      vertex 192.0260029008333 199.95244136918987 0
      vertex 195.11108762716864 197.33035137968406 0
    endloop
  endfacet
  facet normal 0 0 -1
    outer loop
      vertex 195.11108762716864 197.33035137968406 0
      vertex 192.0260029008333 199.95244136918987 0
      vertex 195.38770650821584 197.47820725201805 0
    endloop
  endfacet
  facet normal 0 0 -1
    outer loop
      vertex 195.38770650821584 197.47820725201805 0
      vertex 192.0260029008333 199.95244136918987 0
      vertex 195.6878554847742 197.56925644864518 0
    endloop
  endfacet
  facet normal 0 0 -1
    outer loop
      vertex 195.6878554847742 197.56925644864518 0
      vertex 192.0260029008333 199.95244136918987 0
      vertex 196 197.6 0
    endloop
  endfacet
  facet normal 0 0 -1
    outer loop
      vertex 196 197.6 0
      vertex 192.0837580378133 199.95278583322752 0
      vertex 196.3121445152258 197.56925644864518 0
    endloop
  endfacet
  facet normal 0 0 -1
    outer loop
      vertex 192.0837580378133 199.95278583322752 0
      vertex 192 200 0
      vertex 200 200 0
    endloop
  endfacet
  facet normal 0 1 0
    outer loop
      vertex 200 200 0
      vertex 192 200 0
      vertex 192 200 0.8
    endloop
  endfacet
  facet normal 0 0 -1
    outer loop
      vertex 196.3121445152258 197.56925644864518 0
      vertex 192.0837580378133 199.95278583322752 0
      vertex 200 200 0
    endloop
  endfacet
  facet normal 0 0 -1
    outer loop
      vertex 200 192 0
      vertex 196.88891237283136 194.66964862031594 0
      vertex 197.13137084989847 194.86862915010153 0
    endloop
  endfacet
  facet normal 0 0 -1
    outer loop
      vertex 200 192 0
      vertex 197.13137084989847 194.86862915010153 0
      vertex 197.33035137968406 195.11108762716864 0
    endloop
  endfacet
  facet normal 0 0 -1
    outer loop
      vertex 200 192 0
      vertex 197.33035137968406 195.11108762716864 0
      vertex 197.47820725201805 195.38770650821584 0
    endloop
  endfacet
  facet normal 0 0 -1
    outer loop
      vertex 200 192 0
      vertex 197.47820725201805 195.38770650821584 0
      vertex 197.56925644864518 195.6878554847742 0
    endloop
  endfacet
  facet normal 0 0 -1
    outer loop
      vertex 200 192 0
      vertex 197.56925644864518 195.6878554847742 0
      vertex 197.6 196 0
    endloop
  endfacet
  facet normal 0 0 -1
    outer loop
      vertex 200 192 0
      vertex 197.6 196 0
      vertex 197.56925644864518 196.3121445152258 0
    endloop
  endfacet
  facet normal 0 0 -1
    outer loop
      vertex 200 192 0
      vertex 197.56925644864518 196.3121445152258 0
      vertex 197.47820725201805 196.61229349178416 0
    endloop
  endfacet
  facet normal 0 0 -1
    outer loop
      vertex 200 192 0
      vertex 197.47820725201805 196.61229349178416 0
      vertex 200 200 0
    endloop
  endfacet
  facet normal 0 0 -1
    outer loop
      vertex 196.3121445152258 197.56925644864518 0
      vertex 200 200 0
      vertex 196.61229349178416 197.47820725201805 0
    endloop
  endfacet
  facet normal 0 0 -1
    outer loop
      vertex 196.61229349178416 197.47820725201805 0
      vertex 200 200 0
      vertex 196.88891237283136 197.33035137968406 0
    endloop
  endfacet
  facet normal 0 0 -1
    outer loop
      vertex 197.13137084989847 197.13137084989847 0
      vertex 196.88891237283136 197.33035137968406 0
      vertex 200 200 0
    endloop
  endfacet
  facet normal 0 0 -1
    outer loop
      vertex 197.13137084989847 197.13137084989847 0
      vertex 200 200 0
      vertex 197.33035137968406 196.88891237283136 0
    endloop
  endfacet
  facet normal 0 0 -1
    outer loop
      vertex 197.47820725201805 196.61229349178416 0
      vertex 197.33035137968406 196.88891237283136 0
      vertex 200 200 0
    endloop
  endfacet
  facet normal 0 0 1
    outer loop
      vertex 192 192 1.2
      vertex 194.86862915010153 194.86862915010153 1.2
      vertex 194.66964862031594 195.11108762716864 1.2
    endloop
  endfacet
  facet normal 0 0 1
    outer loop
      vertex 192 192 1.2
      vertex 195.11108762716864 194.66964862031594 1.2
      vertex 194.86862915010153 194.86862915010153 1.2
    endloop
  endfacet
  facet normal 0 0 1
    outer loop
      vertex 194.66964862031594 196.88891237283136 1.2
      vertex 194.86862915010153 197.13137084989847 1.2
      vertex 192 199.4 1.2
    endloop
  endfacet
  facet normal 0 0 1
    outer loop
      vertex 194.86862915010153 197.13137084989847 1.2
      vertex 195.11108762716864 197.33035137968406 1.2
      vertex 192 199.4 1.2
    endloop
  endfacet
  facet normal 0 0 1
    outer loop
      vertex 195.11108762716864 197.33035137968406 1.2
      vertex 195.38770650821584 197.47820725201805 1.2
      vertex 192 199.4 1.2
    endloop
  endfacet
  facet normal 0 0 1
    outer loop
      vertex 195.38770650821584 197.47820725201805 1.2
      vertex 195.6878554847742 197.56925644864518 1.2
      vertex 199.4 199.4 1.2
    endloop
  endfacet
  facet normal 0 0 1
    outer loop
      vertex 195.38770650821584 197.47820725201805 1.2
      vertex 199.4 199.4 1.2
      vertex 192 199.4 1.2
    endloop
  endfacet
  facet normal 0 0 1
    outer loop
      vertex 196.88891237283136 194.66964862031594 1.2
      vertex 199.4 192 1.2
      vertex 197.13137084989847 194.86862915010153 1.2
    endloop
  endfacet
  facet normal 0 0 1
    outer loop
      vertex 197.13137084989847 194.86862915010153 1.2
      vertex 199.4 192 1.2
      vertex 197.33035137968406 195.11108762716864 1.2
    endloop
  endfacet
  facet normal 0 0 1
    outer loop
      vertex 197.33035137968406 195.11108762716864 1.2
      vertex 199.4 192 1.2
      vertex 197.47820725201805 195.38770650821584 1.2
    endloop
  endfacet
  facet normal 0 0 1
    outer loop
      vertex 197.47820725201805 195.38770650821584 1.2
      vertex 199.4 192 1.2
      vertex 197.56925644864518 195.6878554847742 1.2
    endloop
  endfacet
  facet normal 0 0 1
    outer loop
      vertex 197.56925644864518 195.6878554847742 1.2
      vertex 199.4 192 1.2
      vertex 199.4 199.4 1.2
    endloop
  endfacet
  facet normal 0 0 1
    outer loop
      vertex 195.6878554847742 197.56925644864518 1.2
      vertex 196 197.6 1.2
      vertex 199.4 199.4 1.2
    endloop
  endfacet
  facet normal 0 0 1
    outer loop
      vertex 196 197.6 1.2
      vertex 196.3121445152258 197.56925644864518 1.2
      vertex 199.4 199.4 1.2
    endloop
  endfacet
  facet normal 0 0 1
    outer loop
      vertex 196.3121445152258 197.56925644864518 1.2
      vertex 196.61229349178416 197.47820725201805 1.2
      vertex 199.4 199.4 1.2
    endloop
  endfacet
  facet normal 0 0 1
    outer loop
      vertex 196.61229349178416 197.47820725201805 1.2
      vertex 196.88891237283136 197.33035137968406 1.2
      vertex 199.4 199.4 1.2
    endloop
  endfacet
  facet normal 0 0 1
    outer loop
      vertex 197.56925644864518 195.6878554847742 1.2
      vertex 199.4 199.4 1.2
      vertex 197.6 196 1.2
    endloop
  endfacet
  facet normal 0 0 1
    outer loop
      vertex 197.6 196 1.2
      vertex 199.4 199.4 1.2
      vertex 197.56925644864518 196.3121445152258 1.2
    endloop
  endfacet
  facet normal 0 0 1
    outer loop
      vertex 197.56925644864518 196.3121445152258 1.2
      vertex 199.4 199.4 1.2
      vertex 197.47820725201805 196.61229349178416 1.2
    endloop
  endfacet
  facet normal 0 0 1
    outer loop
      vertex 197.47820725201805 196.61229349178416 1.2
      vertex 199.4 199.4 1.2
      vertex 197.33035137968406 196.88891237283136 1.2
    endloop
  endfacet
  facet normal 0 0 1
    outer loop
      vertex 197.13137084989847 197.13137084989847 1.2
      vertex 199.4 199.4 1.2
      vertex 196.88891237283136 197.33035137968406 1.2
    endloop
  endfacet
  facet normal 0 0 1
    outer loop
      vertex 197.13137084989847 197.13137084989847 1.2
      vertex 197.33035137968406 196.88891237283136 1.2
      vertex 199.4 199.4 1.2
    endloop
  endfacet
  facet normal 0.8819212643483333 0.4713967368260384 6.210444843633491e-18
    outer loop
      vertex 194.66964862031594 195.11108762716864 0
      vertex 194.52179274798195 195.38770650821584 0
      vertex 194.52179274798195 195.38770650821584 1.2
    endloop
  endfacet
  facet normal 0.7730104533627584 0.6343932841636194 -4.902203186675262e-18
    outer loop
      vertex 194.86862915010153 194.86862915010153 0
      vertex 194.66964862031594 195.11108762716864 0
      vertex 194.66964862031594 195.11108762716864 1.2
    endloop
  endfacet
  facet normal 0.6343932841636194 0.7730104533627584 0
    outer loop
      vertex 194.86862915010153 194.86862915010153 0
      vertex 194.86862915010153 194.86862915010153 1.2
      vertex 195.11108762716864 194.66964862031594 0
    endloop
  endfacet
  facet normal 0.4713967368260384 0.8819212643483333 0
    outer loop
      vertex 195.11108762716864 194.66964862031594 0
      vertex 195.11108762716864 194.66964862031594 1.2
      vertex 195.38770650821584 194.52179274798195 0
    endloop
  endfacet
  facet normal 0.9569403357321976 0.29028467725449925 -1.2691197556727803e-18
    outer loop
      vertex 194.52179274798195 195.38770650821584 0
      vertex 194.43074355135482 195.6878554847742 0
      vertex 194.43074355135482 195.6878554847742 1.2
    endloop
  endfacet
  facet normal 0.9951847266722015 0.09801714032951421 6.945097311021736e-20
    outer loop
      vertex 194.43074355135482 195.6878554847742 0
      vertex 194.4 196 0
      vertex 194.4 196 1.2
    endloop
  endfacet
  facet normal 0.9951847266722015 -0.09801714032951421 -6.945097311021736e-20
    outer loop
      vertex 194.4 196 0
      vertex 194.43074355135482 196.3121445152258 0
      vertex 194.43074355135482 196.3121445152258 1.2
    endloop
  endfacet
  facet normal 0.9569403357321976 -0.29028467725449925 1.2691197556727803e-18
    outer loop
      vertex 194.43074355135482 196.3121445152258 0
      vertex 194.52179274798195 196.61229349178416 0
      vertex 194.52179274798195 196.61229349178416 1.2
    endloop
  endfacet
  facet normal 0.8819212643483333 -0.4713967368260384 -6.210444843633491e-18
    outer loop
      vertex 194.52179274798195 196.61229349178416 0
      vertex 194.66964862031594 196.88891237283136 0
      vertex 194.66964862031594 196.88891237283136 1.2
    endloop
  endfacet
  facet normal 0.29028467725449925 0.9569403357321976 0
    outer loop
      vertex 195.38770650821584 194.52179274798195 0
      vertex 195.38770650821584 194.52179274798195 1.2
      vertex 195.6878554847742 194.43074355135482 0
    endloop
  endfacet
  facet normal 0.09801714032951421 0.9951847266722015 0
    outer loop
      vertex 195.6878554847742 194.43074355135482 0
      vertex 195.6878554847742 194.43074355135482 1.2
      vertex 196 194.4 0
    endloop
  endfacet
  facet normal -0.09801714032951421 0.9951847266722015 0
    outer loop
      vertex 196 194.4 0
      vertex 196 194.4 1.2
      vertex 196.3121445152258 194.43074355135482 0
    endloop
  endfacet
  facet normal -0.29028467725449925 0.9569403357321976 0
    outer loop
      vertex 196.3121445152258 194.43074355135482 0
      vertex 196.3121445152258 194.43074355135482 1.2
      vertex 196.61229349178416 194.52179274798195 0
    endloop
  endfacet
  facet normal -0.4713967368260384 0.8819212643483333 0
    outer loop
      vertex 196.61229349178416 194.52179274798195 0
      vertex 196.61229349178416 194.52179274798195 1.2
      vertex 196.88891237283136 194.66964862031594 0
    endloop
  endfacet
  facet normal 0.7730104533627584 -0.6343932841636194 4.902203186675262e-18
    outer loop
      vertex 194.66964862031594 196.88891237283136 0
      vertex 194.86862915010153 197.13137084989847 0
      vertex 194.86862915010153 197.13137084989847 1.2
    endloop
  endfacet
  facet normal 0.6343932841636194 -0.7730104533627584 4.902203186675262e-18
    outer loop
      vertex 194.86862915010153 197.13137084989847 0
      vertex 195.11108762716864 197.33035137968406 0
      vertex 195.11108762716864 197.33035137968406 1.2
    endloop
  endfacet
  facet normal 0.4713967368260384 -0.8819212643483333 -6.210444843633491e-18
    outer loop
      vertex 195.11108762716864 197.33035137968406 0
      vertex 195.38770650821584 197.47820725201805 0
      vertex 195.38770650821584 197.47820725201805 1.2
    endloop
  endfacet
  facet normal 0.29028467725449925 -0.9569403357321976 1.2691197556727803e-18
    outer loop
      vertex 195.38770650821584 197.47820725201805 0
      vertex 195.6878554847742 197.56925644864518 0
      vertex 195.6878554847742 197.56925644864518 1.2
    endloop
  endfacet
  facet normal 0.09801714032951421 -0.9951847266722015 -6.945097311021736e-20
    outer loop
      vertex 195.6878554847742 197.56925644864518 0
      vertex 196 197.6 0
      vertex 196 197.6 1.2
    endloop
  endfacet
  facet normal -0.09801714032951421 -0.9951847266722015 6.945097311021736e-20
    outer loop
      vertex 196 197.6 0
      vertex 196.3121445152258 197.56925644864518 0
      vertex 196.3121445152258 197.56925644864518 1.2
    endloop
  endfacet
  facet normal -0.29028467725449925 -0.9569403357321976 -1.2691197556727803e-18
    outer loop
      vertex 196.3121445152258 197.56925644864518 0
      vertex 196.61229349178416 197.47820725201805 0
      vertex 196.61229349178416 197.47820725201805 1.2
    endloop
  endfacet
  facet normal -0.4713967368260384 -0.8819212643483333 6.210444843633491e-18
    outer loop
      vertex 196.61229349178416 197.47820725201805 0
      vertex 196.88891237283136 197.33035137968406 0
      vertex 196.88891237283136 197.33035137968406 1.2
    endloop
  endfacet
  facet normal -0.6343932841636194 0.7730104533627584 0
    outer loop
      vertex 196.88891237283136 194.66964862031594 0
      vertex 196.88891237283136 194.66964862031594 1.2
      vertex 197.13137084989847 194.86862915010153 0
    endloop
  endfacet
  facet normal -0.7730104533627584 0.6343932841636194 0
    outer loop
      vertex 197.13137084989847 194.86862915010153 0
      vertex 197.13137084989847 194.86862915010153 1.2
      vertex 197.33035137968406 195.11108762716864 0
    endloop
  endfacet
  facet normal -0.8819212643483333 0.4713967368260384 0
    outer loop
      vertex 197.33035137968406 195.11108762716864 0
      vertex 197.33035137968406 195.11108762716864 1.2
      vertex 197.47820725201805 195.38770650821584 0
    endloop
  endfacet
  facet normal -0.9569403357321976 0.29028467725449925 0
    outer loop
      vertex 197.47820725201805 195.38770650821584 0
      vertex 197.47820725201805 195.38770650821584 1.2
      vertex 197.56925644864518 195.6878554847742 0
    endloop
  endfacet
  facet normal -0.9951847266722015 0.09801714032951421 0
    outer loop
      vertex 197.56925644864518 195.6878554847742 0
      vertex 197.56925644864518 195.6878554847742 1.2
      vertex 197.6 196 0
    endloop
  endfacet
  facet normal -0.9951847266722015 -0.09801714032951421 0
    outer loop
      vertex 197.6 196 0
      vertex 197.6 196 1.2
      vertex 197.56925644864518 196.3121445152258 0
    endloop
  endfacet
  facet normal -0.9569403357321976 -0.29028467725449925 0
    outer loop
      vertex 197.56925644864518 196.3121445152258 0
      vertex 197.56925644864518 196.3121445152258 1.2
      vertex 197.47820725201805 196.61229349178416 0
    endloop
  endfacet
  facet normal -0.8819212643483333 -0.4713967368260384 0
    outer loop
      vertex 197.47820725201805 196.61229349178416 0
      vertex 197.47820725201805 196.61229349178416 1.2
      vertex 197.33035137968406 196.88891237283136 0
    endloop
  endfacet
  facet normal -0.6343932841636194 -0.7730104533627584 0
    outer loop
      vertex 197.13137084989847 197.13137084989847 0
      vertex 197.13137084989847 197.13137084989847 1.2
      vertex 196.88891237283136 197.33035137968406 0
    endloop
  endfacet
  facet normal -0.7730104533627584 -0.6343932841636194 -4.902203186675262e-18
    outer loop
      vertex 197.13137084989847 197.13137084989847 0
      vertex 197.33035137968406 196.88891237283136 0
      vertex 197.33035137968406 196.88891237283136 1.2
    endloop
  endfacet
  facet normal 0.8819212643483333 0.4713967368260384 0
    outer loop
      vertex 194.66964862031594 195.11108762716864 0
      vertex 194.52179274798195 195.38770650821584 1.2
      vertex 194.66964862031594 195.11108762716864 1.2
    endloop
  endfacet
  facet normal 0.7730104533627584 0.6343932841636194 0
    outer loop
      vertex 194.86862915010153 194.86862915010153 0
      vertex 194.66964862031594 195.11108762716864 1.2
      vertex 194.86862915010153 194.86862915010153 1.2
    endloop
  endfacet
  facet normal 0.6343932841636194 0.7730104533627584 0
    outer loop
      vertex 195.11108762716864 194.66964862031594 0
      vertex 194.86862915010153 194.86862915010153 1.2
      vertex 195.11108762716864 194.66964862031594 1.2
    endloop
  endfacet
  facet normal 0.4713967368260384 0.8819212643483333 0
    outer loop
      vertex 195.38770650821584 194.52179274798195 0
      vertex 195.11108762716864 194.66964862031594 1.2
      vertex 195.38770650821584 194.52179274798195 1.2
    endloop
  endfacet
  facet normal 0.9569403357321976 0.29028467725449925 0
    outer loop
      vertex 194.52179274798195 195.38770650821584 0
      vertex 194.43074355135482 195.6878554847742 1.2
      vertex 194.52179274798195 195.38770650821584 1.2
    endloop
  endfacet
  facet normal 0.9951847266722015 0.09801714032951421 0
    outer loop
      vertex 194.43074355135482 195.6878554847742 0
      vertex 194.4 196 1.2
      vertex 194.43074355135482 195.6878554847742 1.2
    endloop
  endfacet
  facet normal 0.9951847266722015 -0.09801714032951421 0
    outer loop
      vertex 194.4 196 0
      vertex 194.43074355135482 196.3121445152258 1.2
      vertex 194.4 196 1.2
    endloop
  endfacet
  facet normal 0.9569403357321976 -0.29028467725449925 0
    outer loop
      vertex 194.43074355135482 196.3121445152258 0
      vertex 194.52179274798195 196.61229349178416 1.2
      vertex 194.43074355135482 196.3121445152258 1.2
    endloop
  endfacet
  facet normal 0.8819212643483333 -0.4713967368260384 0
    outer loop
      vertex 194.52179274798195 196.61229349178416 0
      vertex 194.66964862031594 196.88891237283136 1.2
      vertex 194.52179274798195 196.61229349178416 1.2
    endloop
  endfacet
  facet normal 0.29028467725449925 0.9569403357321976 0
    outer loop
      vertex 195.6878554847742 194.43074355135482 0
      vertex 195.38770650821584 194.52179274798195 1.2
      vertex 195.6878554847742 194.43074355135482 1.2
    endloop
  endfacet
  facet normal 0.09801714032951421 0.9951847266722015 0
    outer loop
      vertex 196 194.4 0
      vertex 195.6878554847742 194.43074355135482 1.2
      vertex 196 194.4 1.2
    endloop
  endfacet
  facet normal -0.09801714032951421 0.9951847266722015 0
    outer loop
      vertex 196.3121445152258 194.43074355135482 0
      vertex 196 194.4 1.2
      vertex 196.3121445152258 194.43074355135482 1.2
    endloop
  endfacet
  facet normal -0.29028467725449925 0.9569403357321976 0
    outer loop
      vertex 196.61229349178416 194.52179274798195 0
      vertex 196.3121445152258 194.43074355135482 1.2
      vertex 196.61229349178416 194.52179274798195 1.2
    endloop
  endfacet
  facet normal -0.4713967368260384 0.8819212643483333 0
    outer loop
      vertex 196.88891237283136 194.66964862031594 0
      vertex 196.61229349178416 194.52179274798195 1.2
      vertex 196.88891237283136 194.66964862031594 1.2
    endloop
  endfacet
  facet normal 0.7730104533627584 -0.6343932841636194 0
    outer loop
      vertex 194.66964862031594 196.88891237283136 0
      vertex 194.86862915010153 197.13137084989847 1.2
      vertex 194.66964862031594 196.88891237283136 1.2
    endloop
  endfacet
  facet normal 0.6343932841636194 -0.7730104533627584 0
    outer loop
      vertex 194.86862915010153 197.13137084989847 0
      vertex 195.11108762716864 197.33035137968406 1.2
      vertex 194.86862915010153 197.13137084989847 1.2
    endloop
  endfacet
  facet normal 0.4713967368260384 -0.8819212643483333 0
    outer loop
      vertex 195.11108762716864 197.33035137968406 0
      vertex 195.38770650821584 197.47820725201805 1.2
      vertex 195.11108762716864 197.33035137968406 1.2
    endloop
  endfacet
  facet normal 0.29028467725449925 -0.9569403357321976 0
    outer loop
      vertex 195.38770650821584 197.47820725201805 0
      vertex 195.6878554847742 197.56925644864518 1.2
      vertex 195.38770650821584 197.47820725201805 1.2
    endloop
  endfacet
  facet normal 0.09801714032951421 -0.9951847266722015 0
    outer loop
      vertex 195.6878554847742 197.56925644864518 0
      vertex 196 197.6 1.2
      vertex 195.6878554847742 197.56925644864518 1.2
    endloop
  endfacet
  facet normal -0.09801714032951421 -0.9951847266722015 0
    outer loop
      vertex 196 197.6 0
      vertex 196.3121445152258 197.56925644864518 1.2
      vertex 196 197.6 1.2
    endloop
  endfacet
  facet normal -0.29028467725449925 -0.9569403357321976 0
    outer loop
      vertex 196.3121445152258 197.56925644864518 0
      vertex 196.61229349178416 197.47820725201805 1.2
      vertex 196.3121445152258 197.56925644864518 1.2
    endloop
  endfacet
  facet normal -0.4713967368260384 -0.8819212643483333 0
    outer loop
      vertex 196.61229349178416 197.47820725201805 0
      vertex 196.88891237283136 197.33035137968406 1.2
      vertex 196.61229349178416 197.47820725201805 1.2
    endloop
  endfacet
  facet normal -0.6343932841636194 0.7730104533627584 0
    outer loop
      vertex 197.13137084989847 194.86862915010153 0
      vertex 196.88891237283136 194.66964862031594 1.2
      vertex 197.13137084989847 194.86862915010153 1.2
    endloop
  endfacet
  facet normal -0.7730104533627584 0.6343932841636194 0
    outer loop
      vertex 197.33035137968406 195.11108762716864 0
      vertex 197.13137084989847 194.86862915010153 1.2
      vertex 197.33035137968406 195.11108762716864 1.2
    endloop
  endfacet
  facet normal -0.8819212643483333 0.4713967368260384 0
    outer loop
      vertex 197.47820725201805 195.38770650821584 0
      vertex 197.33035137968406 195.11108762716864 1.2
      vertex 197.47820725201805 195.38770650821584 1.2
    endloop
  endfacet
  facet normal -0.9569403357321976 0.29028467725449925 0
    outer loop
      vertex 197.56925644864518 195.6878554847742 0
      vertex 197.47820725201805 195.38770650821584 1.2
      vertex 197.56925644864518 195.6878554847742 1.2
    endloop
  endfacet
  facet normal -0.9951847266722015 0.09801714032951421 0
    outer loop
      vertex 197.6 196 0
      vertex 197.56925644864518 195.6878554847742 1.2
      vertex 197.6 196 1.2
    endloop
  endfacet
  facet normal -0.9951847266722015 -0.09801714032951421 0
    outer loop
      vertex 197.56925644864518 196.3121445152258 0
      vertex 197.6 196 1.2
      vertex 197.56925644864518 196.3121445152258 1.2
    endloop
  endfacet
  facet normal -0.8819212643483333 -0.4713967368260384 0
    outer loop
      vertex 197.33035137968406 196.88891237283136 0
      vertex 197.47820725201805 196.61229349178416 1.2
      vertex 197.33035137968406 196.88891237283136 1.2
    endloop
  endfacet
  facet normal -0.9569403357321976 -0.29028467725449925 0
    outer loop
      vertex 197.47820725201805 196.61229349178416 0
      vertex 197.56925644864518 196.3121445152258 1.2
      vertex 197.47820725201805 196.61229349178416 1.2
    endloop
  endfacet
  facet normal -0.6343932841636194 -0.7730104533627584 0
    outer loop
      vertex 196.88891237283136 197.33035137968406 0
      vertex 197.13137084989847 197.13137084989847 1.2
      vertex 196.88891237283136 197.33035137968406 1.2
    endloop
  endfacet
  facet normal -0.7730104533627584 -0.6343932841636194 0
    outer loop
      vertex 197.13137084989847 197.13137084989847 0
      vertex 197.33035137968406 196.88891237283136 1.2
      vertex 197.13137084989847 197.13137084989847 1.2
    endloop
  endfacet
endsolid OpenSCAD_Model
