solid OpenSCAD_Model
  facet normal 0 0 -1
    outer loop
      vertex 7.979055637748108 0.011806277201811117 0
      vertex 8 0.011837267704671023 0
      vertex 8 0 0
    endloop
  endfacet
  facet normal 0 0 -1
    outer loop
      vertex 32.733333333333334 0.6 0
      vertex 8 0.14663951120162932 0
      vertex 8 0.6 0
    endloop
  endfacet
  facet normal 0 1 0
    outer loop
      vertex 32.733333333333334 0.6 0
      vertex 8 0.6 0
      vertex 8 0.6 1.2
    endloop
  endfacet
  facet normal 0 0 -1
    outer loop
      vertex 32.733333333333334 0.6 0
      vertex 33.93333333333334 0.6 0
      vertex 8 0.14663951120162932 0
    endloop
  endfacet
  facet normal 0 0 -1
    outer loop
      vertex 33.93333333333334 0.6 0
      vertex 66.06666666666668 0.6 0
      vertex 8 0.14663951120162932 0
    endloop
  endfacet
  facet normal 0 0 -1
    outer loop
      vertex 100.60000000000001 0.6 0
      vertex 8 0.011837267704671023 0
      vertex 8 0.14663951120162932 0
    endloop
  endfacet
  facet normal 0 0 -1
    outer loop
      vertex 66.06666666666668 0.6 0
      vertex 67.26666666666668 0.6 0
      vertex 8 0.14663951120162932 0
    endloop
  endfacet
  facet normal 0 0 -1
    outer loop
      vertex 132.73333333333335 0.19640000000000007 0
      vertex 8 0 0
      vertex 8 0.011837267704671023 0
    endloop
  endfacet
  facet normal 0 1 0
    outer loop
      vertex 0.6 0.6 20
      vertex 8 0.6 1.2
      vertex 0.6 0.6 1.2
    endloop
  endfacet
  facet normal 0 1 0
    outer loop
      vertex 32.733333333333334 0.6 0
      vertex 8 0.6 1.2
      vertex 0.6 0.6 20
    endloop
  endfacet
  facet normal 0 1 0
    outer loop
      vertex 33.93333333333334 0.6 0
      vertex 33.93333333333334 0.6 20
      vertex 66.06666666666668 0.6 0
    endloop
  endfacet
  facet normal 0 0 -1
    outer loop
      vertex 67.26666666666668 0.6 0
      vertex 99.4 0.6 0
      vertex 8 0.14663951120162932 0
    endloop
  endfacet
  facet normal 0 0 -1
    outer loop
      vertex 99.4 0.6 0
      vertex 100.60000000000001 0.6 0
      vertex 8 0.14663951120162932 0
    endloop
  endfacet
  facet normal 0 0 -1
    outer loop
      vertex 100.60000000000001 0.6 0
      vertex 132.73333333333335 0.19640000000000007 0
      vertex 8 0.011837267704671023 0
    endloop
  endfacet
  facet normal 0 1 0
    outer loop
      vertex 67.26666666666668 0.6 0
      vertex 67.26666666666668 0.6 20
      vertex 99.4 0.6 0
    endloop
  endfacet
  facet normal 0 1 0
    outer loop
      vertex 32.733333333333334 0.6 0
      vertex 0.6 0.6 20
      vertex 32.733333333333334 0.6 20
    endloop
  endfacet
  facet normal 0 0 1
    outer loop
      vertex 0.6 0.6 20
      vertex 0.5928 0.6 20
      vertex 0.5928426846732965 0.5964429438919602 20
    endloop
  endfacet
  facet normal 0 0 1
    outer loop
      vertex 0.6 0.6 20
      vertex 0.5928426846732965 0.5964429438919602 20
      vertex 32.733333333333334 0.6 20
    endloop
  endfacet
  facet normal 0 1 0
    outer loop
      vertex 66.06666666666668 0.6 0
      vertex 33.93333333333334 0.6 20
      vertex 66.06666666666668 0.6 20
    endloop
  endfacet
  facet normal 0 1 0
    outer loop
      vertex 99.4 0.6 0
      vertex 67.26666666666668 0.6 20
      vertex 99.4 0.6 20
    endloop
  endfacet
  facet normal 0 0 1
    outer loop
      vertex 0 0 20
      vertex 200 0 20
      vertex 0.5928426846732965 0.5964429438919602 20
    endloop
  endfacet
  facet normal 0 0 1
    outer loop
      vertex 0.5928426846732965 0.5964429438919602 20
      vertex 200 0 20
      vertex 32.733333333333334 0.6 20
    endloop
  endfacet
  facet normal 0 0 1
    outer loop
      vertex 32.733333333333334 0.6 20
      vertex 200 0 20
      vertex 33.93333333333334 0.6 20
    endloop
  endfacet
  facet normal 0 0 -1
    outer loop
      vertex 132.73333333333335 0.19640000000000007 0
      vertex 192.01734971291393 0.023307123633058084 0
      vertex 8 0 0
    endloop
  endfacet
  facet normal 0 0 -1
    outer loop
      vertex 100.60000000000001 0.6 0
      vertex 132.73333333333335 0.6 0
      vertex 132.73333333333335 0.19640000000000007 0
    endloop
  endfacet
  facet normal 0 0 -1
    outer loop
      vertex 8 0 0
      vertex 192.01734971291393 0.023307123633058084 0
      vertex 200 0 0
    endloop
  endfacet
  facet normal 0 0 -1
    outer loop
      vertex 133.93333333333334 0.2036 0
      vertex 133.93333333333334 0.6 0
      vertex 166.0666666666667 0.3964000000000001 0
    endloop
  endfacet
  facet normal 0 1 0
    outer loop
      vertex 100.60000000000001 0.6 0
      vertex 100.60000000000001 0.6 20
      vertex 132.73333333333335 0.6 0
    endloop
  endfacet
  facet normal 0 1 0
    outer loop
      vertex 133.93333333333334 0.6 0
      vertex 133.93333333333334 0.6 20
      vertex 166.0666666666667 0.6 0
    endloop
  endfacet
  facet normal 0 0 -1
    outer loop
      vertex 132.73333333333335 0.19640000000000007 0
      vertex 133.93333333333334 0.2036 0
      vertex 192.01734971291393 0.023307123633058084 0
    endloop
  endfacet
  facet normal 0 0 -1
    outer loop
      vertex 133.93333333333334 0.6 0
      vertex 166.0666666666667 0.6 0
      vertex 166.0666666666667 0.3964000000000001 0
    endloop
  endfacet
  facet normal 0 0 -1
    outer loop
      vertex 133.93333333333334 0.2036 0
      vertex 166.0666666666667 0.3964000000000001 0
      vertex 192.01734971291393 0.023307123633058084 0
    endloop
  endfacet
  facet normal 0 0 -1
    outer loop
      vertex 166.0666666666667 0.3964000000000001 0
      vertex 167.26666666666668 0.40360000000000007 0
      vertex 192.01734971291393 0.023307123633058084 0
    endloop
  endfacet
  facet normal 0 0 -1
    outer loop
      vertex 167.26666666666668 0.40360000000000007 0
      vertex 167.26666666666668 0.6 0
      vertex 192.01734971291393 0.023307123633058084 0
    endloop
  endfacet
  facet normal 0 0 -1
    outer loop
      vertex 167.26666666666668 0.6 0
      vertex 192 0.5972290456431536 0
      vertex 192.01734971291393 0.023307123633058084 0
    endloop
  endfacet
  facet normal 0 0 -1
    outer loop
      vertex 167.26666666666668 0.6 0
      vertex 192 0.6 0
      vertex 192 0.5972290456431536 0
    endloop
  endfacet
  facet normal 0 1 0
    outer loop
      vertex 167.26666666666668 0.6 0
      vertex 192 0.6 1.2
      vertex 192 0.6 0
    endloop
  endfacet
  facet normal 0 0 -1
    outer loop
      vertex 192 0.5972290456431536 0
      vertex 192.44453741191137 0.597179242696591 0
      vertex 192.01734971291393 0.023307123633058084 0
    endloop
  endfacet
  facet normal 0 1 0
    outer loop
      vertex 167.26666666666668 0.6 0
      vertex 167.26666666666668 0.6 20
      vertex 192 0.6 1.2
    endloop
  endfacet
  facet normal 0 1 0
    outer loop
      vertex 199.4 0.6 20
      vertex 199.4 0.6 1.2
      vertex 192 0.6 1.2
    endloop
  endfacet
  facet normal 0 1 0
    outer loop
      vertex 132.73333333333335 0.6 0
      vertex 100.60000000000001 0.6 20
      vertex 132.73333333333335 0.6 20
    endloop
  endfacet
  facet normal 0 0 1
    outer loop
      vertex 33.93333333333334 0.6 20
      vertex 200 0 20
      vertex 66.06666666666668 0.6 20
    endloop
  endfacet
  facet normal 0 0 1
    outer loop
      vertex 66.06666666666668 0.6 20
      vertex 200 0 20
      vertex 67.26666666666668 0.6 20
    endloop
  endfacet
  facet normal 0 0 1
    outer loop
      vertex 67.26666666666668 0.6 20
      vertex 200 0 20
      vertex 99.4 0.6 20
    endloop
  endfacet
  facet normal 0 0 1
    outer loop
      vertex 99.4 0.6 20
      vertex 200 0 20
      vertex 100.60000000000001 0.6 20
    endloop
  endfacet
  facet normal 0 0 1
    outer loop
      vertex 100.60000000000001 0.6 20
      vertex 200 0 20
      vertex 132.73333333333335 0.6 20
    endloop
  endfacet
  facet normal 0 1 0
    outer loop
      vertex 166.0666666666667 0.6 0
      vertex 133.93333333333334 0.6 20
      vertex 166.0666666666667 0.6 20
    endloop
  endfacet
  facet normal 0 1 0
    outer loop
      vertex 167.26666666666668 0.6 20
      vertex 199.4 0.6 20
      vertex 192 0.6 1.2
    endloop
  endfacet
  facet normal 0 0 1
    outer loop
      vertex 132.73333333333335 0.6 20
      vertex 200 0 20
      vertex 133.93333333333334 0.6 20
    endloop
  endfacet
  facet normal 0 0 1
    outer loop
      vertex 133.93333333333334 0.6 20
      vertex 200 0 20
      vertex 166.0666666666667 0.6 20
    endloop
  endfacet
  facet normal 0 0 1
    outer loop
      vertex 166.0666666666667 0.6 20
      vertex 200 0 20
      vertex 167.26666666666668 0.6 20
    endloop
  endfacet
  facet normal 0 0 1
    outer loop
      vertex 167.26666666666668 0.6 20
      vertex 200 0 20
      vertex 199.4 0.6 20
    endloop
  endfacet
  facet normal 0 0 -1
    outer loop
      vertex 0.6 32.733333333333334 0
      vertex 0.6 33.93333333333334 0
      vertex 32.733333333333334 32.733333333333334 0
    endloop
  endfacet
  facet normal 0 0 -1
    outer loop
      vertex 0.6 33.93333333333334 0
      vertex 32.733333333333334 33.93333333333334 0
      vertex 32.733333333333334 32.733333333333334 0
    endloop
  endfacet
  facet normal 0 0 -1
    outer loop
      vertex 33.93333333333334 32.733333333333334 0
      vertex 33.93333333333334 33.93333333333334 0
      vertex 66.06666666666668 32.733333333333334 0
    endloop
  endfacet
  facet normal 0 1 0
    outer loop
      vertex 0.6 33.93333333333334 0
      vertex 0.6 33.93333333333334 20
      vertex 32.733333333333334 33.93333333333334 0
    endloop
  endfacet
  facet normal 0 -1 0
    outer loop
      vertex 0.6 32.733333333333334 0
      vertex 32.733333333333334 32.733333333333334 0
      vertex 32.733333333333334 32.733333333333334 20
    endloop
  endfacet
  facet normal 0 1 0
    outer loop
      vertex 33.93333333333334 33.93333333333334 0
      vertex 33.93333333333334 33.93333333333334 20
      vertex 66.06666666666668 33.93333333333334 0
    endloop
  endfacet
  facet normal 0 0 -1
    outer loop
      vertex 33.93333333333334 33.93333333333334 0
      vertex 66.06666666666668 33.93333333333334 0
      vertex 66.06666666666668 32.733333333333334 0
    endloop
  endfacet
  facet normal 0 0 -1
    outer loop
      vertex 67.26666666666668 32.733333333333334 0
      vertex 67.26666666666668 33.93333333333334 0
      vertex 99.4 32.733333333333334 0
    endloop
  endfacet
  facet normal 0 0 -1
    outer loop
      vertex 67.26666666666668 33.93333333333334 0
      vertex 99.4 33.93333333333334 0
      vertex 99.4 32.733333333333334 0
    endloop
  endfacet
  facet normal 0 -1 0
    outer loop
      vertex 33.93333333333334 32.733333333333334 0
      vertex 66.06666666666668 32.733333333333334 0
      vertex 66.06666666666668 32.733333333333334 20
    endloop
  endfacet
  facet normal 0 1 0
    outer loop
      vertex 67.26666666666668 33.93333333333334 0
      vertex 67.26666666666668 33.93333333333334 20
      vertex 99.4 33.93333333333334 0
    endloop
  endfacet
  facet normal 0 -1 0
    outer loop
      vertex 67.26666666666668 32.733333333333334 0
      vertex 99.4 32.733333333333334 0
      vertex 99.4 32.733333333333334 20
    endloop
  endfacet
  facet normal 0 -1 0
    outer loop
      vertex 0.6 32.733333333333334 0
      vertex 32.733333333333334 32.733333333333334 20
      vertex 0.6 32.733333333333334 20
    endloop
  endfacet
  facet normal 0 1 0
    outer loop
      vertex 32.733333333333334 33.93333333333334 0
      vertex 0.6 33.93333333333334 20
      vertex 32.733333333333334 33.93333333333334 20
    endloop
  endfacet
  facet normal 0 -1 0
    outer loop
      vertex 33.93333333333334 32.733333333333334 0
      vertex 66.06666666666668 32.733333333333334 20
      vertex 33.93333333333334 32.733333333333334 20
    endloop
  endfacet
  facet normal 0 0 1
    outer loop
      vertex 0.2072 32.733333333333334 20
      vertex 0.6 33.93333333333334 20
      vertex 0.19279999999999994 33.93333333333334 20
    endloop
  endfacet
  facet normal 0 0 1
    outer loop
      vertex 0.2072 32.733333333333334 20
      vertex 32.733333333333334 33.93333333333334 20
      vertex 0.6 33.93333333333334 20
    endloop
  endfacet
  facet normal 0 0 1
    outer loop
      vertex 0.2072 32.733333333333334 20
      vertex 33.93333333333334 33.93333333333334 20
      vertex 32.733333333333334 33.93333333333334 20
    endloop
  endfacet
  facet normal 0 0 1
    outer loop
      vertex 0.2072 32.733333333333334 20
      vertex 66.06666666666668 33.93333333333334 20
      vertex 33.93333333333334 33.93333333333334 20
    endloop
  endfacet
  facet normal 0 0 1
    outer loop
      vertex 0.2072 32.733333333333334 20
      vertex 67.26666666666668 33.93333333333334 20
      vertex 66.06666666666668 33.93333333333334 20
    endloop
  endfacet
  facet normal 0 1 0
    outer loop
      vertex 66.06666666666668 33.93333333333334 0
      vertex 33.93333333333334 33.93333333333334 20
      vertex 66.06666666666668 33.93333333333334 20
    endloop
  endfacet
  facet normal 0 -1 0
    outer loop
      vertex 67.26666666666668 32.733333333333334 0
      vertex 99.4 32.733333333333334 20
      vertex 67.26666666666668 32.733333333333334 20
    endloop
  endfacet
  facet normal 0 1 0
    outer loop
      vertex 99.4 33.93333333333334 0
      vertex 67.26666666666668 33.93333333333334 20
      vertex 99.4 33.93333333333334 20
    endloop
  endfacet
  facet normal 0 0 1
    outer loop
      vertex 0.2072 32.733333333333334 20
      vertex 99.4 33.93333333333334 20
      vertex 67.26666666666668 33.93333333333334 20
    endloop
  endfacet
  facet normal 0 0 1
    outer loop
      vertex 0.2072 32.733333333333334 20
      vertex 0.6 32.733333333333334 20
      vertex 199.4 33.93333333333334 20
    endloop
  endfacet
  facet normal 0 0 1
    outer loop
      vertex 0.2072 32.733333333333334 20
      vertex 100.60000000000001 33.93333333333334 20
      vertex 99.4 33.93333333333334 20
    endloop
  endfacet
  facet normal 0 0 1
    outer loop
      vertex 0.6 32.733333333333334 20
      vertex 32.733333333333334 32.733333333333334 20
      vertex 199.4 33.93333333333334 20
    endloop
  endfacet
  facet normal 0 0 1
    outer loop
      vertex 0.2072 32.733333333333334 20
      vertex 132.73333333333335 33.93333333333334 20
      vertex 100.60000000000001 33.93333333333334 20
    endloop
  endfacet
  facet normal 0 0 1
    outer loop
      vertex 32.733333333333334 32.733333333333334 20
      vertex 33.93333333333334 32.733333333333334 20
      vertex 199.4 33.93333333333334 20
    endloop
  endfacet
  facet normal 0 0 1
    outer loop
      vertex 0.2072 32.733333333333334 20
      vertex 133.93333333333334 33.93333333333334 20
      vertex 132.73333333333335 33.93333333333334 20
    endloop
  endfacet
  facet normal 0 0 1
    outer loop
      vertex 33.93333333333334 32.733333333333334 20
      vertex 66.06666666666668 32.733333333333334 20
      vertex 199.4 33.93333333333334 20
    endloop
  endfacet
  facet normal 0 0 -1
    outer loop
      vertex 100.60000000000001 32.733333333333334 0
      vertex 100.60000000000001 33.93333333333334 0
      vertex 132.73333333333335 32.733333333333334 0
    endloop
  endfacet
  facet normal 0 0 -1
    outer loop
      vertex 100.60000000000001 33.93333333333334 0
      vertex 132.73333333333335 33.93333333333334 0
      vertex 132.73333333333335 32.733333333333334 0
    endloop
  endfacet
  facet normal 0 0 -1
    outer loop
      vertex 133.93333333333334 32.733333333333334 0
      vertex 133.93333333333334 33.93333333333334 0
      vertex 166.0666666666667 32.733333333333334 0
    endloop
  endfacet
  facet normal 0 1 0
    outer loop
      vertex 100.60000000000001 33.93333333333334 0
      vertex 100.60000000000001 33.93333333333334 20
      vertex 132.73333333333335 33.93333333333334 0
    endloop
  endfacet
  facet normal 0 -1 0
    outer loop
      vertex 100.60000000000001 32.733333333333334 0
      vertex 132.73333333333335 32.733333333333334 0
      vertex 132.73333333333335 32.733333333333334 20
    endloop
  endfacet
  facet normal 0 1 0
    outer loop
      vertex 133.93333333333334 33.93333333333334 0
      vertex 133.93333333333334 33.93333333333334 20
      vertex 166.0666666666667 33.93333333333334 0
    endloop
  endfacet
  facet normal 0 0 -1
    outer loop
      vertex 133.93333333333334 33.93333333333334 0
      vertex 166.0666666666667 33.93333333333334 0
      vertex 166.0666666666667 32.733333333333334 0
    endloop
  endfacet
  facet normal 0 0 -1
    outer loop
      vertex 167.26666666666668 32.733333333333334 0
      vertex 167.26666666666668 33.93333333333334 0
      vertex 199.4 32.733333333333334 0
    endloop
  endfacet
  facet normal 0 0 -1
    outer loop
      vertex 167.26666666666668 33.93333333333334 0
      vertex 199.4 33.93333333333334 0
      vertex 199.4 32.733333333333334 0
    endloop
  endfacet
  facet normal 0 -1 0
    outer loop
      vertex 133.93333333333334 32.733333333333334 0
      vertex 166.0666666666667 32.733333333333334 0
      vertex 166.0666666666667 32.733333333333334 20
    endloop
  endfacet
  facet normal 0 1 0
    outer loop
      vertex 167.26666666666668 33.93333333333334 0
      vertex 167.26666666666668 33.93333333333334 20
      vertex 199.4 33.93333333333334 0
    endloop
  endfacet
  facet normal 0 -1 0
    outer loop
      vertex 167.26666666666668 32.733333333333334 0
      vertex 199.4 32.733333333333334 0
      vertex 199.4 32.733333333333334 20
    endloop
  endfacet
  facet normal 0 -1 0
    outer loop
      vertex 100.60000000000001 32.733333333333334 0
      vertex 132.73333333333335 32.733333333333334 20
      vertex 100.60000000000001 32.733333333333334 20
    endloop
  endfacet
  facet normal 0 1 0
    outer loop
      vertex 132.73333333333335 33.93333333333334 0
      vertex 100.60000000000001 33.93333333333334 20
      vertex 132.73333333333335 33.93333333333334 20
    endloop
  endfacet
  facet normal 0 -1 0
    outer loop
      vertex 133.93333333333334 32.733333333333334 0
      vertex 166.0666666666667 32.733333333333334 20
      vertex 133.93333333333334 32.733333333333334 20
    endloop
  endfacet
  facet normal 0 0 1
    outer loop
      vertex 0.2072 32.733333333333334 20
      vertex 166.0666666666667 33.93333333333334 20
      vertex 133.93333333333334 33.93333333333334 20
    endloop
  endfacet
  facet normal 0 0 1
    outer loop
      vertex 66.06666666666668 32.733333333333334 20
      vertex 67.26666666666668 32.733333333333334 20
      vertex 199.4 33.93333333333334 20
    endloop
  endfacet
  facet normal 0 0 1
    outer loop
      vertex 0.2072 32.733333333333334 20
      vertex 167.26666666666668 33.93333333333334 20
      vertex 166.0666666666667 33.93333333333334 20
    endloop
  endfacet
  facet normal 0 0 1
    outer loop
      vertex 67.26666666666668 32.733333333333334 20
      vertex 99.4 32.733333333333334 20
      vertex 199.4 33.93333333333334 20
    endloop
  endfacet
  facet normal 0 0 1
    outer loop
      vertex 0.2072 32.733333333333334 20
      vertex 199.4 33.93333333333334 20
      vertex 167.26666666666668 33.93333333333334 20
    endloop
  endfacet
  facet normal 0 0 1
    outer loop
      vertex 99.4 32.733333333333334 20
      vertex 100.60000000000001 32.733333333333334 20
      vertex 199.4 33.93333333333334 20
    endloop
  endfacet
  facet normal 0 0 1
    outer loop
      vertex 100.60000000000001 32.733333333333334 20
      vertex 132.73333333333335 32.733333333333334 20
      vertex 199.4 33.93333333333334 20
    endloop
  endfacet
  facet normal 0 1 0
    outer loop
      vertex 166.0666666666667 33.93333333333334 0
      vertex 133.93333333333334 33.93333333333334 20
      vertex 166.0666666666667 33.93333333333334 20
    endloop
  endfacet
  facet normal 0 -1 0
    outer loop
      vertex 167.26666666666668 32.733333333333334 0
      vertex 199.4 32.733333333333334 20
      vertex 167.26666666666668 32.733333333333334 20
    endloop
  endfacet
  facet normal 0 1 0
    outer loop
      vertex 199.4 33.93333333333334 0
      vertex 167.26666666666668 33.93333333333334 20
      vertex 199.4 33.93333333333334 20
    endloop
  endfacet
  facet normal 0 0 1
    outer loop
      vertex 132.73333333333335 32.733333333333334 20
      vertex 133.93333333333334 32.733333333333334 20
      vertex 199.4 33.93333333333334 20
    endloop
  endfacet
  facet normal 0 0 1
    outer loop
      vertex 133.93333333333334 32.733333333333334 20
      vertex 166.0666666666667 32.733333333333334 20
      vertex 199.4 33.93333333333334 20
    endloop
  endfacet
  facet normal 0 0 1
    outer loop
      vertex 166.0666666666667 32.733333333333334 20
      vertex 167.26666666666668 32.733333333333334 20
      vertex 199.4 33.93333333333334 20
    endloop
  endfacet
  facet normal 0 0 1
    outer loop
      vertex 167.26666666666668 32.733333333333334 20
      vertex 199.4 32.733333333333334 20
      vertex 199.4 33.93333333333334 20
    endloop
  endfacet
  facet normal 0 0 -1
    outer loop
      vertex 0.6 66.06666666666668 0
      vertex 0.6 67.26666666666668 0
      vertex 32.733333333333334 66.06666666666668 0
    endloop
  endfacet
  facet normal 0 0 -1
    outer loop
      vertex 0.6 67.26666666666668 0
      vertex 32.733333333333334 67.26666666666668 0
      vertex 32.733333333333334 66.06666666666668 0
    endloop
  endfacet
  facet normal 0 0 -1
    outer loop
      vertex 33.93333333333334 66.06666666666668 0
      vertex 33.93333333333334 67.26666666666668 0
      vertex 66.06666666666668 66.06666666666668 0
    endloop
  endfacet
  facet normal 0 1 0
    outer loop
      vertex 0.6 67.26666666666668 0
      vertex 0.6 67.26666666666668 20
      vertex 32.733333333333334 67.26666666666668 0
    endloop
  endfacet
  facet normal 0 -1 0
    outer loop
      vertex 0.6 66.06666666666668 0
      vertex 32.733333333333334 66.06666666666668 0
      vertex 32.733333333333334 66.06666666666668 20
    endloop
  endfacet
  facet normal 0 1 0
    outer loop
      vertex 33.93333333333334 67.26666666666668 0
      vertex 33.93333333333334 67.26666666666668 20
      vertex 66.06666666666668 67.26666666666668 0
    endloop
  endfacet
  facet normal 0 0 -1
    outer loop
      vertex 33.93333333333334 67.26666666666668 0
      vertex 66.06666666666668 67.26666666666668 0
      vertex 66.06666666666668 66.06666666666668 0
    endloop
  endfacet
  facet normal 0 0 -1
    outer loop
      vertex 67.26666666666668 66.06666666666668 0
      vertex 67.26666666666668 67.26666666666668 0
      vertex 99.4 66.06666666666668 0
    endloop
  endfacet
  facet normal 0 0 -1
    outer loop
      vertex 67.26666666666668 67.26666666666668 0
      vertex 99.4 67.26666666666668 0
      vertex 99.4 66.06666666666668 0
    endloop
  endfacet
  facet normal 0 -1 0
    outer loop
      vertex 33.93333333333334 66.06666666666668 0
      vertex 66.06666666666668 66.06666666666668 0
      vertex 66.06666666666668 66.06666666666668 20
    endloop
  endfacet
  facet normal 0 1 0
    outer loop
      vertex 67.26666666666668 67.26666666666668 0
      vertex 67.26666666666668 67.26666666666668 20
      vertex 99.4 67.26666666666668 0
    endloop
  endfacet
  facet normal 0 -1 0
    outer loop
      vertex 67.26666666666668 66.06666666666668 0
      vertex 99.4 66.06666666666668 0
      vertex 99.4 66.06666666666668 20
    endloop
  endfacet
  facet normal 0 -1 0
    outer loop
      vertex 0.6 66.06666666666668 0
      vertex 32.733333333333334 66.06666666666668 20
      vertex 0.6 66.06666666666668 20
    endloop
  endfacet
  facet normal 0 1 0
    outer loop
      vertex 32.733333333333334 67.26666666666668 0
      vertex 0.6 67.26666666666668 20
      vertex 32.733333333333334 67.26666666666668 20
    endloop
  endfacet
  facet normal 0 -1 0
    outer loop
      vertex 33.93333333333334 66.06666666666668 0
      vertex 66.06666666666668 66.06666666666668 20
      vertex 33.93333333333334 66.06666666666668 20
    endloop
  endfacet
  facet normal 0 0 1
    outer loop
      vertex 0.6 66.06666666666668 20
      vertex 32.733333333333334 67.26666666666668 20
      vertex 0.6 67.26666666666668 20
    endloop
  endfacet
  facet normal 0 0 1
    outer loop
      vertex 0.6 66.06666666666668 20
      vertex 33.93333333333334 67.26666666666668 20
      vertex 32.733333333333334 67.26666666666668 20
    endloop
  endfacet
  facet normal 0 0 1
    outer loop
      vertex 0.6 66.06666666666668 20
      vertex 66.06666666666668 67.26666666666668 20
      vertex 33.93333333333334 67.26666666666668 20
    endloop
  endfacet
  facet normal 0 0 1
    outer loop
      vertex 0.6 66.06666666666668 20
      vertex 67.26666666666668 67.26666666666668 20
      vertex 66.06666666666668 67.26666666666668 20
    endloop
  endfacet
  facet normal 0 1 0
    outer loop
      vertex 66.06666666666668 67.26666666666668 0
      vertex 33.93333333333334 67.26666666666668 20
      vertex 66.06666666666668 67.26666666666668 20
    endloop
  endfacet
  facet normal 0 -1 0
    outer loop
      vertex 67.26666666666668 66.06666666666668 0
      vertex 99.4 66.06666666666668 20
      vertex 67.26666666666668 66.06666666666668 20
    endloop
  endfacet
  facet normal 0 1 0
    outer loop
      vertex 99.4 67.26666666666668 0
      vertex 67.26666666666668 67.26666666666668 20
      vertex 99.4 67.26666666666668 20
    endloop
  endfacet
  facet normal 0 0 1
    outer loop
      vertex 0.6 66.06666666666668 20
      vertex 99.4 67.26666666666668 20
      vertex 67.26666666666668 67.26666666666668 20
    endloop
  endfacet
  facet normal 0 0 1
    outer loop
      vertex 0.6 66.06666666666668 20
      vertex 100.60000000000001 67.26666666666668 20
      vertex 99.4 67.26666666666668 20
    endloop
  endfacet
  facet normal 0 0 1
    outer loop
      vertex 0.6 66.06666666666668 20
      vertex 32.733333333333334 66.06666666666668 20
      vertex 199.7928 67.26666666666668 20
    endloop
  endfacet
  facet normal 0 0 1
    outer loop
      vertex 0.6 66.06666666666668 20
      vertex 132.73333333333335 67.26666666666668 20
      vertex 100.60000000000001 67.26666666666668 20
    endloop
  endfacet
  facet normal 0 0 1
    outer loop
      vertex 32.733333333333334 66.06666666666668 20
      vertex 33.93333333333334 66.06666666666668 20
      vertex 199.7928 67.26666666666668 20
    endloop
  endfacet
  facet normal 0 0 1
    outer loop
      vertex 0.6 66.06666666666668 20
      vertex 133.93333333333334 67.26666666666668 20
      vertex 132.73333333333335 67.26666666666668 20
    endloop
  endfacet
  facet normal 0 0 1
    outer loop
      vertex 33.93333333333334 66.06666666666668 20
      vertex 66.06666666666668 66.06666666666668 20
      vertex 199.7928 67.26666666666668 20
    endloop
  endfacet
  facet normal 0 0 -1
    outer loop
      vertex 100.60000000000001 66.06666666666668 0
      vertex 100.60000000000001 67.26666666666668 0
      vertex 132.73333333333335 66.06666666666668 0
    endloop
  endfacet
  facet normal 0 0 -1
    outer loop
      vertex 100.60000000000001 67.26666666666668 0
      vertex 132.73333333333335 67.26666666666668 0
      vertex 132.73333333333335 66.06666666666668 0
    endloop
  endfacet
  facet normal 0 0 -1
    outer loop
      vertex 133.93333333333334 66.06666666666668 0
      vertex 133.93333333333334 67.26666666666668 0
      vertex 166.0666666666667 66.06666666666668 0
    endloop
  endfacet
  facet normal 0 1 0
    outer loop
      vertex 100.60000000000001 67.26666666666668 0
      vertex 100.60000000000001 67.26666666666668 20
      vertex 132.73333333333335 67.26666666666668 0
    endloop
  endfacet
  facet normal 0 -1 0
    outer loop
      vertex 100.60000000000001 66.06666666666668 0
      vertex 132.73333333333335 66.06666666666668 0
      vertex 132.73333333333335 66.06666666666668 20
    endloop
  endfacet
  facet normal 0 1 0
    outer loop
      vertex 133.93333333333334 67.26666666666668 0
      vertex 133.93333333333334 67.26666666666668 20
      vertex 166.0666666666667 67.26666666666668 0
    endloop
  endfacet
  facet normal 0 0 -1
    outer loop
      vertex 133.93333333333334 67.26666666666668 0
      vertex 166.0666666666667 67.26666666666668 0
      vertex 166.0666666666667 66.06666666666668 0
    endloop
  endfacet
  facet normal 0 0 -1
    outer loop
      vertex 167.26666666666668 66.06666666666668 0
      vertex 167.26666666666668 67.26666666666668 0
      vertex 199.4 66.06666666666668 0
    endloop
  endfacet
  facet normal 0 0 -1
    outer loop
      vertex 167.26666666666668 67.26666666666668 0
      vertex 199.4 67.26666666666668 0
      vertex 199.4 66.06666666666668 0
    endloop
  endfacet
  facet normal 0 -1 0
    outer loop
      vertex 133.93333333333334 66.06666666666668 0
      vertex 166.0666666666667 66.06666666666668 0
      vertex 166.0666666666667 66.06666666666668 20
    endloop
  endfacet
  facet normal 0 1 0
    outer loop
      vertex 167.26666666666668 67.26666666666668 0
      vertex 167.26666666666668 67.26666666666668 20
      vertex 199.4 67.26666666666668 0
    endloop
  endfacet
  facet normal 0 -1 0
    outer loop
      vertex 167.26666666666668 66.06666666666668 0
      vertex 199.4 66.06666666666668 0
      vertex 199.4 66.06666666666668 20
    endloop
  endfacet
  facet normal 0 -1 0
    outer loop
      vertex 100.60000000000001 66.06666666666668 0
      vertex 132.73333333333335 66.06666666666668 20
      vertex 100.60000000000001 66.06666666666668 20
    endloop
  endfacet
  facet normal 0 1 0
    outer loop
      vertex 132.73333333333335 67.26666666666668 0
      vertex 100.60000000000001 67.26666666666668 20
      vertex 132.73333333333335 67.26666666666668 20
    endloop
  endfacet
  facet normal 0 -1 0
    outer loop
      vertex 133.93333333333334 66.06666666666668 0
      vertex 166.0666666666667 66.06666666666668 20
      vertex 133.93333333333334 66.06666666666668 20
    endloop
  endfacet
  facet normal 0 0 1
    outer loop
      vertex 0.6 66.06666666666668 20
      vertex 166.0666666666667 67.26666666666668 20
      vertex 133.93333333333334 67.26666666666668 20
    endloop
  endfacet
  facet normal 0 0 1
    outer loop
      vertex 66.06666666666668 66.06666666666668 20
      vertex 67.26666666666668 66.06666666666668 20
      vertex 199.7928 67.26666666666668 20
    endloop
  endfacet
  facet normal 0 0 1
    outer loop
      vertex 0.6 66.06666666666668 20
      vertex 167.26666666666668 67.26666666666668 20
      vertex 166.0666666666667 67.26666666666668 20
    endloop
  endfacet
  facet normal 0 0 1
    outer loop
      vertex 67.26666666666668 66.06666666666668 20
      vertex 99.4 66.06666666666668 20
      vertex 199.7928 67.26666666666668 20
    endloop
  endfacet
  facet normal 0 0 1
    outer loop
      vertex 0.6 66.06666666666668 20
      vertex 199.4 67.26666666666668 20
      vertex 167.26666666666668 67.26666666666668 20
    endloop
  endfacet
  facet normal 0 0 1
    outer loop
      vertex 99.4 66.06666666666668 20
      vertex 100.60000000000001 66.06666666666668 20
      vertex 199.7928 67.26666666666668 20
    endloop
  endfacet
  facet normal 0 0 1
    outer loop
      vertex 0.6 66.06666666666668 20
      vertex 199.7928 67.26666666666668 20
      vertex 199.4 67.26666666666668 20
    endloop
  endfacet
  facet normal 0 0 1
    outer loop
      vertex 100.60000000000001 66.06666666666668 20
      vertex 132.73333333333335 66.06666666666668 20
      vertex 199.7928 67.26666666666668 20
    endloop
  endfacet
  facet normal 0 1 0
    outer loop
      vertex 166.0666666666667 67.26666666666668 0
      vertex 133.93333333333334 67.26666666666668 20
      vertex 166.0666666666667 67.26666666666668 20
    endloop
  endfacet
  facet normal 0 -1 0
    outer loop
      vertex 167.26666666666668 66.06666666666668 0
      vertex 199.4 66.06666666666668 20
      vertex 167.26666666666668 66.06666666666668 20
    endloop
  endfacet
  facet normal 0 1 0
    outer loop
      vertex 199.4 67.26666666666668 0
      vertex 167.26666666666668 67.26666666666668 20
      vertex 199.4 67.26666666666668 20
    endloop
  endfacet
  facet normal 0 0 1
    outer loop
      vertex 132.73333333333335 66.06666666666668 20
      vertex 133.93333333333334 66.06666666666668 20
      vertex 199.7928 67.26666666666668 20
    endloop
  endfacet
  facet normal 0 0 1
    outer loop
      vertex 133.93333333333334 66.06666666666668 20
      vertex 166.0666666666667 66.06666666666668 20
      vertex 199.7928 67.26666666666668 20
    endloop
  endfacet
  facet normal 0 0 1
    outer loop
      vertex 166.0666666666667 66.06666666666668 20
      vertex 167.26666666666668 66.06666666666668 20
      vertex 199.7928 67.26666666666668 20
    endloop
  endfacet
  facet normal 0 0 1
    outer loop
      vertex 167.26666666666668 66.06666666666668 20
      vertex 199.4 66.06666666666668 20
      vertex 199.7928 67.26666666666668 20
    endloop
  endfacet
  facet normal 0 0 1
    outer loop
      vertex 199.4 66.06666666666668 20
      vertex 199.8072 66.06666666666668 20
      vertex 199.7928 67.26666666666668 20
    endloop
  endfacet
  facet normal 0 0 -1
    outer loop
      vertex 0 100 0
      vertex 7.957506147863992 99.97676629027592 0
      vertex 7.823569600195058 99.90353586484811 0
    endloop
  endfacet
  facet normal 0 0 -1
    outer loop
      vertex 32.733333333333334 99.4 0
      vertex 8 99.4 0
      vertex 8 99.97664222001983 0
    endloop
  endfacet
  facet normal 0 -1 0
    outer loop
      vertex 32.733333333333334 99.4 0
      vertex 8 99.4 1.2
      vertex 8 99.4 0
    endloop
  endfacet
  facet normal 0 0 -1
    outer loop
      vertex 32.733333333333334 99.4 0
      vertex 8 99.97664222001983 0
      vertex 32.733333333333334 99.5964 0
    endloop
  endfacet
  facet normal 0 0 -1
    outer loop
      vertex 32.733333333333334 99.5964 0
      vertex 8 99.97664222001983 0
      vertex 33.93333333333334 99.6036 0
    endloop
  endfacet
  facet normal 0 0 -1
    outer loop
      vertex 33.93333333333334 99.6036 0
      vertex 8 99.97664222001983 0
      vertex 66.06666666666668 99.7964 0
    endloop
  endfacet
  facet normal 0 0 -1
    outer loop
      vertex 0 100 0
      vertex 99.99999999999929 100 0
      vertex 7.957506147863992 99.97676629027592 0
    endloop
  endfacet
  facet normal 0 0 -1
    outer loop
      vertex 99.99999999999929 100 0
      vertex 8 99.97664222001983 0
      vertex 7.957506147863992 99.97676629027592 0
    endloop
  endfacet
  facet normal 0 0 -1
    outer loop
      vertex 33.93333333333334 99.4 0
      vertex 33.93333333333334 99.6036 0
      vertex 66.06666666666668 99.4 0
    endloop
  endfacet
  facet normal 0 0 -1
    outer loop
      vertex 66.06666666666668 99.7964 0
      vertex 8 99.97664222001983 0
      vertex 67.26666666666668 99.8036 0
    endloop
  endfacet
  facet normal 0 -1 0
    outer loop
      vertex 0.6 99.4 20
      vertex 0.6 99.4 1.2
      vertex 8 99.4 1.2
    endloop
  endfacet
  facet normal 0 -1 0
    outer loop
      vertex 32.733333333333334 99.4 0
      vertex 32.733333333333334 99.4 20
      vertex 8 99.4 1.2
    endloop
  endfacet
  facet normal 0 0 -1
    outer loop
      vertex 33.93333333333334 99.6036 0
      vertex 66.06666666666668 99.7964 0
      vertex 66.06666666666668 99.4 0
    endloop
  endfacet
  facet normal 0 0 -1
    outer loop
      vertex 67.26666666666668 99.8036 0
      vertex 8 99.97664222001983 0
      vertex 99.99999999999929 100 0
    endloop
  endfacet
  facet normal 0 0 -1
    outer loop
      vertex 67.26666666666668 99.4 0
      vertex 67.26666666666668 99.8036 0
      vertex 99.4 99.4 0
    endloop
  endfacet
  facet normal 0 0 -1
    outer loop
      vertex 67.26666666666668 99.8036 0
      vertex 99.99999999999929 100 0
      vertex 99.4 99.4 0
    endloop
  endfacet
  facet normal 0 -1 0
    outer loop
      vertex 33.93333333333334 99.4 0
      vertex 66.06666666666668 99.4 0
      vertex 66.06666666666668 99.4 20
    endloop
  endfacet
  facet normal 0 -1 0
    outer loop
      vertex 67.26666666666668 99.4 0
      vertex 99.4 99.4 0
      vertex 99.4 99.4 20
    endloop
  endfacet
  facet normal 0 -1 0
    outer loop
      vertex 0.6 99.4 20
      vertex 8 99.4 1.2
      vertex 32.733333333333334 99.4 20
    endloop
  endfacet
  facet normal 0 -1 0
    outer loop
      vertex 33.93333333333334 99.4 0
      vertex 66.06666666666668 99.4 20
      vertex 33.93333333333334 99.4 20
    endloop
  endfacet
  facet normal 0 0 1
    outer loop
      vertex 0.6 99.4 20
      vertex 32.733333333333334 99.4 20
      vertex 0 100 20
    endloop
  endfacet
  facet normal 0 0 1
    outer loop
      vertex 0 100 20
      vertex 32.733333333333334 99.4 20
      vertex 33.93333333333334 99.4 20
    endloop
  endfacet
  facet normal 0 0 1
    outer loop
      vertex 0 100 20
      vertex 33.93333333333334 99.4 20
      vertex 66.06666666666668 99.4 20
    endloop
  endfacet
  facet normal 0 0 1
    outer loop
      vertex 0 100 20
      vertex 66.06666666666668 99.4 20
      vertex 67.26666666666668 99.4 20
    endloop
  endfacet
  facet normal 0 -1 0
    outer loop
      vertex 67.26666666666668 99.4 0
      vertex 99.4 99.4 20
      vertex 67.26666666666668 99.4 20
    endloop
  endfacet
  facet normal 0 0 1
    outer loop
      vertex 0 100 20
      vertex 67.26666666666668 99.4 20
      vertex 99.4 99.4 20
    endloop
  endfacet
  facet normal 0 0 1
    outer loop
      vertex 0 100 20
      vertex 99.4 99.4 20
      vertex 100.60000000000001 99.4 20
    endloop
  endfacet
  facet normal 0 0 1
    outer loop
      vertex 0 100 20
      vertex 100.60000000000001 99.4 20
      vertex 132.73333333333335 99.4 20
    endloop
  endfacet
  facet normal 0 0 1
    outer loop
      vertex 0 100 20
      vertex 132.73333333333335 99.4 20
      vertex 133.93333333333334 99.4 20
    endloop
  endfacet
  facet normal 0 0 -1
    outer loop
      vertex 99.4 99.4 0
      vertex 192.0260029008333 99.95244136918986 0
      vertex 100.60000000000001 99.4 0
    endloop
  endfacet
  facet normal 0 0 -1
    outer loop
      vertex 99.4 99.4 0
      vertex 99.99999999999929 100 0
      vertex 192.0260029008333 99.95244136918986 0
    endloop
  endfacet
  facet normal 0 0 -1
    outer loop
      vertex 100.60000000000001 99.4 0
      vertex 192.07938028185987 99.85481552451475 0
      vertex 132.73333333333335 99.4 0
    endloop
  endfacet
  facet normal 0 -1 0
    outer loop
      vertex 100.60000000000001 99.4 0
      vertex 132.73333333333335 99.4 0
      vertex 132.73333333333335 99.4 20
    endloop
  endfacet
  facet normal 0 0 -1
    outer loop
      vertex 132.73333333333335 99.4 0
      vertex 192.07938028185987 99.85481552451475 0
      vertex 133.93333333333334 99.4 0
    endloop
  endfacet
  facet normal 0 0 -1
    outer loop
      vertex 100.60000000000001 99.4 0
      vertex 192.0260029008333 99.95244136918986 0
      vertex 192.07938028185987 99.85481552451475 0
    endloop
  endfacet
  facet normal 0 0 -1
    outer loop
      vertex 99.99999999999929 100 0
      vertex 192 100 0
      vertex 192.0260029008333 99.95244136918986 0
    endloop
  endfacet
  facet normal 0 0 -1
    outer loop
      vertex 133.93333333333334 99.4 0
      vertex 192.07938028185987 99.85481552451475 0
      vertex 166.0666666666667 99.4 0
    endloop
  endfacet
  facet normal 0 0 -1
    outer loop
      vertex 166.0666666666667 99.4 0
      vertex 192.07938028185987 99.85481552451475 0
      vertex 167.26666666666668 99.4 0
    endloop
  endfacet
  facet normal 0 0 -1
    outer loop
      vertex 167.26666666666668 99.4 0
      vertex 192.07938028185987 99.85481552451475 0
      vertex 192 99.4 0
    endloop
  endfacet
  facet normal 0 -1 0
    outer loop
      vertex 167.26666666666668 99.4 0
      vertex 192 99.4 0
      vertex 192 99.4 1.2
    endloop
  endfacet
  facet normal 0 0 -1
    outer loop
      vertex 192.0260029008333 99.95244136918986 0
      vertex 192 100 0
      vertex 192.0635878106182 99.95266553366174 0
    endloop
  endfacet
  facet normal 0 -1 0
    outer loop
      vertex 133.93333333333334 99.4 0
      vertex 166.0666666666667 99.4 0
      vertex 166.0666666666667 99.4 20
    endloop
  endfacet
  facet normal 0 -1 0
    outer loop
      vertex 167.26666666666668 99.4 0
      vertex 192 99.4 1.2
      vertex 199.4 99.4 20
    endloop
  endfacet
  facet normal 0 -1 0
    outer loop
      vertex 199.4 99.4 20
      vertex 192 99.4 1.2
      vertex 199.4 99.4 1.2
    endloop
  endfacet
  facet normal 0 -1 0
    outer loop
      vertex 100.60000000000001 99.4 0
      vertex 132.73333333333335 99.4 20
      vertex 100.60000000000001 99.4 20
    endloop
  endfacet
  facet normal 0 -1 0
    outer loop
      vertex 133.93333333333334 99.4 0
      vertex 166.0666666666667 99.4 20
      vertex 133.93333333333334 99.4 20
    endloop
  endfacet
  facet normal 0 0 1
    outer loop
      vertex 0 100 20
      vertex 133.93333333333334 99.4 20
      vertex 166.0666666666667 99.4 20
    endloop
  endfacet
  facet normal 0 0 1
    outer loop
      vertex 0 100 20
      vertex 166.0666666666667 99.4 20
      vertex 167.26666666666668 99.4 20
    endloop
  endfacet
  facet normal 0 0 1
    outer loop
      vertex 0 100 20
      vertex 167.26666666666668 99.4 20
      vertex 199.4071573153267 99.40355705610806 20
    endloop
  endfacet
  facet normal 0 0 1
    outer loop
      vertex 0 100 20
      vertex 199.4071573153267 99.40355705610806 20
      vertex 200 100 20
    endloop
  endfacet
  facet normal 0 -1 0
    outer loop
      vertex 167.26666666666668 99.4 0
      vertex 199.4 99.4 20
      vertex 167.26666666666668 99.4 20
    endloop
  endfacet
  facet normal 0 0 1
    outer loop
      vertex 167.26666666666668 99.4 20
      vertex 199.4 99.4 20
      vertex 199.4071573153267 99.40355705610806 20
    endloop
  endfacet
  facet normal 0 0 1
    outer loop
      vertex 199.4 99.4 20
      vertex 199.40720000000002 99.4 20
      vertex 199.4071573153267 99.40355705610806 20
    endloop
  endfacet
  facet normal 0 0 -1
    outer loop
      vertex 0.4133190750337846 7.692327229795437 0
      vertex 0 0 0
      vertex 0 8 0
    endloop
  endfacet
  facet normal 0 0 -1
    outer loop
      vertex 0 11.166666666666668 0
      vertex 0.4133190750337846 7.692327229795437 0
      vertex 0 8 0
    endloop
  endfacet
  facet normal 0 0 -1
    outer loop
      vertex 0.6 11.166666666666668 0
      vertex 0.6 8 0
      vertex 0.4133190750337846 7.692327229795437 0
    endloop
  endfacet
  facet normal 0 0 -1
    outer loop
      vertex 0 11.166666666666668 0
      vertex 0.6 11.166666666666668 0
      vertex 0.4133190750337846 7.692327229795437 0
    endloop
  endfacet
  facet normal 1 0 0
    outer loop
      vertex 0.6 11.166666666666668 0
      vertex 0.6 11.166666666666668 2.6
      vertex 0.6 8 0
    endloop
  endfacet
  facet normal 1 0 0
    outer loop
      vertex 0.6 11.166666666666668 2.6
      vertex 0.6 8 1.2
      vertex 0.6 8 0
    endloop
  endfacet
  facet normal 1 0 0
    outer loop
      vertex 0.6 0.6 20
      vertex 0.6 0.6 1.2
      vertex 0.6 8 1.2
    endloop
  endfacet
  facet normal 1 0 0
    outer loop
      vertex 0.6 11.166666666666668 2.6
      vertex 0.6 0.6 20
      vertex 0.6 8 1.2
    endloop
  endfacet
  facet normal 1 0 0
    outer loop
      vertex 0.6 11.166666666666668 2.6
      vertex 0.6 22.166666666666668 2.6
      vertex 0.6 0.6 20
    endloop
  endfacet
  facet normal 1 0 0
    outer loop
      vertex 0.6 22.166666666666668 2.6
      vertex 0.6 32.733333333333334 0
      vertex 0.6 0.6 20
    endloop
  endfacet
  facet normal 0 0 -1
    outer loop
      vertex 0 22.166666666666668 0
      vertex 0.6 32.733333333333334 0
      vertex 0.6 22.166666666666668 0
    endloop
  endfacet
  facet normal 1 0 0
    outer loop
      vertex 0.6 22.166666666666668 0
      vertex 0.6 32.733333333333334 0
      vertex 0.6 22.166666666666668 2.6
    endloop
  endfacet
  facet normal 0 0 -1
    outer loop
      vertex 0 22.166666666666668 0
      vertex 0.6 33.93333333333334 0
      vertex 0.6 32.733333333333334 0
    endloop
  endfacet
  facet normal 0 0 -1
    outer loop
      vertex 0 22.166666666666668 0
      vertex 0 44.5 0
      vertex 0.6 33.93333333333334 0
    endloop
  endfacet
  facet normal 0 0 -1
    outer loop
      vertex 0.6 33.93333333333334 0
      vertex 0 44.5 0
      vertex 0.6 44.5 0
    endloop
  endfacet
  facet normal 1 0 0
    outer loop
      vertex 0.6 33.93333333333334 0
      vertex 0.6 44.5 0
      vertex 0.6 44.5 2.6
    endloop
  endfacet
  facet normal 1 0 0
    outer loop
      vertex 0.6 33.93333333333334 0
      vertex 0.6 44.5 2.6
      vertex 0.6 33.93333333333334 20
    endloop
  endfacet
  facet normal 1 0 0
    outer loop
      vertex 0.6 44.5 2.6
      vertex 0.6 55.5 2.6
      vertex 0.6 33.93333333333334 20
    endloop
  endfacet
  facet normal 1 0 0
    outer loop
      vertex 0.6 32.733333333333334 0
      vertex 0.6 32.733333333333334 20
      vertex 0.6 0.6 20
    endloop
  endfacet
  facet normal 0 0 1
    outer loop
      vertex 0 0 20
      vertex 0.5928426846732965 0.5964429438919602 20
      vertex 0.5928 0.6 20
    endloop
  endfacet
  facet normal 0 0 1
    outer loop
      vertex 0 0 20
      vertex 0.5928 0.6 20
      vertex 0.2072 32.733333333333334 20
    endloop
  endfacet
  facet normal 0 0 1
    outer loop
      vertex 0.6 0.6 20
      vertex 0.6 32.733333333333334 20
      vertex 0.5928 0.6 20
    endloop
  endfacet
  facet normal 0 0 1
    outer loop
      vertex 0 0 20
      vertex 0.2072 32.733333333333334 20
      vertex 0.19279999999999994 33.93333333333334 20
    endloop
  endfacet
  facet normal 0 0 1
    outer loop
      vertex 0.5928 0.6 20
      vertex 0.6 32.733333333333334 20
      vertex 0.2072 32.733333333333334 20
    endloop
  endfacet
  facet normal 0 0 1
    outer loop
      vertex 0 0 20
      vertex 0.19279999999999994 33.93333333333334 20
      vertex 0 100 20
    endloop
  endfacet
  facet normal 0 0 1
    outer loop
      vertex 0.19279999999999994 33.93333333333334 20
      vertex 0.6 33.93333333333334 20
      vertex 0.6 66.06666666666668 20
    endloop
  endfacet
  facet normal 0 0 -1
    outer loop
      vertex 0 55.5 0
      vertex 0.6 66.06666666666668 0
      vertex 0.6 55.5 0
    endloop
  endfacet
  facet normal 1 0 0
    outer loop
      vertex 0.6 55.5 0
      vertex 0.6 66.06666666666668 0
      vertex 0.6 55.5 2.6
    endloop
  endfacet
  facet normal 0 0 -1
    outer loop
      vertex 0 55.5 0
      vertex 0.6 67.26666666666668 0
      vertex 0.6 66.06666666666668 0
    endloop
  endfacet
  facet normal 0 0 -1
    outer loop
      vertex 0 55.5 0
      vertex 0.6 77.83333333333334 0
      vertex 0.6 67.26666666666668 0
    endloop
  endfacet
  facet normal 0 0 -1
    outer loop
      vertex 0 55.5 0
      vertex 0 77.83333333333334 0
      vertex 0.6 77.83333333333334 0
    endloop
  endfacet
  facet normal 1 0 0
    outer loop
      vertex 0.6 67.26666666666668 0
      vertex 0.6 77.83333333333334 0
      vertex 0.6 77.83333333333334 2.6
    endloop
  endfacet
  facet normal 1 0 0
    outer loop
      vertex 0.6 33.93333333333334 20
      vertex 0.6 55.5 2.6
      vertex 0.6 66.06666666666668 0
    endloop
  endfacet
  facet normal 1 0 0
    outer loop
      vertex 0.6 67.26666666666668 0
      vertex 0.6 77.83333333333334 2.6
      vertex 0.6 67.26666666666668 20
    endloop
  endfacet
  facet normal 0 0 -1
    outer loop
      vertex 0 88.83333333333334 0
      vertex 0.17981072555205 92 0
      vertex 0.6 88.83333333333334 0
    endloop
  endfacet
  facet normal 0 0 -1
    outer loop
      vertex 0 88.83333333333334 0
      vertex 0.17760600128899584 92 0
      vertex 0.17981072555205 92 0
    endloop
  endfacet
  facet normal 0 0 -1
    outer loop
      vertex 0.6 88.83333333333334 0
      vertex 0.17981072555205 92 0
      vertex 0.6 92 0
    endloop
  endfacet
  facet normal 1 0 0
    outer loop
      vertex 0.6 88.83333333333334 0
      vertex 0.6 92 0
      vertex 0.6 92 1.2
    endloop
  endfacet
  facet normal 0 0 -1
    outer loop
      vertex 0 88.83333333333334 0
      vertex 0 100 0
      vertex 0.17760600128899584 92 0
    endloop
  endfacet
  facet normal 1 0 0
    outer loop
      vertex 0.6 88.83333333333334 0
      vertex 0.6 92 1.2
      vertex 0.6 88.83333333333334 2.6
    endloop
  endfacet
  facet normal 1 0 0
    outer loop
      vertex 0.6 88.83333333333334 2.6
      vertex 0.6 92 1.2
      vertex 0.6 99.4 1.2
    endloop
  endfacet
  facet normal 0 0 -1
    outer loop
      vertex 0.17760600128899584 92 0
      vertex 0 100 0
      vertex 0.5878714465610227 99.31492123351227 0
    endloop
  endfacet
  facet normal 1 0 0
    outer loop
      vertex 0.6 77.83333333333334 2.6
      vertex 0.6 88.83333333333334 2.6
      vertex 0.6 67.26666666666668 20
    endloop
  endfacet
  facet normal 1 0 0
    outer loop
      vertex 0.6 88.83333333333334 2.6
      vertex 0.6 99.4 1.2
      vertex 0.6 67.26666666666668 20
    endloop
  endfacet
  facet normal 1 0 0
    outer loop
      vertex 0.6 33.93333333333334 20
      vertex 0.6 66.06666666666668 0
      vertex 0.6 66.06666666666668 20
    endloop
  endfacet
  facet normal 0 0 1
    outer loop
      vertex 0.19279999999999994 33.93333333333334 20
      vertex 0.6 66.06666666666668 20
      vertex 0 100 20
    endloop
  endfacet
  facet normal 1 0 0
    outer loop
      vertex 0.6 67.26666666666668 20
      vertex 0.6 99.4 1.2
      vertex 0.6 99.4 20
    endloop
  endfacet
  facet normal 0 0 1
    outer loop
      vertex 0.6 66.06666666666668 20
      vertex 0.6 67.26666666666668 20
      vertex 0 100 20
    endloop
  endfacet
  facet normal 0 0 1
    outer loop
      vertex 0.6 67.26666666666668 20
      vertex 0.6 99.4 20
      vertex 0 100 20
    endloop
  endfacet
  facet normal 0 0 -1
    outer loop
      vertex 32.733333333333334 0.6 0
      vertex 33.93333333333334 11.166666666666668 0
      vertex 33.93333333333334 0.6 0
    endloop
  endfacet
  facet normal 0 0 -1
    outer loop
      vertex 32.733333333333334 0.6 0
      vertex 32.733333333333334 11.166666666666668 0
      vertex 33.93333333333334 11.166666666666668 0
    endloop
  endfacet
  facet normal -1 0 0
    outer loop
      vertex 32.733333333333334 0.6 0
      vertex 32.733333333333334 11.166666666666668 2.6
      vertex 32.733333333333334 11.166666666666668 0
    endloop
  endfacet
  facet normal 1 0 0
    outer loop
      vertex 33.93333333333334 0.6 0
      vertex 33.93333333333334 11.166666666666668 0
      vertex 33.93333333333334 11.166666666666668 2.6
    endloop
  endfacet
  facet normal 1 0 0
    outer loop
      vertex 33.93333333333334 0.6 0
      vertex 33.93333333333334 11.166666666666668 2.6
      vertex 33.93333333333334 0.6 20
    endloop
  endfacet
  facet normal 1 0 0
    outer loop
      vertex 33.93333333333334 11.166666666666668 2.6
      vertex 33.93333333333334 22.166666666666668 2.6
      vertex 33.93333333333334 0.6 20
    endloop
  endfacet
  facet normal -1 0 0
    outer loop
      vertex 32.733333333333334 0.6 0
      vertex 32.733333333333334 32.733333333333334 20
      vertex 32.733333333333334 11.166666666666668 2.6
    endloop
  endfacet
  facet normal 1 0 0
    outer loop
      vertex 33.93333333333334 22.166666666666668 2.6
      vertex 33.93333333333334 32.733333333333334 0
      vertex 33.93333333333334 0.6 20
    endloop
  endfacet
  facet normal -1 0 0
    outer loop
      vertex 32.733333333333334 11.166666666666668 2.6
      vertex 32.733333333333334 32.733333333333334 20
      vertex 32.733333333333334 22.166666666666668 2.6
    endloop
  endfacet
  facet normal 0 0 -1
    outer loop
      vertex 32.733333333333334 22.166666666666668 0
      vertex 33.93333333333334 32.733333333333334 0
      vertex 33.93333333333334 22.166666666666668 0
    endloop
  endfacet
  facet normal -1 0 0
    outer loop
      vertex 32.733333333333334 22.166666666666668 0
      vertex 32.733333333333334 22.166666666666668 2.6
      vertex 32.733333333333334 32.733333333333334 0
    endloop
  endfacet
  facet normal 1 0 0
    outer loop
      vertex 33.93333333333334 22.166666666666668 0
      vertex 33.93333333333334 32.733333333333334 0
      vertex 33.93333333333334 22.166666666666668 2.6
    endloop
  endfacet
  facet normal 0 0 -1
    outer loop
      vertex 32.733333333333334 22.166666666666668 0
      vertex 33.93333333333334 33.93333333333334 0
      vertex 33.93333333333334 32.733333333333334 0
    endloop
  endfacet
  facet normal 0 0 -1
    outer loop
      vertex 32.733333333333334 22.166666666666668 0
      vertex 32.733333333333334 32.733333333333334 0
      vertex 33.93333333333334 44.5 0
    endloop
  endfacet
  facet normal 0 0 -1
    outer loop
      vertex 32.733333333333334 22.166666666666668 0
      vertex 33.93333333333334 44.5 0
      vertex 33.93333333333334 33.93333333333334 0
    endloop
  endfacet
  facet normal 0 0 -1
    outer loop
      vertex 32.733333333333334 32.733333333333334 0
      vertex 32.733333333333334 33.93333333333334 0
      vertex 33.93333333333334 44.5 0
    endloop
  endfacet
  facet normal 0 0 -1
    outer loop
      vertex 32.733333333333334 33.93333333333334 0
      vertex 32.733333333333334 44.5 0
      vertex 33.93333333333334 44.5 0
    endloop
  endfacet
  facet normal -1 0 0
    outer loop
      vertex 32.733333333333334 33.93333333333334 0
      vertex 32.733333333333334 44.5 2.6
      vertex 32.733333333333334 44.5 0
    endloop
  endfacet
  facet normal 1 0 0
    outer loop
      vertex 33.93333333333334 33.93333333333334 0
      vertex 33.93333333333334 44.5 0
      vertex 33.93333333333334 44.5 2.6
    endloop
  endfacet
  facet normal -1 0 0
    outer loop
      vertex 32.733333333333334 22.166666666666668 2.6
      vertex 32.733333333333334 32.733333333333334 20
      vertex 32.733333333333334 32.733333333333334 0
    endloop
  endfacet
  facet normal 1 0 0
    outer loop
      vertex 33.93333333333334 33.93333333333334 0
      vertex 33.93333333333334 44.5 2.6
      vertex 33.93333333333334 33.93333333333334 20
    endloop
  endfacet
  facet normal 1 0 0
    outer loop
      vertex 33.93333333333334 44.5 2.6
      vertex 33.93333333333334 55.5 2.6
      vertex 33.93333333333334 33.93333333333334 20
    endloop
  endfacet
  facet normal -1 0 0
    outer loop
      vertex 32.733333333333334 33.93333333333334 0
      vertex 32.733333333333334 66.06666666666668 20
      vertex 32.733333333333334 44.5 2.6
    endloop
  endfacet
  facet normal -1 0 0
    outer loop
      vertex 32.733333333333334 0.6 0
      vertex 32.733333333333334 0.6 20
      vertex 32.733333333333334 32.733333333333334 20
    endloop
  endfacet
  facet normal 1 0 0
    outer loop
      vertex 33.93333333333334 32.733333333333334 0
      vertex 33.93333333333334 32.733333333333334 20
      vertex 33.93333333333334 0.6 20
    endloop
  endfacet
  facet normal 0 0 1
    outer loop
      vertex 32.733333333333334 0.6 20
      vertex 33.93333333333334 0.6 20
      vertex 33.93333333333334 32.733333333333334 20
    endloop
  endfacet
  facet normal 0 0 1
    outer loop
      vertex 32.733333333333334 0.6 20
      vertex 33.93333333333334 32.733333333333334 20
      vertex 32.733333333333334 32.733333333333334 20
    endloop
  endfacet
  facet normal -1 0 0
    outer loop
      vertex 32.733333333333334 33.93333333333334 0
      vertex 32.733333333333334 33.93333333333334 20
      vertex 32.733333333333334 66.06666666666668 20
    endloop
  endfacet
  facet normal 0 0 1
    outer loop
      vertex 32.733333333333334 33.93333333333334 20
      vertex 33.93333333333334 33.93333333333334 20
      vertex 33.93333333333334 66.06666666666668 20
    endloop
  endfacet
  facet normal 0 0 -1
    outer loop
      vertex 32.733333333333334 55.5 0
      vertex 33.93333333333334 66.06666666666668 0
      vertex 33.93333333333334 55.5 0
    endloop
  endfacet
  facet normal -1 0 0
    outer loop
      vertex 32.733333333333334 55.5 0
      vertex 32.733333333333334 55.5 2.6
      vertex 32.733333333333334 66.06666666666668 0
    endloop
  endfacet
  facet normal 1 0 0
    outer loop
      vertex 33.93333333333334 55.5 0
      vertex 33.93333333333334 66.06666666666668 0
      vertex 33.93333333333334 55.5 2.6
    endloop
  endfacet
  facet normal 0 0 -1
    outer loop
      vertex 32.733333333333334 55.5 0
      vertex 33.93333333333334 67.26666666666668 0
      vertex 33.93333333333334 66.06666666666668 0
    endloop
  endfacet
  facet normal 0 0 -1
    outer loop
      vertex 32.733333333333334 55.5 0
      vertex 32.733333333333334 66.06666666666668 0
      vertex 33.93333333333334 77.83333333333334 0
    endloop
  endfacet
  facet normal 0 0 -1
    outer loop
      vertex 32.733333333333334 55.5 0
      vertex 33.93333333333334 77.83333333333334 0
      vertex 33.93333333333334 67.26666666666668 0
    endloop
  endfacet
  facet normal 0 0 -1
    outer loop
      vertex 32.733333333333334 66.06666666666668 0
      vertex 32.733333333333334 67.26666666666668 0
      vertex 33.93333333333334 77.83333333333334 0
    endloop
  endfacet
  facet normal 0 0 -1
    outer loop
      vertex 32.733333333333334 67.26666666666668 0
      vertex 32.733333333333334 77.83333333333334 0
      vertex 33.93333333333334 77.83333333333334 0
    endloop
  endfacet
  facet normal -1 0 0
    outer loop
      vertex 32.733333333333334 67.26666666666668 0
      vertex 32.733333333333334 77.83333333333334 2.6
      vertex 32.733333333333334 77.83333333333334 0
    endloop
  endfacet
  facet normal 1 0 0
    outer loop
      vertex 33.93333333333334 67.26666666666668 0
      vertex 33.93333333333334 77.83333333333334 0
      vertex 33.93333333333334 77.83333333333334 2.6
    endloop
  endfacet
  facet normal 1 0 0
    outer loop
      vertex 33.93333333333334 33.93333333333334 20
      vertex 33.93333333333334 55.5 2.6
      vertex 33.93333333333334 66.06666666666668 0
    endloop
  endfacet
  facet normal -1 0 0
    outer loop
      vertex 32.733333333333334 44.5 2.6
      vertex 32.733333333333334 66.06666666666668 20
      vertex 32.733333333333334 55.5 2.6
    endloop
  endfacet
  facet normal -1 0 0
    outer loop
      vertex 32.733333333333334 55.5 2.6
      vertex 32.733333333333334 66.06666666666668 20
      vertex 32.733333333333334 66.06666666666668 0
    endloop
  endfacet
  facet normal 1 0 0
    outer loop
      vertex 33.93333333333334 67.26666666666668 0
      vertex 33.93333333333334 77.83333333333334 2.6
      vertex 33.93333333333334 67.26666666666668 20
    endloop
  endfacet
  facet normal 0 0 -1
    outer loop
      vertex 32.733333333333334 88.83333333333334 0
      vertex 33.93333333333334 99.4 0
      vertex 33.93333333333334 88.83333333333334 0
    endloop
  endfacet
  facet normal -1 0 0
    outer loop
      vertex 32.733333333333334 88.83333333333334 0
      vertex 32.733333333333334 88.83333333333334 2.6
      vertex 32.733333333333334 99.4 0
    endloop
  endfacet
  facet normal 1 0 0
    outer loop
      vertex 33.93333333333334 88.83333333333334 0
      vertex 33.93333333333334 99.4 0
      vertex 33.93333333333334 88.83333333333334 2.6
    endloop
  endfacet
  facet normal 0 0 -1
    outer loop
      vertex 32.733333333333334 88.83333333333334 0
      vertex 32.733333333333334 99.4 0
      vertex 33.93333333333334 99.4 0
    endloop
  endfacet
  facet normal 0 0 -1
    outer loop
      vertex 32.733333333333334 99.4 0
      vertex 32.733333333333334 99.5964 0
      vertex 33.93333333333334 99.4 0
    endloop
  endfacet
  facet normal 0 0 -1
    outer loop
      vertex 32.733333333333334 99.5964 0
      vertex 33.93333333333334 99.6036 0
      vertex 33.93333333333334 99.4 0
    endloop
  endfacet
  facet normal 1 0 0
    outer loop
      vertex 33.93333333333334 77.83333333333334 2.6
      vertex 33.93333333333334 88.83333333333334 2.6
      vertex 33.93333333333334 67.26666666666668 20
    endloop
  endfacet
  facet normal -1 0 0
    outer loop
      vertex 32.733333333333334 67.26666666666668 0
      vertex 32.733333333333334 99.4 20
      vertex 32.733333333333334 77.83333333333334 2.6
    endloop
  endfacet
  facet normal 1 0 0
    outer loop
      vertex 33.93333333333334 99.4 0
      vertex 33.93333333333334 67.26666666666668 20
      vertex 33.93333333333334 88.83333333333334 2.6
    endloop
  endfacet
  facet normal -1 0 0
    outer loop
      vertex 32.733333333333334 77.83333333333334 2.6
      vertex 32.733333333333334 99.4 20
      vertex 32.733333333333334 88.83333333333334 2.6
    endloop
  endfacet
  facet normal -1 0 0
    outer loop
      vertex 32.733333333333334 99.4 0
      vertex 32.733333333333334 88.83333333333334 2.6
      vertex 32.733333333333334 99.4 20
    endloop
  endfacet
  facet normal 1 0 0
    outer loop
      vertex 33.93333333333334 33.93333333333334 20
      vertex 33.93333333333334 66.06666666666668 0
      vertex 33.93333333333334 66.06666666666668 20
    endloop
  endfacet
  facet normal 0 0 1
    outer loop
      vertex 32.733333333333334 33.93333333333334 20
      vertex 33.93333333333334 66.06666666666668 20
      vertex 32.733333333333334 66.06666666666668 20
    endloop
  endfacet
  facet normal -1 0 0
    outer loop
      vertex 32.733333333333334 67.26666666666668 0
      vertex 32.733333333333334 67.26666666666668 20
      vertex 32.733333333333334 99.4 20
    endloop
  endfacet
  facet normal 1 0 0
    outer loop
      vertex 33.93333333333334 99.4 0
      vertex 33.93333333333334 99.4 20
      vertex 33.93333333333334 67.26666666666668 20
    endloop
  endfacet
  facet normal 0 0 1
    outer loop
      vertex 32.733333333333334 67.26666666666668 20
      vertex 33.93333333333334 67.26666666666668 20
      vertex 33.93333333333334 99.4 20
    endloop
  endfacet
  facet normal 0 0 1
    outer loop
      vertex 32.733333333333334 67.26666666666668 20
      vertex 33.93333333333334 99.4 20
      vertex 32.733333333333334 99.4 20
    endloop
  endfacet
  facet normal 0 0 -1
    outer loop
      vertex 66.06666666666668 0.6 0
      vertex 67.26666666666668 11.166666666666668 0
      vertex 67.26666666666668 0.6 0
    endloop
  endfacet
  facet normal 0 0 -1
    outer loop
      vertex 66.06666666666668 0.6 0
      vertex 66.06666666666668 11.166666666666668 0
      vertex 67.26666666666668 11.166666666666668 0
    endloop
  endfacet
  facet normal -1 0 0
    outer loop
      vertex 66.06666666666668 0.6 0
      vertex 66.06666666666668 11.166666666666668 2.6
      vertex 66.06666666666668 11.166666666666668 0
    endloop
  endfacet
  facet normal 1 0 0
    outer loop
      vertex 67.26666666666668 0.6 0
      vertex 67.26666666666668 11.166666666666668 0
      vertex 67.26666666666668 11.166666666666668 2.6
    endloop
  endfacet
  facet normal 1 0 0
    outer loop
      vertex 67.26666666666668 0.6 0
      vertex 67.26666666666668 11.166666666666668 2.6
      vertex 67.26666666666668 0.6 20
    endloop
  endfacet
  facet normal 1 0 0
    outer loop
      vertex 67.26666666666668 11.166666666666668 2.6
      vertex 67.26666666666668 22.166666666666668 2.6
      vertex 67.26666666666668 0.6 20
    endloop
  endfacet
  facet normal -1 0 0
    outer loop
      vertex 66.06666666666668 0.6 0
      vertex 66.06666666666668 32.733333333333334 20
      vertex 66.06666666666668 11.166666666666668 2.6
    endloop
  endfacet
  facet normal 1 0 0
    outer loop
      vertex 67.26666666666668 22.166666666666668 2.6
      vertex 67.26666666666668 32.733333333333334 0
      vertex 67.26666666666668 0.6 20
    endloop
  endfacet
  facet normal -1 0 0
    outer loop
      vertex 66.06666666666668 11.166666666666668 2.6
      vertex 66.06666666666668 32.733333333333334 20
      vertex 66.06666666666668 22.166666666666668 2.6
    endloop
  endfacet
  facet normal 0 0 -1
    outer loop
      vertex 66.06666666666668 22.166666666666668 0
      vertex 67.26666666666668 32.733333333333334 0
      vertex 67.26666666666668 22.166666666666668 0
    endloop
  endfacet
  facet normal -1 0 0
    outer loop
      vertex 66.06666666666668 22.166666666666668 0
      vertex 66.06666666666668 22.166666666666668 2.6
      vertex 66.06666666666668 32.733333333333334 0
    endloop
  endfacet
  facet normal 1 0 0
    outer loop
      vertex 67.26666666666668 22.166666666666668 0
      vertex 67.26666666666668 32.733333333333334 0
      vertex 67.26666666666668 22.166666666666668 2.6
    endloop
  endfacet
  facet normal 0 0 -1
    outer loop
      vertex 66.06666666666668 22.166666666666668 0
      vertex 67.26666666666668 33.93333333333334 0
      vertex 67.26666666666668 32.733333333333334 0
    endloop
  endfacet
  facet normal 0 0 -1
    outer loop
      vertex 66.06666666666668 22.166666666666668 0
      vertex 66.06666666666668 32.733333333333334 0
      vertex 67.26666666666668 44.5 0
    endloop
  endfacet
  facet normal 0 0 -1
    outer loop
      vertex 66.06666666666668 22.166666666666668 0
      vertex 67.26666666666668 44.5 0
      vertex 67.26666666666668 33.93333333333334 0
    endloop
  endfacet
  facet normal 0 0 -1
    outer loop
      vertex 66.06666666666668 32.733333333333334 0
      vertex 66.06666666666668 33.93333333333334 0
      vertex 67.26666666666668 44.5 0
    endloop
  endfacet
  facet normal 0 0 -1
    outer loop
      vertex 66.06666666666668 33.93333333333334 0
      vertex 66.06666666666668 44.5 0
      vertex 67.26666666666668 44.5 0
    endloop
  endfacet
  facet normal -1 0 0
    outer loop
      vertex 66.06666666666668 33.93333333333334 0
      vertex 66.06666666666668 44.5 2.6
      vertex 66.06666666666668 44.5 0
    endloop
  endfacet
  facet normal 1 0 0
    outer loop
      vertex 67.26666666666668 33.93333333333334 0
      vertex 67.26666666666668 44.5 0
      vertex 67.26666666666668 44.5 2.6
    endloop
  endfacet
  facet normal -1 0 0
    outer loop
      vertex 66.06666666666668 22.166666666666668 2.6
      vertex 66.06666666666668 32.733333333333334 20
      vertex 66.06666666666668 32.733333333333334 0
    endloop
  endfacet
  facet normal 1 0 0
    outer loop
      vertex 67.26666666666668 33.93333333333334 0
      vertex 67.26666666666668 44.5 2.6
      vertex 67.26666666666668 33.93333333333334 20
    endloop
  endfacet
  facet normal 1 0 0
    outer loop
      vertex 67.26666666666668 44.5 2.6
      vertex 67.26666666666668 55.5 2.6
      vertex 67.26666666666668 33.93333333333334 20
    endloop
  endfacet
  facet normal -1 0 0
    outer loop
      vertex 66.06666666666668 33.93333333333334 0
      vertex 66.06666666666668 66.06666666666668 20
      vertex 66.06666666666668 44.5 2.6
    endloop
  endfacet
  facet normal -1 0 0
    outer loop
      vertex 66.06666666666668 0.6 0
      vertex 66.06666666666668 0.6 20
      vertex 66.06666666666668 32.733333333333334 20
    endloop
  endfacet
  facet normal 1 0 0
    outer loop
      vertex 67.26666666666668 32.733333333333334 0
      vertex 67.26666666666668 32.733333333333334 20
      vertex 67.26666666666668 0.6 20
    endloop
  endfacet
  facet normal 0 0 1
    outer loop
      vertex 66.06666666666668 0.6 20
      vertex 67.26666666666668 0.6 20
      vertex 67.26666666666668 32.733333333333334 20
    endloop
  endfacet
  facet normal 0 0 1
    outer loop
      vertex 66.06666666666668 0.6 20
      vertex 67.26666666666668 32.733333333333334 20
      vertex 66.06666666666668 32.733333333333334 20
    endloop
  endfacet
  facet normal -1 0 0
    outer loop
      vertex 66.06666666666668 33.93333333333334 0
      vertex 66.06666666666668 33.93333333333334 20
      vertex 66.06666666666668 66.06666666666668 20
    endloop
  endfacet
  facet normal 0 0 1
    outer loop
      vertex 66.06666666666668 33.93333333333334 20
      vertex 67.26666666666668 33.93333333333334 20
      vertex 67.26666666666668 66.06666666666668 20
    endloop
  endfacet
  facet normal 0 0 -1
    outer loop
      vertex 66.06666666666668 55.5 0
      vertex 67.26666666666668 66.06666666666668 0
      vertex 67.26666666666668 55.5 0
    endloop
  endfacet
  facet normal -1 0 0
    outer loop
      vertex 66.06666666666668 55.5 0
      vertex 66.06666666666668 55.5 2.6
      vertex 66.06666666666668 66.06666666666668 0
    endloop
  endfacet
  facet normal 1 0 0
    outer loop
      vertex 67.26666666666668 55.5 0
      vertex 67.26666666666668 66.06666666666668 0
      vertex 67.26666666666668 55.5 2.6
    endloop
  endfacet
  facet normal 0 0 -1
    outer loop
      vertex 66.06666666666668 55.5 0
      vertex 67.26666666666668 67.26666666666668 0
      vertex 67.26666666666668 66.06666666666668 0
    endloop
  endfacet
  facet normal 0 0 -1
    outer loop
      vertex 66.06666666666668 55.5 0
      vertex 66.06666666666668 66.06666666666668 0
      vertex 67.26666666666668 77.83333333333334 0
    endloop
  endfacet
  facet normal 0 0 -1
    outer loop
      vertex 66.06666666666668 55.5 0
      vertex 67.26666666666668 77.83333333333334 0
      vertex 67.26666666666668 67.26666666666668 0
    endloop
  endfacet
  facet normal 0 0 -1
    outer loop
      vertex 66.06666666666668 66.06666666666668 0
      vertex 66.06666666666668 67.26666666666668 0
      vertex 67.26666666666668 77.83333333333334 0
    endloop
  endfacet
  facet normal 0 0 -1
    outer loop
      vertex 66.06666666666668 67.26666666666668 0
      vertex 66.06666666666668 77.83333333333334 0
      vertex 67.26666666666668 77.83333333333334 0
    endloop
  endfacet
  facet normal -1 0 0
    outer loop
      vertex 66.06666666666668 67.26666666666668 0
      vertex 66.06666666666668 77.83333333333334 2.6
      vertex 66.06666666666668 77.83333333333334 0
    endloop
  endfacet
  facet normal 1 0 0
    outer loop
      vertex 67.26666666666668 67.26666666666668 0
      vertex 67.26666666666668 77.83333333333334 0
      vertex 67.26666666666668 77.83333333333334 2.6
    endloop
  endfacet
  facet normal 1 0 0
    outer loop
      vertex 67.26666666666668 33.93333333333334 20
      vertex 67.26666666666668 55.5 2.6
      vertex 67.26666666666668 66.06666666666668 0
    endloop
  endfacet
  facet normal -1 0 0
    outer loop
      vertex 66.06666666666668 44.5 2.6
      vertex 66.06666666666668 66.06666666666668 20
      vertex 66.06666666666668 55.5 2.6
    endloop
  endfacet
  facet normal -1 0 0
    outer loop
      vertex 66.06666666666668 55.5 2.6
      vertex 66.06666666666668 66.06666666666668 20
      vertex 66.06666666666668 66.06666666666668 0
    endloop
  endfacet
  facet normal 1 0 0
    outer loop
      vertex 67.26666666666668 67.26666666666668 0
      vertex 67.26666666666668 77.83333333333334 2.6
      vertex 67.26666666666668 67.26666666666668 20
    endloop
  endfacet
  facet normal 0 0 -1
    outer loop
      vertex 66.06666666666668 88.83333333333334 0
      vertex 67.26666666666668 99.4 0
      vertex 67.26666666666668 88.83333333333334 0
    endloop
  endfacet
  facet normal -1 0 0
    outer loop
      vertex 66.06666666666668 88.83333333333334 0
      vertex 66.06666666666668 88.83333333333334 2.6
      vertex 66.06666666666668 99.4 0
    endloop
  endfacet
  facet normal 1 0 0
    outer loop
      vertex 67.26666666666668 88.83333333333334 0
      vertex 67.26666666666668 99.4 0
      vertex 67.26666666666668 88.83333333333334 2.6
    endloop
  endfacet
  facet normal 0 0 -1
    outer loop
      vertex 66.06666666666668 88.83333333333334 0
      vertex 66.06666666666668 99.4 0
      vertex 67.26666666666668 99.4 0
    endloop
  endfacet
  facet normal 0 0 -1
    outer loop
      vertex 66.06666666666668 99.4 0
      vertex 66.06666666666668 99.7964 0
      vertex 67.26666666666668 99.4 0
    endloop
  endfacet
  facet normal 0 0 -1
    outer loop
      vertex 66.06666666666668 99.7964 0
      vertex 67.26666666666668 99.8036 0
      vertex 67.26666666666668 99.4 0
    endloop
  endfacet
  facet normal 1 0 0
    outer loop
      vertex 67.26666666666668 77.83333333333334 2.6
      vertex 67.26666666666668 88.83333333333334 2.6
      vertex 67.26666666666668 67.26666666666668 20
    endloop
  endfacet
  facet normal -1 0 0
    outer loop
      vertex 66.06666666666668 67.26666666666668 0
      vertex 66.06666666666668 99.4 20
      vertex 66.06666666666668 77.83333333333334 2.6
    endloop
  endfacet
  facet normal 1 0 0
    outer loop
      vertex 67.26666666666668 99.4 0
      vertex 67.26666666666668 67.26666666666668 20
      vertex 67.26666666666668 88.83333333333334 2.6
    endloop
  endfacet
  facet normal -1 0 0
    outer loop
      vertex 66.06666666666668 77.83333333333334 2.6
      vertex 66.06666666666668 99.4 20
      vertex 66.06666666666668 88.83333333333334 2.6
    endloop
  endfacet
  facet normal -1 0 0
    outer loop
      vertex 66.06666666666668 99.4 0
      vertex 66.06666666666668 88.83333333333334 2.6
      vertex 66.06666666666668 99.4 20
    endloop
  endfacet
  facet normal 1 0 0
    outer loop
      vertex 67.26666666666668 33.93333333333334 20
      vertex 67.26666666666668 66.06666666666668 0
      vertex 67.26666666666668 66.06666666666668 20
    endloop
  endfacet
  facet normal 0 0 1
    outer loop
      vertex 66.06666666666668 33.93333333333334 20
      vertex 67.26666666666668 66.06666666666668 20
      vertex 66.06666666666668 66.06666666666668 20
    endloop
  endfacet
  facet normal -1 0 0
    outer loop
      vertex 66.06666666666668 67.26666666666668 0
      vertex 66.06666666666668 67.26666666666668 20
      vertex 66.06666666666668 99.4 20
    endloop
  endfacet
  facet normal 1 0 0
    outer loop
      vertex 67.26666666666668 99.4 0
      vertex 67.26666666666668 99.4 20
      vertex 67.26666666666668 67.26666666666668 20
    endloop
  endfacet
  facet normal 0 0 1
    outer loop
      vertex 66.06666666666668 67.26666666666668 20
      vertex 67.26666666666668 67.26666666666668 20
      vertex 67.26666666666668 99.4 20
    endloop
  endfacet
  facet normal 0 0 1
    outer loop
      vertex 66.06666666666668 67.26666666666668 20
      vertex 67.26666666666668 99.4 20
      vertex 66.06666666666668 99.4 20
    endloop
  endfacet
  facet normal 0 0 -1
    outer loop
      vertex 99.4 0.6 0
      vertex 99.4 11.166666666666668 0
      vertex 100.60000000000001 11.166666666666668 0
    endloop
  endfacet
  facet normal -1 0 0
    outer loop
      vertex 99.4 0.6 0
      vertex 99.4 11.166666666666668 2.6
      vertex 99.4 11.166666666666668 0
    endloop
  endfacet
  facet normal -1 0 0
    outer loop
      vertex 99.4 0.6 0
      vertex 99.4 32.733333333333334 20
      vertex 99.4 11.166666666666668 2.6
    endloop
  endfacet
  facet normal -1 0 0
    outer loop
      vertex 99.4 11.166666666666668 2.6
      vertex 99.4 32.733333333333334 20
      vertex 99.4 22.166666666666668 2.6
    endloop
  endfacet
  facet normal -1 0 0
    outer loop
      vertex 99.4 22.166666666666668 0
      vertex 99.4 22.166666666666668 2.6
      vertex 99.4 32.733333333333334 0
    endloop
  endfacet
  facet normal 0 0 -1
    outer loop
      vertex 99.4 22.166666666666668 0
      vertex 99.4 32.733333333333334 0
      vertex 100.60000000000001 44.5 0
    endloop
  endfacet
  facet normal 0 0 -1
    outer loop
      vertex 99.4 32.733333333333334 0
      vertex 99.4 33.93333333333334 0
      vertex 100.60000000000001 44.5 0
    endloop
  endfacet
  facet normal 0 0 -1
    outer loop
      vertex 99.4 33.93333333333334 0
      vertex 99.4 44.5 0
      vertex 100.60000000000001 44.5 0
    endloop
  endfacet
  facet normal -1 0 0
    outer loop
      vertex 99.4 33.93333333333334 0
      vertex 99.4 44.5 2.6
      vertex 99.4 44.5 0
    endloop
  endfacet
  facet normal -1 0 0
    outer loop
      vertex 99.4 22.166666666666668 2.6
      vertex 99.4 32.733333333333334 20
      vertex 99.4 32.733333333333334 0
    endloop
  endfacet
  facet normal -1 0 0
    outer loop
      vertex 99.4 33.93333333333334 0
      vertex 99.4 66.06666666666668 20
      vertex 99.4 44.5 2.6
    endloop
  endfacet
  facet normal -1 0 0
    outer loop
      vertex 99.4 0.6 0
      vertex 99.4 0.6 20
      vertex 99.4 32.733333333333334 20
    endloop
  endfacet
  facet normal 0 0 1
    outer loop
      vertex 99.4 0.6 20
      vertex 100.60000000000001 32.733333333333334 20
      vertex 99.4 32.733333333333334 20
    endloop
  endfacet
  facet normal -1 0 0
    outer loop
      vertex 99.4 33.93333333333334 0
      vertex 99.4 33.93333333333334 20
      vertex 99.4 66.06666666666668 20
    endloop
  endfacet
  facet normal -1 0 0
    outer loop
      vertex 99.4 55.5 0
      vertex 99.4 55.5 2.6
      vertex 99.4 66.06666666666668 0
    endloop
  endfacet
  facet normal 0 0 -1
    outer loop
      vertex 99.4 55.5 0
      vertex 99.4 66.06666666666668 0
      vertex 100.60000000000001 77.83333333333334 0
    endloop
  endfacet
  facet normal 0 0 -1
    outer loop
      vertex 99.4 66.06666666666668 0
      vertex 99.4 67.26666666666668 0
      vertex 100.60000000000001 77.83333333333334 0
    endloop
  endfacet
  facet normal 0 0 -1
    outer loop
      vertex 99.4 67.26666666666668 0
      vertex 99.4 77.83333333333334 0
      vertex 100.60000000000001 77.83333333333334 0
    endloop
  endfacet
  facet normal -1 0 0
    outer loop
      vertex 99.4 67.26666666666668 0
      vertex 99.4 77.83333333333334 2.6
      vertex 99.4 77.83333333333334 0
    endloop
  endfacet
  facet normal -1 0 0
    outer loop
      vertex 99.4 44.5 2.6
      vertex 99.4 66.06666666666668 20
      vertex 99.4 55.5 2.6
    endloop
  endfacet
  facet normal -1 0 0
    outer loop
      vertex 99.4 55.5 2.6
      vertex 99.4 66.06666666666668 20
      vertex 99.4 66.06666666666668 0
    endloop
  endfacet
  facet normal -1 0 0
    outer loop
      vertex 99.4 88.83333333333334 0
      vertex 99.4 88.83333333333334 2.6
      vertex 99.4 99.4 0
    endloop
  endfacet
  facet normal 0 0 -1
    outer loop
      vertex 99.4 88.83333333333334 0
      vertex 99.4 99.4 0
      vertex 100.60000000000001 99.4 0
    endloop
  endfacet
  facet normal -1 0 0
    outer loop
      vertex 99.4 67.26666666666668 0
      vertex 99.4 99.4 20
      vertex 99.4 77.83333333333334 2.6
    endloop
  endfacet
  facet normal -1 0 0
    outer loop
      vertex 99.4 77.83333333333334 2.6
      vertex 99.4 99.4 20
      vertex 99.4 88.83333333333334 2.6
    endloop
  endfacet
  facet normal -1 0 0
    outer loop
      vertex 99.4 99.4 0
      vertex 99.4 88.83333333333334 2.6
      vertex 99.4 99.4 20
    endloop
  endfacet
  facet normal 0 0 1
    outer loop
      vertex 99.4 33.93333333333334 20
      vertex 100.60000000000001 66.06666666666668 20
      vertex 99.4 66.06666666666668 20
    endloop
  endfacet
  facet normal -1 0 0
    outer loop
      vertex 99.4 67.26666666666668 0
      vertex 99.4 67.26666666666668 20
      vertex 99.4 99.4 20
    endloop
  endfacet
  facet normal 0 0 1
    outer loop
      vertex 99.4 67.26666666666668 20
      vertex 100.60000000000001 99.4 20
      vertex 99.4 99.4 20
    endloop
  endfacet
  facet normal 0 0 -1
    outer loop
      vertex 99.4 0.6 0
      vertex 100.60000000000001 11.166666666666668 0
      vertex 100.60000000000001 0.6 0
    endloop
  endfacet
  facet normal 1 0 0
    outer loop
      vertex 100.60000000000001 0.6 0
      vertex 100.60000000000001 11.166666666666668 0
      vertex 100.60000000000001 11.166666666666668 2.6
    endloop
  endfacet
  facet normal 1 0 0
    outer loop
      vertex 100.60000000000001 0.6 0
      vertex 100.60000000000001 11.166666666666668 2.6
      vertex 100.60000000000001 0.6 20
    endloop
  endfacet
  facet normal 1 0 0
    outer loop
      vertex 100.60000000000001 11.166666666666668 2.6
      vertex 100.60000000000001 22.166666666666668 2.6
      vertex 100.60000000000001 0.6 20
    endloop
  endfacet
  facet normal 1 0 0
    outer loop
      vertex 100.60000000000001 22.166666666666668 2.6
      vertex 100.60000000000001 32.733333333333334 0
      vertex 100.60000000000001 0.6 20
    endloop
  endfacet
  facet normal 0 0 -1
    outer loop
      vertex 99.4 22.166666666666668 0
      vertex 100.60000000000001 32.733333333333334 0
      vertex 100.60000000000001 22.166666666666668 0
    endloop
  endfacet
  facet normal 1 0 0
    outer loop
      vertex 100.60000000000001 22.166666666666668 0
      vertex 100.60000000000001 32.733333333333334 0
      vertex 100.60000000000001 22.166666666666668 2.6
    endloop
  endfacet
  facet normal 0 0 -1
    outer loop
      vertex 99.4 22.166666666666668 0
      vertex 100.60000000000001 33.93333333333334 0
      vertex 100.60000000000001 32.733333333333334 0
    endloop
  endfacet
  facet normal 0 0 -1
    outer loop
      vertex 99.4 22.166666666666668 0
      vertex 100.60000000000001 44.5 0
      vertex 100.60000000000001 33.93333333333334 0
    endloop
  endfacet
  facet normal 1 0 0
    outer loop
      vertex 100.60000000000001 33.93333333333334 0
      vertex 100.60000000000001 44.5 0
      vertex 100.60000000000001 44.5 2.6
    endloop
  endfacet
  facet normal 1 0 0
    outer loop
      vertex 100.60000000000001 33.93333333333334 0
      vertex 100.60000000000001 44.5 2.6
      vertex 100.60000000000001 33.93333333333334 20
    endloop
  endfacet
  facet normal 1 0 0
    outer loop
      vertex 100.60000000000001 44.5 2.6
      vertex 100.60000000000001 55.5 2.6
      vertex 100.60000000000001 33.93333333333334 20
    endloop
  endfacet
  facet normal 1 0 0
    outer loop
      vertex 100.60000000000001 32.733333333333334 0
      vertex 100.60000000000001 32.733333333333334 20
      vertex 100.60000000000001 0.6 20
    endloop
  endfacet
  facet normal 0 0 1
    outer loop
      vertex 99.4 0.6 20
      vertex 100.60000000000001 0.6 20
      vertex 100.60000000000001 32.733333333333334 20
    endloop
  endfacet
  facet normal 0 0 1
    outer loop
      vertex 99.4 33.93333333333334 20
      vertex 100.60000000000001 33.93333333333334 20
      vertex 100.60000000000001 66.06666666666668 20
    endloop
  endfacet
  facet normal 0 0 -1
    outer loop
      vertex 99.4 55.5 0
      vertex 100.60000000000001 66.06666666666668 0
      vertex 100.60000000000001 55.5 0
    endloop
  endfacet
  facet normal 1 0 0
    outer loop
      vertex 100.60000000000001 55.5 0
      vertex 100.60000000000001 66.06666666666668 0
      vertex 100.60000000000001 55.5 2.6
    endloop
  endfacet
  facet normal 0 0 -1
    outer loop
      vertex 99.4 55.5 0
      vertex 100.60000000000001 67.26666666666668 0
      vertex 100.60000000000001 66.06666666666668 0
    endloop
  endfacet
  facet normal 0 0 -1
    outer loop
      vertex 99.4 55.5 0
      vertex 100.60000000000001 77.83333333333334 0
      vertex 100.60000000000001 67.26666666666668 0
    endloop
  endfacet
  facet normal 1 0 0
    outer loop
      vertex 100.60000000000001 67.26666666666668 0
      vertex 100.60000000000001 77.83333333333334 0
      vertex 100.60000000000001 77.83333333333334 2.6
    endloop
  endfacet
  facet normal 1 0 0
    outer loop
      vertex 100.60000000000001 33.93333333333334 20
      vertex 100.60000000000001 55.5 2.6
      vertex 100.60000000000001 66.06666666666668 0
    endloop
  endfacet
  facet normal 1 0 0
    outer loop
      vertex 100.60000000000001 67.26666666666668 0
      vertex 100.60000000000001 77.83333333333334 2.6
      vertex 100.60000000000001 67.26666666666668 20
    endloop
  endfacet
  facet normal 0 0 -1
    outer loop
      vertex 99.4 88.83333333333334 0
      vertex 100.60000000000001 99.4 0
      vertex 100.60000000000001 88.83333333333334 0
    endloop
  endfacet
  facet normal 1 0 0
    outer loop
      vertex 100.60000000000001 88.83333333333334 0
      vertex 100.60000000000001 99.4 0
      vertex 100.60000000000001 88.83333333333334 2.6
    endloop
  endfacet
  facet normal 1 0 0
    outer loop
      vertex 100.60000000000001 77.83333333333334 2.6
      vertex 100.60000000000001 88.83333333333334 2.6
      vertex 100.60000000000001 67.26666666666668 20
    endloop
  endfacet
  facet normal 1 0 0
    outer loop
      vertex 100.60000000000001 99.4 0
      vertex 100.60000000000001 67.26666666666668 20
      vertex 100.60000000000001 88.83333333333334 2.6
    endloop
  endfacet
  facet normal 1 0 0
    outer loop
      vertex 100.60000000000001 33.93333333333334 20
      vertex 100.60000000000001 66.06666666666668 0
      vertex 100.60000000000001 66.06666666666668 20
    endloop
  endfacet
  facet normal 1 0 0
    outer loop
      vertex 100.60000000000001 99.4 0
      vertex 100.60000000000001 99.4 20
      vertex 100.60000000000001 67.26666666666668 20
    endloop
  endfacet
  facet normal 0 0 1
    outer loop
      vertex 99.4 67.26666666666668 20
      vertex 100.60000000000001 67.26666666666668 20
      vertex 100.60000000000001 99.4 20
    endloop
  endfacet
  facet normal 0 0 -1
    outer loop
      vertex 132.73333333333335 0.19640000000000007 0
      vertex 132.73333333333335 0.6 0
      vertex 133.93333333333334 0.2036 0
    endloop
  endfacet
  facet normal 0 0 -1
    outer loop
      vertex 132.73333333333335 0.6 0
      vertex 133.93333333333334 0.6 0
      vertex 133.93333333333334 0.2036 0
    endloop
  endfacet
  facet normal 0 0 -1
    outer loop
      vertex 132.73333333333335 0.6 0
      vertex 133.93333333333334 11.166666666666668 0
      vertex 133.93333333333334 0.6 0
    endloop
  endfacet
  facet normal 0 0 -1
    outer loop
      vertex 132.73333333333335 0.6 0
      vertex 132.73333333333335 11.166666666666668 0
      vertex 133.93333333333334 11.166666666666668 0
    endloop
  endfacet
  facet normal -1 0 0
    outer loop
      vertex 132.73333333333335 0.6 0
      vertex 132.73333333333335 11.166666666666668 2.6
      vertex 132.73333333333335 11.166666666666668 0
    endloop
  endfacet
  facet normal 1 0 0
    outer loop
      vertex 133.93333333333334 0.6 0
      vertex 133.93333333333334 11.166666666666668 0
      vertex 133.93333333333334 11.166666666666668 2.6
    endloop
  endfacet
  facet normal 1 0 0
    outer loop
      vertex 133.93333333333334 0.6 0
      vertex 133.93333333333334 11.166666666666668 2.6
      vertex 133.93333333333334 0.6 20
    endloop
  endfacet
  facet normal 1 0 0
    outer loop
      vertex 133.93333333333334 11.166666666666668 2.6
      vertex 133.93333333333334 22.166666666666668 2.6
      vertex 133.93333333333334 0.6 20
    endloop
  endfacet
  facet normal -1 0 0
    outer loop
      vertex 132.73333333333335 0.6 0
      vertex 132.73333333333335 32.733333333333334 20
      vertex 132.73333333333335 11.166666666666668 2.6
    endloop
  endfacet
  facet normal 1 0 0
    outer loop
      vertex 133.93333333333334 22.166666666666668 2.6
      vertex 133.93333333333334 32.733333333333334 0
      vertex 133.93333333333334 0.6 20
    endloop
  endfacet
  facet normal -1 0 0
    outer loop
      vertex 132.73333333333335 11.166666666666668 2.6
      vertex 132.73333333333335 32.733333333333334 20
      vertex 132.73333333333335 22.166666666666668 2.6
    endloop
  endfacet
  facet normal 0 0 -1
    outer loop
      vertex 132.73333333333335 22.166666666666668 0
      vertex 133.93333333333334 32.733333333333334 0
      vertex 133.93333333333334 22.166666666666668 0
    endloop
  endfacet
  facet normal -1 0 0
    outer loop
      vertex 132.73333333333335 22.166666666666668 0
      vertex 132.73333333333335 22.166666666666668 2.6
      vertex 132.73333333333335 32.733333333333334 0
    endloop
  endfacet
  facet normal 1 0 0
    outer loop
      vertex 133.93333333333334 22.166666666666668 0
      vertex 133.93333333333334 32.733333333333334 0
      vertex 133.93333333333334 22.166666666666668 2.6
    endloop
  endfacet
  facet normal 0 0 -1
    outer loop
      vertex 132.73333333333335 22.166666666666668 0
      vertex 133.93333333333334 33.93333333333334 0
      vertex 133.93333333333334 32.733333333333334 0
    endloop
  endfacet
  facet normal 0 0 -1
    outer loop
      vertex 132.73333333333335 22.166666666666668 0
      vertex 132.73333333333335 32.733333333333334 0
      vertex 133.93333333333334 44.5 0
    endloop
  endfacet
  facet normal 0 0 -1
    outer loop
      vertex 132.73333333333335 22.166666666666668 0
      vertex 133.93333333333334 44.5 0
      vertex 133.93333333333334 33.93333333333334 0
    endloop
  endfacet
  facet normal 0 0 -1
    outer loop
      vertex 132.73333333333335 32.733333333333334 0
      vertex 132.73333333333335 33.93333333333334 0
      vertex 133.93333333333334 44.5 0
    endloop
  endfacet
  facet normal 0 0 -1
    outer loop
      vertex 132.73333333333335 33.93333333333334 0
      vertex 132.73333333333335 44.5 0
      vertex 133.93333333333334 44.5 0
    endloop
  endfacet
  facet normal -1 0 0
    outer loop
      vertex 132.73333333333335 33.93333333333334 0
      vertex 132.73333333333335 44.5 2.6
      vertex 132.73333333333335 44.5 0
    endloop
  endfacet
  facet normal 1 0 0
    outer loop
      vertex 133.93333333333334 33.93333333333334 0
      vertex 133.93333333333334 44.5 0
      vertex 133.93333333333334 44.5 2.6
    endloop
  endfacet
  facet normal -1 0 0
    outer loop
      vertex 132.73333333333335 22.166666666666668 2.6
      vertex 132.73333333333335 32.733333333333334 20
      vertex 132.73333333333335 32.733333333333334 0
    endloop
  endfacet
  facet normal 1 0 0
    outer loop
      vertex 133.93333333333334 33.93333333333334 0
      vertex 133.93333333333334 44.5 2.6
      vertex 133.93333333333334 33.93333333333334 20
    endloop
  endfacet
  facet normal 1 0 0
    outer loop
      vertex 133.93333333333334 44.5 2.6
      vertex 133.93333333333334 55.5 2.6
      vertex 133.93333333333334 33.93333333333334 20
    endloop
  endfacet
  facet normal -1 0 0
    outer loop
      vertex 132.73333333333335 33.93333333333334 0
      vertex 132.73333333333335 66.06666666666668 20
      vertex 132.73333333333335 44.5 2.6
    endloop
  endfacet
  facet normal -1 0 0
    outer loop
      vertex 132.73333333333335 0.6 0
      vertex 132.73333333333335 0.6 20
      vertex 132.73333333333335 32.733333333333334 20
    endloop
  endfacet
  facet normal 1 0 0
    outer loop
      vertex 133.93333333333334 32.733333333333334 0
      vertex 133.93333333333334 32.733333333333334 20
      vertex 133.93333333333334 0.6 20
    endloop
  endfacet
  facet normal 0 0 1
    outer loop
      vertex 132.73333333333335 0.6 20
      vertex 133.93333333333334 0.6 20
      vertex 133.93333333333334 32.733333333333334 20
    endloop
  endfacet
  facet normal 0 0 1
    outer loop
      vertex 132.73333333333335 0.6 20
      vertex 133.93333333333334 32.733333333333334 20
      vertex 132.73333333333335 32.733333333333334 20
    endloop
  endfacet
  facet normal -1 0 0
    outer loop
      vertex 132.73333333333335 33.93333333333334 0
      vertex 132.73333333333335 33.93333333333334 20
      vertex 132.73333333333335 66.06666666666668 20
    endloop
  endfacet
  facet normal 0 0 1
    outer loop
      vertex 132.73333333333335 33.93333333333334 20
      vertex 133.93333333333334 33.93333333333334 20
      vertex 133.93333333333334 66.06666666666668 20
    endloop
  endfacet
  facet normal 0 0 -1
    outer loop
      vertex 132.73333333333335 55.5 0
      vertex 133.93333333333334 66.06666666666668 0
      vertex 133.93333333333334 55.5 0
    endloop
  endfacet
  facet normal -1 0 0
    outer loop
      vertex 132.73333333333335 55.5 0
      vertex 132.73333333333335 55.5 2.6
      vertex 132.73333333333335 66.06666666666668 0
    endloop
  endfacet
  facet normal 1 0 0
    outer loop
      vertex 133.93333333333334 55.5 0
      vertex 133.93333333333334 66.06666666666668 0
      vertex 133.93333333333334 55.5 2.6
    endloop
  endfacet
  facet normal 0 0 -1
    outer loop
      vertex 132.73333333333335 55.5 0
      vertex 133.93333333333334 67.26666666666668 0
      vertex 133.93333333333334 66.06666666666668 0
    endloop
  endfacet
  facet normal 0 0 -1
    outer loop
      vertex 132.73333333333335 55.5 0
      vertex 132.73333333333335 66.06666666666668 0
      vertex 133.93333333333334 77.83333333333334 0
    endloop
  endfacet
  facet normal 0 0 -1
    outer loop
      vertex 132.73333333333335 55.5 0
      vertex 133.93333333333334 77.83333333333334 0
      vertex 133.93333333333334 67.26666666666668 0
    endloop
  endfacet
  facet normal 0 0 -1
    outer loop
      vertex 132.73333333333335 66.06666666666668 0
      vertex 132.73333333333335 67.26666666666668 0
      vertex 133.93333333333334 77.83333333333334 0
    endloop
  endfacet
  facet normal 0 0 -1
    outer loop
      vertex 132.73333333333335 67.26666666666668 0
      vertex 132.73333333333335 77.83333333333334 0
      vertex 133.93333333333334 77.83333333333334 0
    endloop
  endfacet
  facet normal -1 0 0
    outer loop
      vertex 132.73333333333335 67.26666666666668 0
      vertex 132.73333333333335 77.83333333333334 2.6
      vertex 132.73333333333335 77.83333333333334 0
    endloop
  endfacet
  facet normal 1 0 0
    outer loop
      vertex 133.93333333333334 67.26666666666668 0
      vertex 133.93333333333334 77.83333333333334 0
      vertex 133.93333333333334 77.83333333333334 2.6
    endloop
  endfacet
  facet normal 1 0 0
    outer loop
      vertex 133.93333333333334 33.93333333333334 20
      vertex 133.93333333333334 55.5 2.6
      vertex 133.93333333333334 66.06666666666668 0
    endloop
  endfacet
  facet normal -1 0 0
    outer loop
      vertex 132.73333333333335 44.5 2.6
      vertex 132.73333333333335 66.06666666666668 20
      vertex 132.73333333333335 55.5 2.6
    endloop
  endfacet
  facet normal -1 0 0
    outer loop
      vertex 132.73333333333335 55.5 2.6
      vertex 132.73333333333335 66.06666666666668 20
      vertex 132.73333333333335 66.06666666666668 0
    endloop
  endfacet
  facet normal 1 0 0
    outer loop
      vertex 133.93333333333334 67.26666666666668 0
      vertex 133.93333333333334 77.83333333333334 2.6
      vertex 133.93333333333334 67.26666666666668 20
    endloop
  endfacet
  facet normal 0 0 -1
    outer loop
      vertex 132.73333333333335 88.83333333333334 0
      vertex 133.93333333333334 99.4 0
      vertex 133.93333333333334 88.83333333333334 0
    endloop
  endfacet
  facet normal -1 0 0
    outer loop
      vertex 132.73333333333335 88.83333333333334 0
      vertex 132.73333333333335 88.83333333333334 2.6
      vertex 132.73333333333335 99.4 0
    endloop
  endfacet
  facet normal 1 0 0
    outer loop
      vertex 133.93333333333334 88.83333333333334 0
      vertex 133.93333333333334 99.4 0
      vertex 133.93333333333334 88.83333333333334 2.6
    endloop
  endfacet
  facet normal 0 0 -1
    outer loop
      vertex 132.73333333333335 88.83333333333334 0
      vertex 132.73333333333335 99.4 0
      vertex 133.93333333333334 99.4 0
    endloop
  endfacet
  facet normal 1 0 0
    outer loop
      vertex 133.93333333333334 77.83333333333334 2.6
      vertex 133.93333333333334 88.83333333333334 2.6
      vertex 133.93333333333334 67.26666666666668 20
    endloop
  endfacet
  facet normal -1 0 0
    outer loop
      vertex 132.73333333333335 67.26666666666668 0
      vertex 132.73333333333335 99.4 20
      vertex 132.73333333333335 77.83333333333334 2.6
    endloop
  endfacet
  facet normal 1 0 0
    outer loop
      vertex 133.93333333333334 99.4 0
      vertex 133.93333333333334 67.26666666666668 20
      vertex 133.93333333333334 88.83333333333334 2.6
    endloop
  endfacet
  facet normal -1 0 0
    outer loop
      vertex 132.73333333333335 77.83333333333334 2.6
      vertex 132.73333333333335 99.4 20
      vertex 132.73333333333335 88.83333333333334 2.6
    endloop
  endfacet
  facet normal -1 0 0
    outer loop
      vertex 132.73333333333335 99.4 0
      vertex 132.73333333333335 88.83333333333334 2.6
      vertex 132.73333333333335 99.4 20
    endloop
  endfacet
  facet normal 1 0 0
    outer loop
      vertex 133.93333333333334 33.93333333333334 20
      vertex 133.93333333333334 66.06666666666668 0
      vertex 133.93333333333334 66.06666666666668 20
    endloop
  endfacet
  facet normal 0 0 1
    outer loop
      vertex 132.73333333333335 33.93333333333334 20
      vertex 133.93333333333334 66.06666666666668 20
      vertex 132.73333333333335 66.06666666666668 20
    endloop
  endfacet
  facet normal -1 0 0
    outer loop
      vertex 132.73333333333335 67.26666666666668 0
      vertex 132.73333333333335 67.26666666666668 20
      vertex 132.73333333333335 99.4 20
    endloop
  endfacet
  facet normal 1 0 0
    outer loop
      vertex 133.93333333333334 99.4 0
      vertex 133.93333333333334 99.4 20
      vertex 133.93333333333334 67.26666666666668 20
    endloop
  endfacet
  facet normal 0 0 1
    outer loop
      vertex 132.73333333333335 67.26666666666668 20
      vertex 133.93333333333334 67.26666666666668 20
      vertex 133.93333333333334 99.4 20
    endloop
  endfacet
  facet normal 0 0 1
    outer loop
      vertex 132.73333333333335 67.26666666666668 20
      vertex 133.93333333333334 99.4 20
      vertex 132.73333333333335 99.4 20
    endloop
  endfacet
  facet normal 0 0 -1
    outer loop
      vertex 166.0666666666667 0.3964000000000001 0
      vertex 166.0666666666667 0.6 0
      vertex 167.26666666666668 0.40360000000000007 0
    endloop
  endfacet
  facet normal 0 0 -1
    outer loop
      vertex 166.0666666666667 0.6 0
      vertex 167.26666666666668 0.6 0
      vertex 167.26666666666668 0.40360000000000007 0
    endloop
  endfacet
  facet normal 0 0 -1
    outer loop
      vertex 166.0666666666667 0.6 0
      vertex 167.26666666666668 11.166666666666668 0
      vertex 167.26666666666668 0.6 0
    endloop
  endfacet
  facet normal 0 0 -1
    outer loop
      vertex 166.0666666666667 0.6 0
      vertex 166.0666666666667 11.166666666666668 0
      vertex 167.26666666666668 11.166666666666668 0
    endloop
  endfacet
  facet normal -1 0 0
    outer loop
      vertex 166.0666666666667 0.6 0
      vertex 166.0666666666667 11.166666666666668 2.6
      vertex 166.0666666666667 11.166666666666668 0
    endloop
  endfacet
  facet normal 1 0 0
    outer loop
      vertex 167.26666666666668 0.6 0
      vertex 167.26666666666668 11.166666666666668 0
      vertex 167.26666666666668 11.166666666666668 2.6
    endloop
  endfacet
  facet normal 1 0 0
    outer loop
      vertex 167.26666666666668 0.6 0
      vertex 167.26666666666668 11.166666666666668 2.6
      vertex 167.26666666666668 0.6 20
    endloop
  endfacet
  facet normal 1 0 0
    outer loop
      vertex 167.26666666666668 11.166666666666668 2.6
      vertex 167.26666666666668 22.166666666666668 2.6
      vertex 167.26666666666668 0.6 20
    endloop
  endfacet
  facet normal -1 0 0
    outer loop
      vertex 166.0666666666667 0.6 0
      vertex 166.0666666666667 32.733333333333334 20
      vertex 166.0666666666667 11.166666666666668 2.6
    endloop
  endfacet
  facet normal 1 0 0
    outer loop
      vertex 167.26666666666668 22.166666666666668 2.6
      vertex 167.26666666666668 32.733333333333334 0
      vertex 167.26666666666668 0.6 20
    endloop
  endfacet
  facet normal -1 0 0
    outer loop
      vertex 166.0666666666667 11.166666666666668 2.6
      vertex 166.0666666666667 32.733333333333334 20
      vertex 166.0666666666667 22.166666666666668 2.6
    endloop
  endfacet
  facet normal 0 0 -1
    outer loop
      vertex 166.0666666666667 22.166666666666668 0
      vertex 167.26666666666668 32.733333333333334 0
      vertex 167.26666666666668 22.166666666666668 0
    endloop
  endfacet
  facet normal -1 0 0
    outer loop
      vertex 166.0666666666667 22.166666666666668 0
      vertex 166.0666666666667 22.166666666666668 2.6
      vertex 166.0666666666667 32.733333333333334 0
    endloop
  endfacet
  facet normal 1 0 0
    outer loop
      vertex 167.26666666666668 22.166666666666668 0
      vertex 167.26666666666668 32.733333333333334 0
      vertex 167.26666666666668 22.166666666666668 2.6
    endloop
  endfacet
  facet normal 0 0 -1
    outer loop
      vertex 166.0666666666667 22.166666666666668 0
      vertex 167.26666666666668 33.93333333333334 0
      vertex 167.26666666666668 32.733333333333334 0
    endloop
  endfacet
  facet normal 0 0 -1
    outer loop
      vertex 166.0666666666667 22.166666666666668 0
      vertex 166.0666666666667 32.733333333333334 0
      vertex 167.26666666666668 44.5 0
    endloop
  endfacet
  facet normal 0 0 -1
    outer loop
      vertex 166.0666666666667 22.166666666666668 0
      vertex 167.26666666666668 44.5 0
      vertex 167.26666666666668 33.93333333333334 0
    endloop
  endfacet
  facet normal 0 0 -1
    outer loop
      vertex 166.0666666666667 32.733333333333334 0
      vertex 166.0666666666667 33.93333333333334 0
      vertex 167.26666666666668 44.5 0
    endloop
  endfacet
  facet normal 0 0 -1
    outer loop
      vertex 166.0666666666667 33.93333333333334 0
      vertex 166.0666666666667 44.5 0
      vertex 167.26666666666668 44.5 0
    endloop
  endfacet
  facet normal -1 0 0
    outer loop
      vertex 166.0666666666667 33.93333333333334 0
      vertex 166.0666666666667 44.5 2.6
      vertex 166.0666666666667 44.5 0
    endloop
  endfacet
  facet normal 1 0 0
    outer loop
      vertex 167.26666666666668 33.93333333333334 0
      vertex 167.26666666666668 44.5 0
      vertex 167.26666666666668 44.5 2.6
    endloop
  endfacet
  facet normal -1 0 0
    outer loop
      vertex 166.0666666666667 22.166666666666668 2.6
      vertex 166.0666666666667 32.733333333333334 20
      vertex 166.0666666666667 32.733333333333334 0
    endloop
  endfacet
  facet normal 1 0 0
    outer loop
      vertex 167.26666666666668 33.93333333333334 0
      vertex 167.26666666666668 44.5 2.6
      vertex 167.26666666666668 33.93333333333334 20
    endloop
  endfacet
  facet normal 1 0 0
    outer loop
      vertex 167.26666666666668 44.5 2.6
      vertex 167.26666666666668 55.5 2.6
      vertex 167.26666666666668 33.93333333333334 20
    endloop
  endfacet
  facet normal -1 0 0
    outer loop
      vertex 166.0666666666667 33.93333333333334 0
      vertex 166.0666666666667 66.06666666666668 20
      vertex 166.0666666666667 44.5 2.6
    endloop
  endfacet
  facet normal -1 0 0
    outer loop
      vertex 166.0666666666667 0.6 0
      vertex 166.0666666666667 0.6 20
      vertex 166.0666666666667 32.733333333333334 20
    endloop
  endfacet
  facet normal 1 0 0
    outer loop
      vertex 167.26666666666668 32.733333333333334 0
      vertex 167.26666666666668 32.733333333333334 20
      vertex 167.26666666666668 0.6 20
    endloop
  endfacet
  facet normal 0 0 1
    outer loop
      vertex 166.0666666666667 0.6 20
      vertex 167.26666666666668 0.6 20
      vertex 167.26666666666668 32.733333333333334 20
    endloop
  endfacet
  facet normal 0 0 1
    outer loop
      vertex 166.0666666666667 0.6 20
      vertex 167.26666666666668 32.733333333333334 20
      vertex 166.0666666666667 32.733333333333334 20
    endloop
  endfacet
  facet normal -1 0 0
    outer loop
      vertex 166.0666666666667 33.93333333333334 0
      vertex 166.0666666666667 33.93333333333334 20
      vertex 166.0666666666667 66.06666666666668 20
    endloop
  endfacet
  facet normal 0 0 1
    outer loop
      vertex 166.0666666666667 33.93333333333334 20
      vertex 167.26666666666668 33.93333333333334 20
      vertex 167.26666666666668 66.06666666666668 20
    endloop
  endfacet
  facet normal 0 0 -1
    outer loop
      vertex 166.0666666666667 55.5 0
      vertex 167.26666666666668 66.06666666666668 0
      vertex 167.26666666666668 55.5 0
    endloop
  endfacet
  facet normal -1 0 0
    outer loop
      vertex 166.0666666666667 55.5 0
      vertex 166.0666666666667 55.5 2.6
      vertex 166.0666666666667 66.06666666666668 0
    endloop
  endfacet
  facet normal 1 0 0
    outer loop
      vertex 167.26666666666668 55.5 0
      vertex 167.26666666666668 66.06666666666668 0
      vertex 167.26666666666668 55.5 2.6
    endloop
  endfacet
  facet normal 0 0 -1
    outer loop
      vertex 166.0666666666667 55.5 0
      vertex 167.26666666666668 67.26666666666668 0
      vertex 167.26666666666668 66.06666666666668 0
    endloop
  endfacet
  facet normal 0 0 -1
    outer loop
      vertex 166.0666666666667 55.5 0
      vertex 166.0666666666667 66.06666666666668 0
      vertex 167.26666666666668 77.83333333333334 0
    endloop
  endfacet
  facet normal 0 0 -1
    outer loop
      vertex 166.0666666666667 55.5 0
      vertex 167.26666666666668 77.83333333333334 0
      vertex 167.26666666666668 67.26666666666668 0
    endloop
  endfacet
  facet normal 0 0 -1
    outer loop
      vertex 166.0666666666667 66.06666666666668 0
      vertex 166.0666666666667 67.26666666666668 0
      vertex 167.26666666666668 77.83333333333334 0
    endloop
  endfacet
  facet normal 0 0 -1
    outer loop
      vertex 166.0666666666667 67.26666666666668 0
      vertex 166.0666666666667 77.83333333333334 0
      vertex 167.26666666666668 77.83333333333334 0
    endloop
  endfacet
  facet normal -1 0 0
    outer loop
      vertex 166.0666666666667 67.26666666666668 0
      vertex 166.0666666666667 77.83333333333334 2.6
      vertex 166.0666666666667 77.83333333333334 0
    endloop
  endfacet
  facet normal 1 0 0
    outer loop
      vertex 167.26666666666668 67.26666666666668 0
      vertex 167.26666666666668 77.83333333333334 0
      vertex 167.26666666666668 77.83333333333334 2.6
    endloop
  endfacet
  facet normal 1 0 0
    outer loop
      vertex 167.26666666666668 33.93333333333334 20
      vertex 167.26666666666668 55.5 2.6
      vertex 167.26666666666668 66.06666666666668 0
    endloop
  endfacet
  facet normal -1 0 0
    outer loop
      vertex 166.0666666666667 44.5 2.6
      vertex 166.0666666666667 66.06666666666668 20
      vertex 166.0666666666667 55.5 2.6
    endloop
  endfacet
  facet normal -1 0 0
    outer loop
      vertex 166.0666666666667 55.5 2.6
      vertex 166.0666666666667 66.06666666666668 20
      vertex 166.0666666666667 66.06666666666668 0
    endloop
  endfacet
  facet normal 1 0 0
    outer loop
      vertex 167.26666666666668 67.26666666666668 0
      vertex 167.26666666666668 77.83333333333334 2.6
      vertex 167.26666666666668 67.26666666666668 20
    endloop
  endfacet
  facet normal 0 0 -1
    outer loop
      vertex 166.0666666666667 88.83333333333334 0
      vertex 167.26666666666668 99.4 0
      vertex 167.26666666666668 88.83333333333334 0
    endloop
  endfacet
  facet normal -1 0 0
    outer loop
      vertex 166.0666666666667 88.83333333333334 0
      vertex 166.0666666666667 88.83333333333334 2.6
      vertex 166.0666666666667 99.4 0
    endloop
  endfacet
  facet normal 1 0 0
    outer loop
      vertex 167.26666666666668 88.83333333333334 0
      vertex 167.26666666666668 99.4 0
      vertex 167.26666666666668 88.83333333333334 2.6
    endloop
  endfacet
  facet normal 0 0 -1
    outer loop
      vertex 166.0666666666667 88.83333333333334 0
      vertex 166.0666666666667 99.4 0
      vertex 167.26666666666668 99.4 0
    endloop
  endfacet
  facet normal 1 0 0
    outer loop
      vertex 167.26666666666668 77.83333333333334 2.6
      vertex 167.26666666666668 88.83333333333334 2.6
      vertex 167.26666666666668 67.26666666666668 20
    endloop
  endfacet
  facet normal -1 0 0
    outer loop
      vertex 166.0666666666667 67.26666666666668 0
      vertex 166.0666666666667 99.4 20
      vertex 166.0666666666667 77.83333333333334 2.6
    endloop
  endfacet
  facet normal 1 0 0
    outer loop
      vertex 167.26666666666668 99.4 0
      vertex 167.26666666666668 67.26666666666668 20
      vertex 167.26666666666668 88.83333333333334 2.6
    endloop
  endfacet
  facet normal -1 0 0
    outer loop
      vertex 166.0666666666667 77.83333333333334 2.6
      vertex 166.0666666666667 99.4 20
      vertex 166.0666666666667 88.83333333333334 2.6
    endloop
  endfacet
  facet normal -1 0 0
    outer loop
      vertex 166.0666666666667 99.4 0
      vertex 166.0666666666667 88.83333333333334 2.6
      vertex 166.0666666666667 99.4 20
    endloop
  endfacet
  facet normal 1 0 0
    outer loop
      vertex 167.26666666666668 33.93333333333334 20
      vertex 167.26666666666668 66.06666666666668 0
      vertex 167.26666666666668 66.06666666666668 20
    endloop
  endfacet
  facet normal 0 0 1
    outer loop
      vertex 166.0666666666667 33.93333333333334 20
      vertex 167.26666666666668 66.06666666666668 20
      vertex 166.0666666666667 66.06666666666668 20
    endloop
  endfacet
  facet normal -1 0 0
    outer loop
      vertex 166.0666666666667 67.26666666666668 0
      vertex 166.0666666666667 67.26666666666668 20
      vertex 166.0666666666667 99.4 20
    endloop
  endfacet
  facet normal 1 0 0
    outer loop
      vertex 167.26666666666668 99.4 0
      vertex 167.26666666666668 99.4 20
      vertex 167.26666666666668 67.26666666666668 20
    endloop
  endfacet
  facet normal 0 0 1
    outer loop
      vertex 166.0666666666667 67.26666666666668 20
      vertex 167.26666666666668 67.26666666666668 20
      vertex 167.26666666666668 99.4 20
    endloop
  endfacet
  facet normal 0 0 1
    outer loop
      vertex 166.0666666666667 67.26666666666668 20
      vertex 167.26666666666668 99.4 20
      vertex 166.0666666666667 99.4 20
    endloop
  endfacet
  facet normal 0 0 -1
    outer loop
      vertex 200 8 0
      vertex 199.81442800569644 7.898537655876225 0
      vertex 199.82018927444796 8 0
    endloop
  endfacet
  facet normal 0 0 -1
    outer loop
      vertex 199.4 11.166666666666668 0
      vertex 199.82018927444796 8 0
      vertex 199.4 8 0
    endloop
  endfacet
  facet normal 0 0 -1
    outer loop
      vertex 200 11.166666666666668 0
      vertex 200 8 0
      vertex 199.82018927444796 8 0
    endloop
  endfacet
  facet normal -1 0 0
    outer loop
      vertex 199.4 11.166666666666668 0
      vertex 199.4 8 0
      vertex 199.4 8 1.2
    endloop
  endfacet
  facet normal 0 0 -1
    outer loop
      vertex 199.4 11.166666666666668 0
      vertex 200 11.166666666666668 0
      vertex 199.82018927444796 8 0
    endloop
  endfacet
  facet normal -1 0 0
    outer loop
      vertex 199.4 11.166666666666668 2.6
      vertex 199.4 8 1.2
      vertex 199.4 0.6 1.2
    endloop
  endfacet
  facet normal -1 0 0
    outer loop
      vertex 199.4 11.166666666666668 0
      vertex 199.4 8 1.2
      vertex 199.4 11.166666666666668 2.6
    endloop
  endfacet
  facet normal -1 0 0
    outer loop
      vertex 199.4 11.166666666666668 2.6
      vertex 199.4 0.6 1.2
      vertex 199.4 32.733333333333334 20
    endloop
  endfacet
  facet normal -1 0 0
    outer loop
      vertex 199.4 11.166666666666668 2.6
      vertex 199.4 32.733333333333334 20
      vertex 199.4 22.166666666666668 2.6
    endloop
  endfacet
  facet normal -1 0 0
    outer loop
      vertex 199.4 22.166666666666668 0
      vertex 199.4 22.166666666666668 2.6
      vertex 199.4 32.733333333333334 0
    endloop
  endfacet
  facet normal 0 0 -1
    outer loop
      vertex 199.4 22.166666666666668 0
      vertex 200 44.5 0
      vertex 200 22.166666666666668 0
    endloop
  endfacet
  facet normal 0 0 -1
    outer loop
      vertex 199.4 22.166666666666668 0
      vertex 199.4 32.733333333333334 0
      vertex 200 44.5 0
    endloop
  endfacet
  facet normal 0 0 -1
    outer loop
      vertex 199.4 32.733333333333334 0
      vertex 199.4 33.93333333333334 0
      vertex 200 44.5 0
    endloop
  endfacet
  facet normal 0 0 -1
    outer loop
      vertex 199.4 33.93333333333334 0
      vertex 199.4 44.5 0
      vertex 200 44.5 0
    endloop
  endfacet
  facet normal -1 0 0
    outer loop
      vertex 199.4 33.93333333333334 0
      vertex 199.4 44.5 2.6
      vertex 199.4 44.5 0
    endloop
  endfacet
  facet normal -1 0 0
    outer loop
      vertex 199.4 22.166666666666668 2.6
      vertex 199.4 32.733333333333334 20
      vertex 199.4 32.733333333333334 0
    endloop
  endfacet
  facet normal -1 0 0
    outer loop
      vertex 199.4 33.93333333333334 0
      vertex 199.4 66.06666666666668 20
      vertex 199.4 44.5 2.6
    endloop
  endfacet
  facet normal -1 0 0
    outer loop
      vertex 199.4 0.6 20
      vertex 199.4 32.733333333333334 20
      vertex 199.4 0.6 1.2
    endloop
  endfacet
  facet normal 0 0 1
    outer loop
      vertex 200 0 20
      vertex 199.4 32.733333333333334 20
      vertex 199.4 0.6 20
    endloop
  endfacet
  facet normal -1 0 0
    outer loop
      vertex 199.4 33.93333333333334 0
      vertex 199.4 33.93333333333334 20
      vertex 199.4 66.06666666666668 20
    endloop
  endfacet
  facet normal 0 0 1
    outer loop
      vertex 200 0 20
      vertex 200 75.66897918731425 20
      vertex 199.4 32.733333333333334 20
    endloop
  endfacet
  facet normal 0 0 1
    outer loop
      vertex 199.4 32.733333333333334 20
      vertex 200 75.66897918731425 20
      vertex 199.4 33.93333333333334 20
    endloop
  endfacet
  facet normal 0 0 -1
    outer loop
      vertex 199.4 55.5 0
      vertex 199.4 66.06666666666668 0
      vertex 200 55.5 0
    endloop
  endfacet
  facet normal -1 0 0
    outer loop
      vertex 199.4 55.5 0
      vertex 199.4 55.5 2.6
      vertex 199.4 66.06666666666668 0
    endloop
  endfacet
  facet normal 0 0 -1
    outer loop
      vertex 200 55.5 0
      vertex 199.4 66.06666666666668 0
      vertex 200 77.83333333333334 0
    endloop
  endfacet
  facet normal 0 0 -1
    outer loop
      vertex 199.4 66.06666666666668 0
      vertex 199.4 67.26666666666668 0
      vertex 200 77.83333333333334 0
    endloop
  endfacet
  facet normal 0 0 -1
    outer loop
      vertex 199.4 67.26666666666668 0
      vertex 199.4 77.83333333333334 0
      vertex 200 77.83333333333334 0
    endloop
  endfacet
  facet normal -1 0 0
    outer loop
      vertex 199.4 67.26666666666668 0
      vertex 199.4 77.83333333333334 2.6
      vertex 199.4 77.83333333333334 0
    endloop
  endfacet
  facet normal -1 0 0
    outer loop
      vertex 199.4 44.5 2.6
      vertex 199.4 66.06666666666668 20
      vertex 199.4 55.5 2.6
    endloop
  endfacet
  facet normal -1 0 0
    outer loop
      vertex 199.4 55.5 2.6
      vertex 199.4 66.06666666666668 20
      vertex 199.4 66.06666666666668 0
    endloop
  endfacet
  facet normal 0 0 -1
    outer loop
      vertex 199.4 88.83333333333334 0
      vertex 200 92 0
      vertex 200 88.83333333333334 0
    endloop
  endfacet
  facet normal -1 0 0
    outer loop
      vertex 199.4 88.83333333333334 0
      vertex 199.4 88.83333333333334 2.6
      vertex 199.4 92 0
    endloop
  endfacet
  facet normal 0 0 -1
    outer loop
      vertex 199.4 88.83333333333334 0
      vertex 199.4 92 0
      vertex 200 92 0
    endloop
  endfacet
  facet normal -1 0 0
    outer loop
      vertex 199.4 88.83333333333334 2.6
      vertex 199.4 92 1.2
      vertex 199.4 92 0
    endloop
  endfacet
  facet normal -1 0 0
    outer loop
      vertex 199.4 67.26666666666668 0
      vertex 199.4 99.4 20
      vertex 199.4 77.83333333333334 2.6
    endloop
  endfacet
  facet normal -1 0 0
    outer loop
      vertex 199.4 99.4 20
      vertex 199.4 99.4 1.2
      vertex 199.4 92 1.2
    endloop
  endfacet
  facet normal -1 0 0
    outer loop
      vertex 199.4 77.83333333333334 2.6
      vertex 199.4 99.4 20
      vertex 199.4 88.83333333333334 2.6
    endloop
  endfacet
  facet normal -1 0 0
    outer loop
      vertex 199.4 88.83333333333334 2.6
      vertex 199.4 99.4 20
      vertex 199.4 92 1.2
    endloop
  endfacet
  facet normal 0 0 1
    outer loop
      vertex 199.4 33.93333333333334 20
      vertex 199.8072 66.06666666666668 20
      vertex 199.4 66.06666666666668 20
    endloop
  endfacet
  facet normal 0 0 1
    outer loop
      vertex 199.4 33.93333333333334 20
      vertex 200 75.66897918731425 20
      vertex 199.8072 66.06666666666668 20
    endloop
  endfacet
  facet normal 0 0 1
    outer loop
      vertex 199.8072 66.06666666666668 20
      vertex 200 75.66897918731425 20
      vertex 199.7928 67.26666666666668 20
    endloop
  endfacet
  facet normal -1 0 0
    outer loop
      vertex 199.4 67.26666666666668 0
      vertex 199.4 67.26666666666668 20
      vertex 199.4 99.4 20
    endloop
  endfacet
  facet normal 0 0 1
    outer loop
      vertex 199.4 67.26666666666668 20
      vertex 199.7928 67.26666666666668 20
      vertex 199.40720000000002 99.4 20
    endloop
  endfacet
  facet normal 0 0 1
    outer loop
      vertex 199.7928 67.26666666666668 20
      vertex 200 75.66897918731425 20
      vertex 200 100 20
    endloop
  endfacet
  facet normal 0 0 1
    outer loop
      vertex 199.4 67.26666666666668 20
      vertex 199.40720000000002 99.4 20
      vertex 199.4 99.4 20
    endloop
  endfacet
  facet normal 0 0 1
    outer loop
      vertex 199.7928 67.26666666666668 20
      vertex 200 100 20
      vertex 199.40720000000002 99.4 20
    endloop
  endfacet
  facet normal 0 0 1
    outer loop
      vertex 199.4071573153267 99.40355705610806 20
      vertex 199.40720000000002 99.4 20
      vertex 200 100 20
    endloop
  endfacet
  facet normal 0 1 0
    outer loop
      vertex 0 11.166666666666668 0
      vertex 0 11.166666666666668 2.6
      vertex 0.6 11.166666666666668 0
    endloop
  endfacet
  facet normal 0 1 0
    outer loop
      vertex 0.6 11.166666666666668 0
      vertex 0 11.166666666666668 2.6
      vertex 0.6 11.166666666666668 2.6
    endloop
  endfacet
  facet normal 0 -1 0
    outer loop
      vertex 0 22.166666666666668 0
      vertex 0.6 22.166666666666668 0
      vertex 0 22.166666666666668 2.6
    endloop
  endfacet
  facet normal 0 -1 0
    outer loop
      vertex 0.6 22.166666666666668 0
      vertex 0.6 22.166666666666668 2.6
      vertex 0 22.166666666666668 2.6
    endloop
  endfacet
  facet normal 0 0 -1
    outer loop
      vertex 0 11.166666666666668 2.6
      vertex 0.6 22.166666666666668 2.6
      vertex 0.6 11.166666666666668 2.6
    endloop
  endfacet
  facet normal 0 0 -1
    outer loop
      vertex 0 11.166666666666668 2.6
      vertex 0 22.166666666666668 2.6
      vertex 0.6 22.166666666666668 2.6
    endloop
  endfacet
  facet normal 0 1 0
    outer loop
      vertex 32.733333333333334 11.166666666666668 0
      vertex 32.733333333333334 11.166666666666668 2.6
      vertex 33.93333333333334 11.166666666666668 0
    endloop
  endfacet
  facet normal 0 1 0
    outer loop
      vertex 33.93333333333334 11.166666666666668 0
      vertex 32.733333333333334 11.166666666666668 2.6
      vertex 33.93333333333334 11.166666666666668 2.6
    endloop
  endfacet
  facet normal 0 -1 0
    outer loop
      vertex 32.733333333333334 22.166666666666668 0
      vertex 33.93333333333334 22.166666666666668 0
      vertex 32.733333333333334 22.166666666666668 2.6
    endloop
  endfacet
  facet normal 0 -1 0
    outer loop
      vertex 33.93333333333334 22.166666666666668 0
      vertex 33.93333333333334 22.166666666666668 2.6
      vertex 32.733333333333334 22.166666666666668 2.6
    endloop
  endfacet
  facet normal 0 0 -1
    outer loop
      vertex 32.733333333333334 11.166666666666668 2.6
      vertex 33.93333333333334 22.166666666666668 2.6
      vertex 33.93333333333334 11.166666666666668 2.6
    endloop
  endfacet
  facet normal 0 0 -1
    outer loop
      vertex 32.733333333333334 11.166666666666668 2.6
      vertex 32.733333333333334 22.166666666666668 2.6
      vertex 33.93333333333334 22.166666666666668 2.6
    endloop
  endfacet
  facet normal 0 1 0
    outer loop
      vertex 66.06666666666668 11.166666666666668 0
      vertex 67.26666666666668 11.166666666666668 2.6
      vertex 67.26666666666668 11.166666666666668 0
    endloop
  endfacet
  facet normal 0 1 0
    outer loop
      vertex 66.06666666666668 11.166666666666668 0
      vertex 66.06666666666668 11.166666666666668 2.6
      vertex 67.26666666666668 11.166666666666668 2.6
    endloop
  endfacet
  facet normal 0 -1 0
    outer loop
      vertex 66.06666666666668 22.166666666666668 0
      vertex 67.26666666666668 22.166666666666668 0
      vertex 66.06666666666668 22.166666666666668 2.6
    endloop
  endfacet
  facet normal 0 -1 0
    outer loop
      vertex 67.26666666666668 22.166666666666668 0
      vertex 67.26666666666668 22.166666666666668 2.6
      vertex 66.06666666666668 22.166666666666668 2.6
    endloop
  endfacet
  facet normal 0 0 -1
    outer loop
      vertex 66.06666666666668 11.166666666666668 2.6
      vertex 67.26666666666668 22.166666666666668 2.6
      vertex 67.26666666666668 11.166666666666668 2.6
    endloop
  endfacet
  facet normal 0 0 -1
    outer loop
      vertex 66.06666666666668 11.166666666666668 2.6
      vertex 66.06666666666668 22.166666666666668 2.6
      vertex 67.26666666666668 22.166666666666668 2.6
    endloop
  endfacet
  facet normal 0 1 0
    outer loop
      vertex 99.4 11.166666666666668 0
      vertex 99.4 11.166666666666668 2.6
      vertex 100.60000000000001 11.166666666666668 2.6
    endloop
  endfacet
  facet normal 0 -1 0
    outer loop
      vertex 99.4 22.166666666666668 0
      vertex 100.60000000000001 22.166666666666668 0
      vertex 99.4 22.166666666666668 2.6
    endloop
  endfacet
  facet normal 0 0 -1
    outer loop
      vertex 99.4 11.166666666666668 2.6
      vertex 99.4 22.166666666666668 2.6
      vertex 100.60000000000001 22.166666666666668 2.6
    endloop
  endfacet
  facet normal 0 1 0
    outer loop
      vertex 99.4 11.166666666666668 0
      vertex 100.60000000000001 11.166666666666668 2.6
      vertex 100.60000000000001 11.166666666666668 0
    endloop
  endfacet
  facet normal 0 -1 0
    outer loop
      vertex 99.4 22.166666666666668 2.6
      vertex 100.60000000000001 22.166666666666668 0
      vertex 100.60000000000001 22.166666666666668 2.6
    endloop
  endfacet
  facet normal 0 0 -1
    outer loop
      vertex 99.4 11.166666666666668 2.6
      vertex 100.60000000000001 22.166666666666668 2.6
      vertex 100.60000000000001 11.166666666666668 2.6
    endloop
  endfacet
  facet normal 0 1 0
    outer loop
      vertex 132.73333333333335 11.166666666666668 0
      vertex 133.93333333333334 11.166666666666668 2.6
      vertex 133.93333333333334 11.166666666666668 0
    endloop
  endfacet
  facet normal 0 1 0
    outer loop
      vertex 132.73333333333335 11.166666666666668 0
      vertex 132.73333333333335 11.166666666666668 2.6
      vertex 133.93333333333334 11.166666666666668 2.6
    endloop
  endfacet
  facet normal 0 -1 0
    outer loop
      vertex 132.73333333333335 22.166666666666668 0
      vertex 133.93333333333334 22.166666666666668 0
      vertex 132.73333333333335 22.166666666666668 2.6
    endloop
  endfacet
  facet normal 0 -1 0
    outer loop
      vertex 133.93333333333334 22.166666666666668 0
      vertex 133.93333333333334 22.166666666666668 2.6
      vertex 132.73333333333335 22.166666666666668 2.6
    endloop
  endfacet
  facet normal 0 0 -1
    outer loop
      vertex 132.73333333333335 11.166666666666668 2.6
      vertex 133.93333333333334 22.166666666666668 2.6
      vertex 133.93333333333334 11.166666666666668 2.6
    endloop
  endfacet
  facet normal 0 0 -1
    outer loop
      vertex 132.73333333333335 11.166666666666668 2.6
      vertex 132.73333333333335 22.166666666666668 2.6
      vertex 133.93333333333334 22.166666666666668 2.6
    endloop
  endfacet
  facet normal 0 1 0
    outer loop
      vertex 166.0666666666667 11.166666666666668 0
      vertex 167.26666666666668 11.166666666666668 2.6
      vertex 167.26666666666668 11.166666666666668 0
    endloop
  endfacet
  facet normal 0 1 0
    outer loop
      vertex 166.0666666666667 11.166666666666668 0
      vertex 166.0666666666667 11.166666666666668 2.6
      vertex 167.26666666666668 11.166666666666668 2.6
    endloop
  endfacet
  facet normal 0 -1 0
    outer loop
      vertex 166.0666666666667 22.166666666666668 0
      vertex 167.26666666666668 22.166666666666668 0
      vertex 167.26666666666668 22.166666666666668 2.6
    endloop
  endfacet
  facet normal 0 -1 0
    outer loop
      vertex 166.0666666666667 22.166666666666668 0
      vertex 167.26666666666668 22.166666666666668 2.6
      vertex 166.0666666666667 22.166666666666668 2.6
    endloop
  endfacet
  facet normal 0 0 -1
    outer loop
      vertex 166.0666666666667 11.166666666666668 2.6
      vertex 167.26666666666668 22.166666666666668 2.6
      vertex 167.26666666666668 11.166666666666668 2.6
    endloop
  endfacet
  facet normal 0 0 -1
    outer loop
      vertex 166.0666666666667 11.166666666666668 2.6
      vertex 166.0666666666667 22.166666666666668 2.6
      vertex 167.26666666666668 22.166666666666668 2.6
    endloop
  endfacet
  facet normal 0 1 0
    outer loop
      vertex 199.4 11.166666666666668 0
      vertex 200 11.166666666666668 2.6
      vertex 200 11.166666666666668 0
    endloop
  endfacet
  facet normal 0 1 0
    outer loop
      vertex 199.4 11.166666666666668 0
      vertex 199.4 11.166666666666668 2.6
      vertex 200 11.166666666666668 2.6
    endloop
  endfacet
  facet normal 0 -1 0
    outer loop
      vertex 199.4 22.166666666666668 0
      vertex 200 22.166666666666668 0
      vertex 200 22.166666666666668 2.6
    endloop
  endfacet
  facet normal 0 -1 0
    outer loop
      vertex 199.4 22.166666666666668 0
      vertex 200 22.166666666666668 2.6
      vertex 199.4 22.166666666666668 2.6
    endloop
  endfacet
  facet normal 0 0 -1
    outer loop
      vertex 199.4 11.166666666666668 2.6
      vertex 200 22.166666666666668 2.6
      vertex 200 11.166666666666668 2.6
    endloop
  endfacet
  facet normal 0 0 -1
    outer loop
      vertex 199.4 11.166666666666668 2.6
      vertex 199.4 22.166666666666668 2.6
      vertex 200 22.166666666666668 2.6
    endloop
  endfacet
  facet normal 0 1 0
    outer loop
      vertex 0 44.5 0
      vertex 0 44.5 2.6
      vertex 0.6 44.5 0
    endloop
  endfacet
  facet normal 0 1 0
    outer loop
      vertex 0.6 44.5 0
      vertex 0 44.5 2.6
      vertex 0.6 44.5 2.6
    endloop
  endfacet
  facet normal 0 0 -1
    outer loop
      vertex 0 44.5 2.6
      vertex 0.6 55.5 2.6
      vertex 0.6 44.5 2.6
    endloop
  endfacet
  facet normal 0 1 0
    outer loop
      vertex 32.733333333333334 44.5 0
      vertex 32.733333333333334 44.5 2.6
      vertex 33.93333333333334 44.5 0
    endloop
  endfacet
  facet normal 0 1 0
    outer loop
      vertex 33.93333333333334 44.5 0
      vertex 32.733333333333334 44.5 2.6
      vertex 33.93333333333334 44.5 2.6
    endloop
  endfacet
  facet normal 0 0 -1
    outer loop
      vertex 32.733333333333334 44.5 2.6
      vertex 33.93333333333334 55.5 2.6
      vertex 33.93333333333334 44.5 2.6
    endloop
  endfacet
  facet normal 0 1 0
    outer loop
      vertex 66.06666666666668 44.5 0
      vertex 67.26666666666668 44.5 2.6
      vertex 67.26666666666668 44.5 0
    endloop
  endfacet
  facet normal 0 1 0
    outer loop
      vertex 66.06666666666668 44.5 0
      vertex 66.06666666666668 44.5 2.6
      vertex 67.26666666666668 44.5 2.6
    endloop
  endfacet
  facet normal 0 0 -1
    outer loop
      vertex 66.06666666666668 44.5 2.6
      vertex 67.26666666666668 55.5 2.6
      vertex 67.26666666666668 44.5 2.6
    endloop
  endfacet
  facet normal 0 1 0
    outer loop
      vertex 99.4 44.5 0
      vertex 99.4 44.5 2.6
      vertex 100.60000000000001 44.5 2.6
    endloop
  endfacet
  facet normal 0 -1 0
    outer loop
      vertex 0 55.5 0
      vertex 0.6 55.5 0
      vertex 0 55.5 2.6
    endloop
  endfacet
  facet normal 0 -1 0
    outer loop
      vertex 0.6 55.5 0
      vertex 0.6 55.5 2.6
      vertex 0 55.5 2.6
    endloop
  endfacet
  facet normal 0 0 -1
    outer loop
      vertex 0 44.5 2.6
      vertex 0 55.5 2.6
      vertex 0.6 55.5 2.6
    endloop
  endfacet
  facet normal 0 -1 0
    outer loop
      vertex 32.733333333333334 55.5 0
      vertex 33.93333333333334 55.5 0
      vertex 32.733333333333334 55.5 2.6
    endloop
  endfacet
  facet normal 0 -1 0
    outer loop
      vertex 33.93333333333334 55.5 0
      vertex 33.93333333333334 55.5 2.6
      vertex 32.733333333333334 55.5 2.6
    endloop
  endfacet
  facet normal 0 0 -1
    outer loop
      vertex 32.733333333333334 44.5 2.6
      vertex 32.733333333333334 55.5 2.6
      vertex 33.93333333333334 55.5 2.6
    endloop
  endfacet
  facet normal 0 -1 0
    outer loop
      vertex 66.06666666666668 55.5 0
      vertex 67.26666666666668 55.5 0
      vertex 66.06666666666668 55.5 2.6
    endloop
  endfacet
  facet normal 0 -1 0
    outer loop
      vertex 67.26666666666668 55.5 0
      vertex 67.26666666666668 55.5 2.6
      vertex 66.06666666666668 55.5 2.6
    endloop
  endfacet
  facet normal 0 0 -1
    outer loop
      vertex 66.06666666666668 44.5 2.6
      vertex 66.06666666666668 55.5 2.6
      vertex 67.26666666666668 55.5 2.6
    endloop
  endfacet
  facet normal 0 -1 0
    outer loop
      vertex 99.4 55.5 0
      vertex 100.60000000000001 55.5 0
      vertex 99.4 55.5 2.6
    endloop
  endfacet
  facet normal 0 0 -1
    outer loop
      vertex 99.4 44.5 2.6
      vertex 99.4 55.5 2.6
      vertex 100.60000000000001 55.5 2.6
    endloop
  endfacet
  facet normal 0 1 0
    outer loop
      vertex 99.4 44.5 0
      vertex 100.60000000000001 44.5 2.6
      vertex 100.60000000000001 44.5 0
    endloop
  endfacet
  facet normal 0 0 -1
    outer loop
      vertex 99.4 44.5 2.6
      vertex 100.60000000000001 55.5 2.6
      vertex 100.60000000000001 44.5 2.6
    endloop
  endfacet
  facet normal 0 1 0
    outer loop
      vertex 132.73333333333335 44.5 0
      vertex 133.93333333333334 44.5 2.6
      vertex 133.93333333333334 44.5 0
    endloop
  endfacet
  facet normal 0 1 0
    outer loop
      vertex 132.73333333333335 44.5 0
      vertex 132.73333333333335 44.5 2.6
      vertex 133.93333333333334 44.5 2.6
    endloop
  endfacet
  facet normal 0 0 -1
    outer loop
      vertex 132.73333333333335 44.5 2.6
      vertex 133.93333333333334 55.5 2.6
      vertex 133.93333333333334 44.5 2.6
    endloop
  endfacet
  facet normal 0 1 0
    outer loop
      vertex 166.0666666666667 44.5 0
      vertex 167.26666666666668 44.5 2.6
      vertex 167.26666666666668 44.5 0
    endloop
  endfacet
  facet normal 0 1 0
    outer loop
      vertex 166.0666666666667 44.5 0
      vertex 166.0666666666667 44.5 2.6
      vertex 167.26666666666668 44.5 2.6
    endloop
  endfacet
  facet normal 0 0 -1
    outer loop
      vertex 166.0666666666667 44.5 2.6
      vertex 167.26666666666668 55.5 2.6
      vertex 167.26666666666668 44.5 2.6
    endloop
  endfacet
  facet normal 0 1 0
    outer loop
      vertex 199.4 44.5 0
      vertex 200 44.5 2.6
      vertex 200 44.5 0
    endloop
  endfacet
  facet normal 0 1 0
    outer loop
      vertex 199.4 44.5 0
      vertex 199.4 44.5 2.6
      vertex 200 44.5 2.6
    endloop
  endfacet
  facet normal 0 0 -1
    outer loop
      vertex 199.4 44.5 2.6
      vertex 200 55.5 2.6
      vertex 200 44.5 2.6
    endloop
  endfacet
  facet normal 0 -1 0
    outer loop
      vertex 99.4 55.5 2.6
      vertex 100.60000000000001 55.5 0
      vertex 100.60000000000001 55.5 2.6
    endloop
  endfacet
  facet normal 0 -1 0
    outer loop
      vertex 132.73333333333335 55.5 0
      vertex 133.93333333333334 55.5 0
      vertex 132.73333333333335 55.5 2.6
    endloop
  endfacet
  facet normal 0 -1 0
    outer loop
      vertex 133.93333333333334 55.5 0
      vertex 133.93333333333334 55.5 2.6
      vertex 132.73333333333335 55.5 2.6
    endloop
  endfacet
  facet normal 0 0 -1
    outer loop
      vertex 132.73333333333335 44.5 2.6
      vertex 132.73333333333335 55.5 2.6
      vertex 133.93333333333334 55.5 2.6
    endloop
  endfacet
  facet normal 0 -1 0
    outer loop
      vertex 166.0666666666667 55.5 0
      vertex 167.26666666666668 55.5 0
      vertex 167.26666666666668 55.5 2.6
    endloop
  endfacet
  facet normal 0 -1 0
    outer loop
      vertex 166.0666666666667 55.5 0
      vertex 167.26666666666668 55.5 2.6
      vertex 166.0666666666667 55.5 2.6
    endloop
  endfacet
  facet normal 0 0 -1
    outer loop
      vertex 166.0666666666667 44.5 2.6
      vertex 166.0666666666667 55.5 2.6
      vertex 167.26666666666668 55.5 2.6
    endloop
  endfacet
  facet normal 0 -1 0
    outer loop
      vertex 199.4 55.5 0
      vertex 200 55.5 0
      vertex 200 55.5 2.6
    endloop
  endfacet
  facet normal 0 -1 0
    outer loop
      vertex 199.4 55.5 0
      vertex 200 55.5 2.6
      vertex 199.4 55.5 2.6
    endloop
  endfacet
  facet normal 0 0 -1
    outer loop
      vertex 199.4 44.5 2.6
      vertex 199.4 55.5 2.6
      vertex 200 55.5 2.6
    endloop
  endfacet
  facet normal 0 1 0
    outer loop
      vertex 0 77.83333333333334 0
      vertex 0 77.83333333333334 2.6
      vertex 0.6 77.83333333333334 0
    endloop
  endfacet
  facet normal 0 1 0
    outer loop
      vertex 0.6 77.83333333333334 0
      vertex 0 77.83333333333334 2.6
      vertex 0.6 77.83333333333334 2.6
    endloop
  endfacet
  facet normal 0 0 -1
    outer loop
      vertex 0 77.83333333333334 2.6
      vertex 0.6 88.83333333333334 2.6
      vertex 0.6 77.83333333333334 2.6
    endloop
  endfacet
  facet normal 0 0 -1
    outer loop
      vertex 0 77.83333333333334 2.6
      vertex 0 88.83333333333334 2.6
      vertex 0.6 88.83333333333334 2.6
    endloop
  endfacet
  facet normal 0 -1 0
    outer loop
      vertex 0 88.83333333333334 0
      vertex 0.6 88.83333333333334 0
      vertex 0 88.83333333333334 2.6
    endloop
  endfacet
  facet normal 0 -1 0
    outer loop
      vertex 0.6 88.83333333333334 0
      vertex 0.6 88.83333333333334 2.6
      vertex 0 88.83333333333334 2.6
    endloop
  endfacet
  facet normal 0 1 0
    outer loop
      vertex 32.733333333333334 77.83333333333334 0
      vertex 32.733333333333334 77.83333333333334 2.6
      vertex 33.93333333333334 77.83333333333334 0
    endloop
  endfacet
  facet normal 0 1 0
    outer loop
      vertex 33.93333333333334 77.83333333333334 0
      vertex 32.733333333333334 77.83333333333334 2.6
      vertex 33.93333333333334 77.83333333333334 2.6
    endloop
  endfacet
  facet normal 0 0 -1
    outer loop
      vertex 32.733333333333334 77.83333333333334 2.6
      vertex 33.93333333333334 88.83333333333334 2.6
      vertex 33.93333333333334 77.83333333333334 2.6
    endloop
  endfacet
  facet normal 0 0 -1
    outer loop
      vertex 32.733333333333334 77.83333333333334 2.6
      vertex 32.733333333333334 88.83333333333334 2.6
      vertex 33.93333333333334 88.83333333333334 2.6
    endloop
  endfacet
  facet normal 0 -1 0
    outer loop
      vertex 32.733333333333334 88.83333333333334 0
      vertex 33.93333333333334 88.83333333333334 0
      vertex 32.733333333333334 88.83333333333334 2.6
    endloop
  endfacet
  facet normal 0 -1 0
    outer loop
      vertex 33.93333333333334 88.83333333333334 0
      vertex 33.93333333333334 88.83333333333334 2.6
      vertex 32.733333333333334 88.83333333333334 2.6
    endloop
  endfacet
  facet normal 0 1 0
    outer loop
      vertex 66.06666666666668 77.83333333333334 0
      vertex 67.26666666666668 77.83333333333334 2.6
      vertex 67.26666666666668 77.83333333333334 0
    endloop
  endfacet
  facet normal 0 1 0
    outer loop
      vertex 66.06666666666668 77.83333333333334 0
      vertex 66.06666666666668 77.83333333333334 2.6
      vertex 67.26666666666668 77.83333333333334 2.6
    endloop
  endfacet
  facet normal 0 0 -1
    outer loop
      vertex 66.06666666666668 77.83333333333334 2.6
      vertex 67.26666666666668 88.83333333333334 2.6
      vertex 67.26666666666668 77.83333333333334 2.6
    endloop
  endfacet
  facet normal 0 0 -1
    outer loop
      vertex 66.06666666666668 77.83333333333334 2.6
      vertex 66.06666666666668 88.83333333333334 2.6
      vertex 67.26666666666668 88.83333333333334 2.6
    endloop
  endfacet
  facet normal 0 -1 0
    outer loop
      vertex 66.06666666666668 88.83333333333334 0
      vertex 67.26666666666668 88.83333333333334 0
      vertex 66.06666666666668 88.83333333333334 2.6
    endloop
  endfacet
  facet normal 0 -1 0
    outer loop
      vertex 67.26666666666668 88.83333333333334 0
      vertex 67.26666666666668 88.83333333333334 2.6
      vertex 66.06666666666668 88.83333333333334 2.6
    endloop
  endfacet
  facet normal 0 1 0
    outer loop
      vertex 99.4 77.83333333333334 0
      vertex 99.4 77.83333333333334 2.6
      vertex 100.60000000000001 77.83333333333334 2.6
    endloop
  endfacet
  facet normal 0 0 -1
    outer loop
      vertex 99.4 77.83333333333334 2.6
      vertex 99.4 88.83333333333334 2.6
      vertex 100.60000000000001 88.83333333333334 2.6
    endloop
  endfacet
  facet normal 0 -1 0
    outer loop
      vertex 99.4 88.83333333333334 0
      vertex 100.60000000000001 88.83333333333334 0
      vertex 99.4 88.83333333333334 2.6
    endloop
  endfacet
  facet normal 0 1 0
    outer loop
      vertex 99.4 77.83333333333334 0
      vertex 100.60000000000001 77.83333333333334 2.6
      vertex 100.60000000000001 77.83333333333334 0
    endloop
  endfacet
  facet normal 0 0 -1
    outer loop
      vertex 99.4 77.83333333333334 2.6
      vertex 100.60000000000001 88.83333333333334 2.6
      vertex 100.60000000000001 77.83333333333334 2.6
    endloop
  endfacet
  facet normal 0 -1 0
    outer loop
      vertex 99.4 88.83333333333334 2.6
      vertex 100.60000000000001 88.83333333333334 0
      vertex 100.60000000000001 88.83333333333334 2.6
    endloop
  endfacet
  facet normal 0 1 0
    outer loop
      vertex 132.73333333333335 77.83333333333334 0
      vertex 133.93333333333334 77.83333333333334 2.6
      vertex 133.93333333333334 77.83333333333334 0
    endloop
  endfacet
  facet normal 0 1 0
    outer loop
      vertex 132.73333333333335 77.83333333333334 0
      vertex 132.73333333333335 77.83333333333334 2.6
      vertex 133.93333333333334 77.83333333333334 2.6
    endloop
  endfacet
  facet normal 0 0 -1
    outer loop
      vertex 132.73333333333335 77.83333333333334 2.6
      vertex 133.93333333333334 88.83333333333334 2.6
      vertex 133.93333333333334 77.83333333333334 2.6
    endloop
  endfacet
  facet normal 0 0 -1
    outer loop
      vertex 132.73333333333335 77.83333333333334 2.6
      vertex 132.73333333333335 88.83333333333334 2.6
      vertex 133.93333333333334 88.83333333333334 2.6
    endloop
  endfacet
  facet normal 0 -1 0
    outer loop
      vertex 132.73333333333335 88.83333333333334 0
      vertex 133.93333333333334 88.83333333333334 0
      vertex 132.73333333333335 88.83333333333334 2.6
    endloop
  endfacet
  facet normal 0 -1 0
    outer loop
      vertex 133.93333333333334 88.83333333333334 0
      vertex 133.93333333333334 88.83333333333334 2.6
      vertex 132.73333333333335 88.83333333333334 2.6
    endloop
  endfacet
  facet normal 0 1 0
    outer loop
      vertex 166.0666666666667 77.83333333333334 0
      vertex 167.26666666666668 77.83333333333334 2.6
      vertex 167.26666666666668 77.83333333333334 0
    endloop
  endfacet
  facet normal 0 1 0
    outer loop
      vertex 166.0666666666667 77.83333333333334 0
      vertex 166.0666666666667 77.83333333333334 2.6
      vertex 167.26666666666668 77.83333333333334 2.6
    endloop
  endfacet
  facet normal 0 0 -1
    outer loop
      vertex 166.0666666666667 77.83333333333334 2.6
      vertex 167.26666666666668 88.83333333333334 2.6
      vertex 167.26666666666668 77.83333333333334 2.6
    endloop
  endfacet
  facet normal 0 0 -1
    outer loop
      vertex 166.0666666666667 77.83333333333334 2.6
      vertex 166.0666666666667 88.83333333333334 2.6
      vertex 167.26666666666668 88.83333333333334 2.6
    endloop
  endfacet
  facet normal 0 -1 0
    outer loop
      vertex 166.0666666666667 88.83333333333334 0
      vertex 167.26666666666668 88.83333333333334 0
      vertex 167.26666666666668 88.83333333333334 2.6
    endloop
  endfacet
  facet normal 0 -1 0
    outer loop
      vertex 166.0666666666667 88.83333333333334 0
      vertex 167.26666666666668 88.83333333333334 2.6
      vertex 166.0666666666667 88.83333333333334 2.6
    endloop
  endfacet
  facet normal 0 1 0
    outer loop
      vertex 199.4 77.83333333333334 0
      vertex 200 77.83333333333334 2.6
      vertex 200 77.83333333333334 0
    endloop
  endfacet
  facet normal 0 1 0
    outer loop
      vertex 199.4 77.83333333333334 0
      vertex 199.4 77.83333333333334 2.6
      vertex 200 77.83333333333334 2.6
    endloop
  endfacet
  facet normal 0 0 -1
    outer loop
      vertex 199.4 77.83333333333334 2.6
      vertex 200 88.83333333333334 2.6
      vertex 200 77.83333333333334 2.6
    endloop
  endfacet
  facet normal 0 0 -1
    outer loop
      vertex 199.4 77.83333333333334 2.6
      vertex 199.4 88.83333333333334 2.6
      vertex 200 88.83333333333334 2.6
    endloop
  endfacet
  facet normal 0 -1 0
    outer loop
      vertex 199.4 88.83333333333334 0
      vertex 200 88.83333333333334 0
      vertex 200 88.83333333333334 2.6
    endloop
  endfacet
  facet normal 0 -1 0
    outer loop
      vertex 199.4 88.83333333333334 0
      vertex 200 88.83333333333334 2.6
      vertex 199.4 88.83333333333334 2.6
    endloop
  endfacet
  facet normal -1 0 0
    outer loop
      vertex 0 11.166666666666668 0
      vertex 0 8 0
      vertex 0 8 1.2
    endloop
  endfacet
  facet normal -1 0 0
    outer loop
      vertex 0 0 20
      vertex 0 8 1.2
      vertex 0 0 1.2
    endloop
  endfacet
  facet normal -1 0 0
    outer loop
      vertex 0 11.166666666666668 0
      vertex 0 8 1.2
      vertex 0 0 20
    endloop
  endfacet
  facet normal -1 0 0
    outer loop
      vertex 0 11.166666666666668 0
      vertex 0 0 20
      vertex 0 11.166666666666668 2.6
    endloop
  endfacet
  facet normal -1 0 0
    outer loop
      vertex 0 11.166666666666668 2.6
      vertex 0 0 20
      vertex 0 22.166666666666668 2.6
    endloop
  endfacet
  facet normal -1 0 0
    outer loop
      vertex 0 22.166666666666668 2.6
      vertex 0 0 20
      vertex 0 44.5 2.6
    endloop
  endfacet
  facet normal -1 0 0
    outer loop
      vertex 0 22.166666666666668 0
      vertex 0 22.166666666666668 2.6
      vertex 0 44.5 0
    endloop
  endfacet
  facet normal -1 0 0
    outer loop
      vertex 0 22.166666666666668 2.6
      vertex 0 44.5 2.6
      vertex 0 44.5 0
    endloop
  endfacet
  facet normal -1 0 0
    outer loop
      vertex 0 44.5 2.6
      vertex 0 0 20
      vertex 0 55.5 2.6
    endloop
  endfacet
  facet normal -1 0 0
    outer loop
      vertex 0 0 20
      vertex 0 77.83333333333334 2.6
      vertex 0 55.5 2.6
    endloop
  endfacet
  facet normal -1 0 0
    outer loop
      vertex 0 55.5 0
      vertex 0 55.5 2.6
      vertex 0 77.83333333333334 0
    endloop
  endfacet
  facet normal -1 0 0
    outer loop
      vertex 0 55.5 2.6
      vertex 0 77.83333333333334 2.6
      vertex 0 77.83333333333334 0
    endloop
  endfacet
  facet normal -1 0 0
    outer loop
      vertex 0 0 20
      vertex 0 88.83333333333334 2.6
      vertex 0 77.83333333333334 2.6
    endloop
  endfacet
  facet normal -1 0 0
    outer loop
      vertex 0 88.83333333333334 2.6
      vertex 0 94.84615384615385 1.2
      vertex 0 88.83333333333334 0
    endloop
  endfacet
  facet normal -1 0 0
    outer loop
      vertex 0 88.83333333333334 0
      vertex 0 94.84615384615385 1.2
      vertex 0 100 0
    endloop
  endfacet
  facet normal -1 0 0
    outer loop
      vertex 0 100 20
      vertex 0 100 1.2
      vertex 0 94.84615384615385 1.2
    endloop
  endfacet
  facet normal -1 0 0
    outer loop
      vertex 0 88.83333333333334 2.6
      vertex 0 100 20
      vertex 0 94.84615384615385 1.2
    endloop
  endfacet
  facet normal -1 0 0
    outer loop
      vertex 0 0 20
      vertex 0 100 20
      vertex 0 88.83333333333334 2.6
    endloop
  endfacet
  facet normal 1 0 0
    outer loop
      vertex 200 11.166666666666668 2.6
      vertex 200 0 0
      vertex 200 8 0
    endloop
  endfacet
  facet normal 1 0 0
    outer loop
      vertex 200 11.166666666666668 0
      vertex 200 11.166666666666668 2.6
      vertex 200 8 0
    endloop
  endfacet
  facet normal 1 0 0
    outer loop
      vertex 200 22.166666666666668 0
      vertex 200 44.5 2.6
      vertex 200 22.166666666666668 2.6
    endloop
  endfacet
  facet normal 1 0 0
    outer loop
      vertex 200 22.166666666666668 0
      vertex 200 44.5 0
      vertex 200 44.5 2.6
    endloop
  endfacet
  facet normal 1 0 0
    outer loop
      vertex 200 0 0
      vertex 200 75.66897918731425 20
      vertex 200 0 1.2
    endloop
  endfacet
  facet normal 1 0 0
    outer loop
      vertex 200 0 0
      vertex 200 11.166666666666668 2.6
      vertex 200 75.66897918731425 20
    endloop
  endfacet
  facet normal 1 0 0
    outer loop
      vertex 200 11.166666666666668 2.6
      vertex 200 22.166666666666668 2.6
      vertex 200 100 20
    endloop
  endfacet
  facet normal 1 0 0
    outer loop
      vertex 200 0 20
      vertex 200 0 1.2
      vertex 200 75.66897918731425 20
    endloop
  endfacet
  facet normal 1 0 0
    outer loop
      vertex 200 55.5 0
      vertex 200 77.83333333333334 2.6
      vertex 200 55.5 2.6
    endloop
  endfacet
  facet normal 1 0 0
    outer loop
      vertex 200 55.5 0
      vertex 200 77.83333333333334 0
      vertex 200 77.83333333333334 2.6
    endloop
  endfacet
  facet normal 1 0 0
    outer loop
      vertex 200 22.166666666666668 2.6
      vertex 200 44.5 2.6
      vertex 200 100 20
    endloop
  endfacet
  facet normal 1 0 0
    outer loop
      vertex 200 44.5 2.6
      vertex 200 55.5 2.6
      vertex 200 100 20
    endloop
  endfacet
  facet normal 1 0 0
    outer loop
      vertex 200 55.5 2.6
      vertex 200 77.83333333333334 2.6
      vertex 200 100 20
    endloop
  endfacet
  facet normal 1 0 0
    outer loop
      vertex 200 88.83333333333334 0
      vertex 200 92 0
      vertex 200 100 20
    endloop
  endfacet
  facet normal 1 0 0
    outer loop
      vertex 200 100 20
      vertex 200 92 0
      vertex 200 100 0
    endloop
  endfacet
  facet normal 1 0 0
    outer loop
      vertex 200 77.83333333333334 2.6
      vertex 200 88.83333333333334 2.6
      vertex 200 100 20
    endloop
  endfacet
  facet normal 1 0 0
    outer loop
      vertex 200 88.83333333333334 0
      vertex 200 100 20
      vertex 200 88.83333333333334 2.6
    endloop
  endfacet
  facet normal 1 0 0
    outer loop
      vertex 200 11.166666666666668 2.6
      vertex 200 100 20
      vertex 200 75.66897918731425 20
    endloop
  endfacet
  facet normal 0 -1 0
    outer loop
      vertex 0 0 20
      vertex 0 0 1.2
      vertex 8 0 1.2
    endloop
  endfacet
  facet normal 0 -1 0
    outer loop
      vertex 200 0 20
      vertex 8 0 1.2
      vertex 8 0 0
    endloop
  endfacet
  facet normal 0 -1 0
    outer loop
      vertex 0 0 20
      vertex 8 0 1.2
      vertex 200 0 20
    endloop
  endfacet
  facet normal 0 -1 0
    outer loop
      vertex 8 0 0
      vertex 200 0 0
      vertex 199.5 0 1.2
    endloop
  endfacet
  facet normal 0 -1 0
    outer loop
      vertex 200 0 20
      vertex 8 0 0
      vertex 199.5 0 1.2
    endloop
  endfacet
  facet normal 0 -1 0
    outer loop
      vertex 200 0 20
      vertex 199.5 0 1.2
      vertex 200 0 1.2
    endloop
  endfacet
  facet normal 0 1 0
    outer loop
      vertex 99.99999999999929 100 0
      vertex 0 100 0
      vertex 0.5217391304347829 100 1.2
    endloop
  endfacet
  facet normal 0 1 0
    outer loop
      vertex 0 100 20
      vertex 0.5217391304347829 100 1.2
      vertex 0 100 1.2
    endloop
  endfacet
  facet normal 0 1 0
    outer loop
      vertex 99.99999999999929 100 0
      vertex 0.5217391304347829 100 1.2
      vertex 0 100 20
    endloop
  endfacet
  facet normal 0 1 0
    outer loop
      vertex 99.99999999999929 100 0
      vertex 0 100 20
      vertex 192 100 0.8
    endloop
  endfacet
  facet normal 0 1 0
    outer loop
      vertex 99.99999999999929 100 0
      vertex 192 100 0.8
      vertex 192 100 0
    endloop
  endfacet
  facet normal 0 1 0
    outer loop
      vertex 200 100 20
      vertex 200 100 0
      vertex 192 100 0.8
    endloop
  endfacet
  facet normal 0 1 0
    outer loop
      vertex 0 100 20
      vertex 200 100 20
      vertex 192 100 0.8
    endloop
  endfacet
  facet normal 0 0 -1
    outer loop
      vertex 0 0 0
      vertex 3.1110876271686365 2.6696486203159275 0
      vertex 3.387706508215856 2.521792747981941 0
    endloop
  endfacet
  facet normal 0 0 -1
    outer loop
      vertex 0 0 0
      vertex 2.8686291501015235 2.8686291501015235 0
      vertex 3.1110876271686365 2.6696486203159275 0
    endloop
  endfacet
  facet normal 0 0 -1
    outer loop
      vertex 0 0 0
      vertex 2.6696486203159275 3.1110876271686365 0
      vertex 2.8686291501015235 2.8686291501015235 0
    endloop
  endfacet
  facet normal 0 0 -1
    outer loop
      vertex 0 0 0
      vertex 2.521792747981941 3.387706508215856 0
      vertex 2.6696486203159275 3.1110876271686365 0
    endloop
  endfacet
  facet normal 0 0 -1
    outer loop
      vertex 0 0 0
      vertex 3.387706508215856 2.521792747981941 0
      vertex 3.687855484774195 2.4307435513548312 0
    endloop
  endfacet
  facet normal 0 0 -1
    outer loop
      vertex 2.521792747981941 3.387706508215856 0
      vertex 0 0 0
      vertex 2.4307435513548312 3.687855484774195 0
    endloop
  endfacet
  facet normal 0 0 -1
    outer loop
      vertex 2.4307435513548312 3.687855484774195 0
      vertex 0 0 0
      vertex 2.4 4 0
    endloop
  endfacet
  facet normal 0 0 -1
    outer loop
      vertex 2.4 4 0
      vertex 0 0 0
      vertex 2.4307435513548312 4.312144515225805 0
    endloop
  endfacet
  facet normal 0 0 -1
    outer loop
      vertex 2.4307435513548312 4.312144515225805 0
      vertex 0 0 0
      vertex 2.521792747981941 4.612293491784143 0
    endloop
  endfacet
  facet normal 0 0 -1
    outer loop
      vertex 3.687855484774195 2.4307435513548312 0
      vertex 7.979055637748108 0.011806277201811117 0
      vertex 0 0 0
    endloop
  endfacet
  facet normal 0 0 -1
    outer loop
      vertex 0 0 0
      vertex 7.979055637748108 0.011806277201811117 0
      vertex 8 0 0
    endloop
  endfacet
  facet normal 0 -1 0
    outer loop
      vertex 0 0 0
      vertex 8 0 0
      vertex 8 0 1.2
    endloop
  endfacet
  facet normal 0 0 -1
    outer loop
      vertex 3.687855484774195 2.4307435513548312 0
      vertex 4 2.4 0
      vertex 7.979055637748108 0.011806277201811117 0
    endloop
  endfacet
  facet normal 0 0 -1
    outer loop
      vertex 4 2.4 0
      vertex 4.312144515225805 2.4307435513548312 0
      vertex 8 0.011837267704671023 0
    endloop
  endfacet
  facet normal 0 0 -1
    outer loop
      vertex 4.312144515225805 2.4307435513548312 0
      vertex 4.612293491784143 2.521792747981941 0
      vertex 8 0.011837267704671023 0
    endloop
  endfacet
  facet normal 0 0 -1
    outer loop
      vertex 4.612293491784143 2.521792747981941 0
      vertex 4.8889123728313635 2.6696486203159275 0
      vertex 8 0.011837267704671023 0
    endloop
  endfacet
  facet normal 0 0 -1
    outer loop
      vertex 4.8889123728313635 2.6696486203159275 0
      vertex 5.1313708498984765 2.8686291501015235 0
      vertex 8 0.011837267704671023 0
    endloop
  endfacet
  facet normal 0 0 -1
    outer loop
      vertex 5.1313708498984765 2.8686291501015235 0
      vertex 5.330351379684073 3.1110876271686365 0
      vertex 8 0.011837267704671023 0
    endloop
  endfacet
  facet normal 0 -1 0
    outer loop
      vertex 0 0 0
      vertex 8 0 1.2
      vertex 0 0 1.2
    endloop
  endfacet
  facet normal -1 0 0
    outer loop
      vertex 0 0 0
      vertex 0 0 1.2
      vertex 0 8 1.2
    endloop
  endfacet
  facet normal 0 0 1
    outer loop
      vertex 3.1110876271686365 2.6696486203159275 1.2
      vertex 2.8686291501015235 2.8686291501015235 1.2
      vertex 0.6 0.6 1.2
    endloop
  endfacet
  facet normal 0 0 1
    outer loop
      vertex 2.6696486203159275 3.1110876271686365 1.2
      vertex 0.6 0.6 1.2
      vertex 2.8686291501015235 2.8686291501015235 1.2
    endloop
  endfacet
  facet normal 0 0 1
    outer loop
      vertex 3.1110876271686365 2.6696486203159275 1.2
      vertex 0.6 0.6 1.2
      vertex 3.387706508215856 2.521792747981941 1.2
    endloop
  endfacet
  facet normal 0 0 1
    outer loop
      vertex 3.387706508215856 2.521792747981941 1.2
      vertex 0.6 0.6 1.2
      vertex 3.687855484774195 2.4307435513548312 1.2
    endloop
  endfacet
  facet normal 0 0 1
    outer loop
      vertex 2.6696486203159275 3.1110876271686365 1.2
      vertex 2.521792747981941 3.387706508215856 1.2
      vertex 0.6 0.6 1.2
    endloop
  endfacet
  facet normal 0 0 1
    outer loop
      vertex 2.521792747981941 3.387706508215856 1.2
      vertex 2.4307435513548312 3.687855484774195 1.2
      vertex 0.6 0.6 1.2
    endloop
  endfacet
  facet normal 0 0 1
    outer loop
      vertex 2.4307435513548312 3.687855484774195 1.2
      vertex 2.4 4 1.2
      vertex 0.6 0.6 1.2
    endloop
  endfacet
  facet normal 0 0 1
    outer loop
      vertex 2.4 4 1.2
      vertex 2.4307435513548312 4.312144515225805 1.2
      vertex 0.6 0.6 1.2
    endloop
  endfacet
  facet normal 0 0 1
    outer loop
      vertex 3.687855484774195 2.4307435513548312 1.2
      vertex 0.6 0.6 1.2
      vertex 8 0.6 1.2
    endloop
  endfacet
  facet normal 0 0 1
    outer loop
      vertex 3.687855484774195 2.4307435513548312 1.2
      vertex 8 0.6 1.2
      vertex 4 2.4 1.2
    endloop
  endfacet
  facet normal 0 0 1
    outer loop
      vertex 4 2.4 1.2
      vertex 8 0.6 1.2
      vertex 4.312144515225805 2.4307435513548312 1.2
    endloop
  endfacet
  facet normal 0 0 1
    outer loop
      vertex 4.312144515225805 2.4307435513548312 1.2
      vertex 8 0.6 1.2
      vertex 4.612293491784143 2.521792747981941 1.2
    endloop
  endfacet
  facet normal 0 0 1
    outer loop
      vertex 4.612293491784143 2.521792747981941 1.2
      vertex 8 0.6 1.2
      vertex 4.8889123728313635 2.6696486203159275 1.2
    endloop
  endfacet
  facet normal 0 0 1
    outer loop
      vertex 4.8889123728313635 2.6696486203159275 1.2
      vertex 8 0.6 1.2
      vertex 5.1313708498984765 2.8686291501015235 1.2
    endloop
  endfacet
  facet normal 0 0 1
    outer loop
      vertex 5.1313708498984765 2.8686291501015235 1.2
      vertex 8 0.6 1.2
      vertex 5.330351379684073 3.1110876271686365 1.2
    endloop
  endfacet
  facet normal 0 0 -1
    outer loop
      vertex 2.6696486203159275 4.8889123728313635 0
      vertex 0 0 0
      vertex 0.4133190750337846 7.692327229795437 0
    endloop
  endfacet
  facet normal 0 0 -1
    outer loop
      vertex 2.521792747981941 4.612293491784143 0
      vertex 0 0 0
      vertex 2.6696486203159275 4.8889123728313635 0
    endloop
  endfacet
  facet normal 0 0 -1
    outer loop
      vertex 2.6696486203159275 4.8889123728313635 0
      vertex 0.4133190750337846 7.692327229795437 0
      vertex 2.8686291501015235 5.1313708498984765 0
    endloop
  endfacet
  facet normal 0 0 -1
    outer loop
      vertex 2.8686291501015235 5.1313708498984765 0
      vertex 0.4133190750337846 7.692327229795437 0
      vertex 3.1110876271686365 5.330351379684073 0
    endloop
  endfacet
  facet normal 0 0 -1
    outer loop
      vertex 3.1110876271686365 5.330351379684073 0
      vertex 0.4133190750337846 7.692327229795437 0
      vertex 3.387706508215856 5.478207252018059 0
    endloop
  endfacet
  facet normal -1 0 0
    outer loop
      vertex 0 0 0
      vertex 0 8 1.2
      vertex 0 8 0
    endloop
  endfacet
  facet normal 0 0 -1
    outer loop
      vertex 5.330351379684073 4.8889123728313635 0
      vertex 5.1313708498984765 5.1313708498984765 0
      vertex 8 8 0
    endloop
  endfacet
  facet normal 0 0 -1
    outer loop
      vertex 4.8889123728313635 5.330351379684073 0
      vertex 8 8 0
      vertex 5.1313708498984765 5.1313708498984765 0
    endloop
  endfacet
  facet normal 0 0 1
    outer loop
      vertex 2.4307435513548312 4.312144515225805 1.2
      vertex 0.6 8 1.2
      vertex 0.6 0.6 1.2
    endloop
  endfacet
  facet normal 0 0 1
    outer loop
      vertex 2.4307435513548312 4.312144515225805 1.2
      vertex 2.521792747981941 4.612293491784143 1.2
      vertex 0.6 8 1.2
    endloop
  endfacet
  facet normal 0 0 1
    outer loop
      vertex 2.521792747981941 4.612293491784143 1.2
      vertex 2.6696486203159275 4.8889123728313635 1.2
      vertex 0.6 8 1.2
    endloop
  endfacet
  facet normal 0 0 1
    outer loop
      vertex 2.6696486203159275 4.8889123728313635 1.2
      vertex 2.8686291501015235 5.1313708498984765 1.2
      vertex 0.6 8 1.2
    endloop
  endfacet
  facet normal 0 0 1
    outer loop
      vertex 2.8686291501015235 5.1313708498984765 1.2
      vertex 3.1110876271686365 5.330351379684073 1.2
      vertex 0.6 8 1.2
    endloop
  endfacet
  facet normal 0 0 1
    outer loop
      vertex 5.330351379684073 4.8889123728313635 1.2
      vertex 8 8 1.2
      vertex 5.1313708498984765 5.1313708498984765 1.2
    endloop
  endfacet
  facet normal 0 0 1
    outer loop
      vertex 4.8889123728313635 5.330351379684073 1.2
      vertex 5.1313708498984765 5.1313708498984765 1.2
      vertex 8 8 1.2
    endloop
  endfacet
  facet normal 0 0 -1
    outer loop
      vertex 4 2.4 0
      vertex 8 0.011837267704671023 0
      vertex 7.979055637748108 0.011806277201811117 0
    endloop
  endfacet
  facet normal 0 0 -1
    outer loop
      vertex 5.569256448645168 3.687855484774195 0
      vertex 8 0.14663951120162932 0
      vertex 8 0.011837267704671023 0
    endloop
  endfacet
  facet normal 0 0 -1
    outer loop
      vertex 5.569256448645168 3.687855484774195 0
      vertex 8 0.6 0
      vertex 8 0.14663951120162932 0
    endloop
  endfacet
  facet normal 0 0 -1
    outer loop
      vertex 5.330351379684073 3.1110876271686365 0
      vertex 5.478207252018059 3.387706508215856 0
      vertex 8 0.011837267704671023 0
    endloop
  endfacet
  facet normal 0 0 -1
    outer loop
      vertex 5.478207252018059 3.387706508215856 0
      vertex 5.569256448645168 3.687855484774195 0
      vertex 8 0.011837267704671023 0
    endloop
  endfacet
  facet normal 1 0 0
    outer loop
      vertex 8 8 0
      vertex 8 0.6 1.2
      vertex 8 0.6 0
    endloop
  endfacet
  facet normal 0 0 1
    outer loop
      vertex 5.330351379684073 3.1110876271686365 1.2
      vertex 8 0.6 1.2
      vertex 5.478207252018059 3.387706508215856 1.2
    endloop
  endfacet
  facet normal 0 0 -1
    outer loop
      vertex 8 8 0
      vertex 8 0.6 0
      vertex 5.569256448645168 3.687855484774195 0
    endloop
  endfacet
  facet normal 0 0 -1
    outer loop
      vertex 5.569256448645168 3.687855484774195 0
      vertex 5.6 4 0
      vertex 8 8 0
    endloop
  endfacet
  facet normal 0 0 -1
    outer loop
      vertex 5.6 4 0
      vertex 5.569256448645168 4.312144515225805 0
      vertex 8 8 0
    endloop
  endfacet
  facet normal 0 0 -1
    outer loop
      vertex 5.569256448645168 4.312144515225805 0
      vertex 5.478207252018059 4.612293491784143 0
      vertex 8 8 0
    endloop
  endfacet
  facet normal 0 0 -1
    outer loop
      vertex 5.478207252018059 4.612293491784143 0
      vertex 5.330351379684073 4.8889123728313635 0
      vertex 8 8 0
    endloop
  endfacet
  facet normal 0 0 1
    outer loop
      vertex 5.478207252018059 3.387706508215856 1.2
      vertex 8 0.6 1.2
      vertex 8 8 1.2
    endloop
  endfacet
  facet normal 1 0 0
    outer loop
      vertex 8 8 0
      vertex 8 8 1.2
      vertex 8 0.6 1.2
    endloop
  endfacet
  facet normal 0 0 1
    outer loop
      vertex 5.478207252018059 3.387706508215856 1.2
      vertex 8 8 1.2
      vertex 5.569256448645168 3.687855484774195 1.2
    endloop
  endfacet
  facet normal 0 0 1
    outer loop
      vertex 5.569256448645168 3.687855484774195 1.2
      vertex 8 8 1.2
      vertex 5.6 4 1.2
    endloop
  endfacet
  facet normal 0 0 1
    outer loop
      vertex 5.6 4 1.2
      vertex 8 8 1.2
      vertex 5.569256448645168 4.312144515225805 1.2
    endloop
  endfacet
  facet normal 0 0 1
    outer loop
      vertex 5.569256448645168 4.312144515225805 1.2
      vertex 8 8 1.2
      vertex 5.478207252018059 4.612293491784143 1.2
    endloop
  endfacet
  facet normal 0 0 1
    outer loop
      vertex 5.478207252018059 4.612293491784143 1.2
      vertex 8 8 1.2
      vertex 5.330351379684073 4.8889123728313635 1.2
    endloop
  endfacet
  facet normal 0 0 -1
    outer loop
      vertex 3.387706508215856 5.478207252018059 0
      vertex 0.4133190750337846 7.692327229795437 0
      vertex 0.6 8 0
    endloop
  endfacet
  facet normal 0 0 -1
    outer loop
      vertex 3.387706508215856 5.478207252018059 0
      vertex 0.6 8 0
      vertex 8 8 0
    endloop
  endfacet
  facet normal 0 0 -1
    outer loop
      vertex 3.387706508215856 5.478207252018059 0
      vertex 8 8 0
      vertex 3.687855484774195 5.569256448645168 0
    endloop
  endfacet
  facet normal 0 0 -1
    outer loop
      vertex 3.687855484774195 5.569256448645168 0
      vertex 8 8 0
      vertex 4 5.6 0
    endloop
  endfacet
  facet normal 0 0 -1
    outer loop
      vertex 4 5.6 0
      vertex 8 8 0
      vertex 4.312144515225805 5.569256448645168 0
    endloop
  endfacet
  facet normal 0 0 -1
    outer loop
      vertex 4.312144515225805 5.569256448645168 0
      vertex 8 8 0
      vertex 4.612293491784143 5.478207252018059 0
    endloop
  endfacet
  facet normal 0 0 -1
    outer loop
      vertex 4.612293491784143 5.478207252018059 0
      vertex 8 8 0
      vertex 4.8889123728313635 5.330351379684073 0
    endloop
  endfacet
  facet normal 0 1 0
    outer loop
      vertex 8 8 0
      vertex 0.6 8 0
      vertex 8 8 1.2
    endloop
  endfacet
  facet normal 0 0 1
    outer loop
      vertex 3.1110876271686365 5.330351379684073 1.2
      vertex 3.387706508215856 5.478207252018059 1.2
      vertex 0.6 8 1.2
    endloop
  endfacet
  facet normal 0 0 1
    outer loop
      vertex 3.387706508215856 5.478207252018059 1.2
      vertex 3.687855484774195 5.569256448645168 1.2
      vertex 0.6 8 1.2
    endloop
  endfacet
  facet normal 0 0 1
    outer loop
      vertex 3.687855484774195 5.569256448645168 1.2
      vertex 4 5.6 1.2
      vertex 0.6 8 1.2
    endloop
  endfacet
  facet normal 0 0 1
    outer loop
      vertex 4 5.6 1.2
      vertex 4.312144515225805 5.569256448645168 1.2
      vertex 0.6 8 1.2
    endloop
  endfacet
  facet normal 0 1 0
    outer loop
      vertex 8 8 1.2
      vertex 0.6 8 0
      vertex 0.6 8 1.2
    endloop
  endfacet
  facet normal 0 0 1
    outer loop
      vertex 4.312144515225805 5.569256448645168 1.2
      vertex 4.612293491784143 5.478207252018059 1.2
      vertex 0.6 8 1.2
    endloop
  endfacet
  facet normal 0 0 1
    outer loop
      vertex 4.612293491784143 5.478207252018059 1.2
      vertex 8 8 1.2
      vertex 0.6 8 1.2
    endloop
  endfacet
  facet normal 0 0 1
    outer loop
      vertex 4.612293491784143 5.478207252018059 1.2
      vertex 4.8889123728313635 5.330351379684073 1.2
      vertex 8 8 1.2
    endloop
  endfacet
  facet normal 0.634393284163644 0.7730104533627381 4.0085624263053994e-18
    outer loop
      vertex 3.1110876271686365 2.6696486203159275 0
      vertex 2.8686291501015235 2.8686291501015235 0
      vertex 2.8686291501015235 2.8686291501015235 1.2
    endloop
  endfacet
  facet normal 0.7730104533627381 0.634393284163644 0
    outer loop
      vertex 2.6696486203159275 3.1110876271686365 0
      vertex 2.6696486203159275 3.1110876271686365 1.2
      vertex 2.8686291501015235 2.8686291501015235 0
    endloop
  endfacet
  facet normal 0.29028467725446133 0.9569403357322092 0
    outer loop
      vertex 3.387706508215856 2.521792747981941 0
      vertex 3.387706508215856 2.521792747981941 1.2
      vertex 3.687855484774195 2.4307435513548312 0
    endloop
  endfacet
  facet normal 0.47139673682599864 0.8819212643483545 0
    outer loop
      vertex 3.1110876271686365 2.6696486203159275 0
      vertex 3.1110876271686365 2.6696486203159275 1.2
      vertex 3.387706508215856 2.521792747981941 0
    endloop
  endfacet
  facet normal 0.09801714032956071 0.9951847266721968 0
    outer loop
      vertex 3.687855484774195 2.4307435513548312 0
      vertex 3.687855484774195 2.4307435513548312 1.2
      vertex 4 2.4 0
    endloop
  endfacet
  facet normal -0.09801714032956071 0.9951847266721968 0
    outer loop
      vertex 4 2.4 0
      vertex 4 2.4 1.2
      vertex 4.312144515225805 2.4307435513548312 0
    endloop
  endfacet
  facet normal -0.2902846772544617 0.9569403357322089 0
    outer loop
      vertex 4.312144515225805 2.4307435513548312 0
      vertex 4.312144515225805 2.4307435513548312 1.2
      vertex 4.612293491784143 2.521792747981941 0
    endloop
  endfacet
  facet normal -0.471396736825998 0.8819212643483548 0
    outer loop
      vertex 4.612293491784143 2.521792747981941 0
      vertex 4.612293491784143 2.521792747981941 1.2
      vertex 4.8889123728313635 2.6696486203159275 0
    endloop
  endfacet
  facet normal -0.634393284163644 0.7730104533627381 0
    outer loop
      vertex 4.8889123728313635 2.6696486203159275 0
      vertex 4.8889123728313635 2.6696486203159275 1.2
      vertex 5.1313708498984765 2.8686291501015235 0
    endloop
  endfacet
  facet normal -0.7730104533627374 0.6343932841636448 0
    outer loop
      vertex 5.1313708498984765 2.8686291501015235 0
      vertex 5.1313708498984765 2.8686291501015235 1.2
      vertex 5.330351379684073 3.1110876271686365 0
    endloop
  endfacet
  facet normal 0.634393284163644 0.7730104533627381 0
    outer loop
      vertex 3.1110876271686365 2.6696486203159275 0
      vertex 2.8686291501015235 2.8686291501015235 1.2
      vertex 3.1110876271686365 2.6696486203159275 1.2
    endloop
  endfacet
  facet normal 0.7730104533627381 0.634393284163644 0
    outer loop
      vertex 2.8686291501015235 2.8686291501015235 0
      vertex 2.6696486203159275 3.1110876271686365 1.2
      vertex 2.8686291501015235 2.8686291501015235 1.2
    endloop
  endfacet
  facet normal 0.47139673682599864 0.8819212643483545 0
    outer loop
      vertex 3.387706508215856 2.521792747981941 0
      vertex 3.1110876271686365 2.6696486203159275 1.2
      vertex 3.387706508215856 2.521792747981941 1.2
    endloop
  endfacet
  facet normal 0.29028467725446133 0.9569403357322092 0
    outer loop
      vertex 3.687855484774195 2.4307435513548312 0
      vertex 3.387706508215856 2.521792747981941 1.2
      vertex 3.687855484774195 2.4307435513548312 1.2
    endloop
  endfacet
  facet normal 0.09801714032956071 0.9951847266721968 0
    outer loop
      vertex 4 2.4 0
      vertex 3.687855484774195 2.4307435513548312 1.2
      vertex 4 2.4 1.2
    endloop
  endfacet
  facet normal -0.09801714032956071 0.9951847266721968 0
    outer loop
      vertex 4.312144515225805 2.4307435513548312 0
      vertex 4 2.4 1.2
      vertex 4.312144515225805 2.4307435513548312 1.2
    endloop
  endfacet
  facet normal -0.2902846772544617 0.9569403357322089 0
    outer loop
      vertex 4.612293491784143 2.521792747981941 0
      vertex 4.312144515225805 2.4307435513548312 1.2
      vertex 4.612293491784143 2.521792747981941 1.2
    endloop
  endfacet
  facet normal -0.471396736825998 0.8819212643483548 0
    outer loop
      vertex 4.8889123728313635 2.6696486203159275 0
      vertex 4.612293491784143 2.521792747981941 1.2
      vertex 4.8889123728313635 2.6696486203159275 1.2
    endloop
  endfacet
  facet normal -0.634393284163644 0.7730104533627381 0
    outer loop
      vertex 5.1313708498984765 2.8686291501015235 0
      vertex 4.8889123728313635 2.6696486203159275 1.2
      vertex 5.1313708498984765 2.8686291501015235 1.2
    endloop
  endfacet
  facet normal -0.7730104533627374 0.6343932841636448 0
    outer loop
      vertex 5.330351379684073 3.1110876271686365 0
      vertex 5.1313708498984765 2.8686291501015235 1.2
      vertex 5.330351379684073 3.1110876271686365 1.2
    endloop
  endfacet
  facet normal 0.8819212643483545 0.47139673682599864 6.011861788385181e-18
    outer loop
      vertex 2.6696486203159275 3.1110876271686365 0
      vertex 2.521792747981941 3.387706508215856 0
      vertex 2.521792747981941 3.387706508215856 1.2
    endloop
  endfacet
  facet normal 0.9569403357322092 0.29028467725446133 -3.559942162207952e-19
    outer loop
      vertex 2.521792747981941 3.387706508215856 0
      vertex 2.4307435513548312 3.687855484774195 0
      vertex 2.4307435513548312 3.687855484774195 1.2
    endloop
  endfacet
  facet normal 0.9951847266721968 0.09801714032956071 1.7116979137877285e-18
    outer loop
      vertex 2.4307435513548312 3.687855484774195 0
      vertex 2.4 4 0
      vertex 2.4 4 1.2
    endloop
  endfacet
  facet normal 0.9951847266721968 -0.09801714032956071 -1.7116979137877285e-18
    outer loop
      vertex 2.4 4 0
      vertex 2.4307435513548312 4.312144515225805 0
      vertex 2.4307435513548312 4.312144515225805 1.2
    endloop
  endfacet
  facet normal 0.9569403357322089 -0.2902846772544617 3.5426117127100134e-18
    outer loop
      vertex 2.4307435513548312 4.312144515225805 0
      vertex 2.521792747981941 4.612293491784143 0
      vertex 2.521792747981941 4.612293491784143 1.2
    endloop
  endfacet
  facet normal 0.8819212643483548 -0.471396736825998 2.5196827607844663e-18
    outer loop
      vertex 2.521792747981941 4.612293491784143 0
      vertex 2.6696486203159275 4.8889123728313635 0
      vertex 2.6696486203159275 4.8889123728313635 1.2
    endloop
  endfacet
  facet normal 0.7730104533627381 -0.634393284163644 -4.0085624263053994e-18
    outer loop
      vertex 2.6696486203159275 4.8889123728313635 0
      vertex 2.8686291501015235 5.1313708498984765 0
      vertex 2.8686291501015235 5.1313708498984765 1.2
    endloop
  endfacet
  facet normal 0.6343932841636448 -0.7730104533627374 5.52895137906456e-18
    outer loop
      vertex 2.8686291501015235 5.1313708498984765 0
      vertex 3.1110876271686365 5.330351379684073 0
      vertex 3.1110876271686365 5.330351379684073 1.2
    endloop
  endfacet
  facet normal -0.8819212643483552 0.4713967368259976 0
    outer loop
      vertex 5.330351379684073 3.1110876271686365 0
      vertex 5.330351379684073 3.1110876271686365 1.2
      vertex 5.478207252018059 3.387706508215856 0
    endloop
  endfacet
  facet normal -0.9569403357322096 0.29028467725446 0
    outer loop
      vertex 5.478207252018059 3.387706508215856 0
      vertex 5.478207252018059 3.387706508215856 1.2
      vertex 5.569256448645168 3.687855484774195 0
    endloop
  endfacet
  facet normal -0.9951847266721968 0.09801714032956071 0
    outer loop
      vertex 5.569256448645168 3.687855484774195 0
      vertex 5.569256448645168 3.687855484774195 1.2
      vertex 5.6 4 0
    endloop
  endfacet
  facet normal -0.9951847266721968 -0.09801714032956071 0
    outer loop
      vertex 5.6 4 0
      vertex 5.6 4 1.2
      vertex 5.569256448645168 4.312144515225805 0
    endloop
  endfacet
  facet normal -0.9569403357322094 -0.2902846772544604 0
    outer loop
      vertex 5.569256448645168 4.312144515225805 0
      vertex 5.569256448645168 4.312144515225805 1.2
      vertex 5.478207252018059 4.612293491784143 0
    endloop
  endfacet
  facet normal 0.4713967368259976 -0.8819212643483552 -5.477081104892221e-19
    outer loop
      vertex 3.1110876271686365 5.330351379684073 0
      vertex 3.387706508215856 5.478207252018059 0
      vertex 3.387706508215856 5.478207252018059 1.2
    endloop
  endfacet
  facet normal 0.29028467725446 -0.9569403357322096 -3.506897502820775e-18
    outer loop
      vertex 3.387706508215856 5.478207252018059 0
      vertex 3.687855484774195 5.569256448645168 0
      vertex 3.687855484774195 5.569256448645168 1.2
    endloop
  endfacet
  facet normal 0.09801714032956071 -0.9951847266721968 -1.7116979137877285e-18
    outer loop
      vertex 3.687855484774195 5.569256448645168 0
      vertex 4 5.6 0
      vertex 4 5.6 1.2
    endloop
  endfacet
  facet normal -0.09801714032956071 -0.9951847266721968 1.7116979137877285e-18
    outer loop
      vertex 4 5.6 0
      vertex 4.312144515225805 5.569256448645168 0
      vertex 4.312144515225805 5.569256448645168 1.2
    endloop
  endfacet
  facet normal -0.2902846772544604 -0.9569403357322094 3.2028000633103606e-19
    outer loop
      vertex 4.312144515225805 5.569256448645168 0
      vertex 4.612293491784143 5.478207252018059 0
      vertex 4.612293491784143 5.478207252018059 1.2
    endloop
  endfacet
  facet normal -0.8819212643483555 -0.4713967368259969 0
    outer loop
      vertex 5.478207252018059 4.612293491784143 0
      vertex 5.478207252018059 4.612293491784143 1.2
      vertex 5.330351379684073 4.8889123728313635 0
    endloop
  endfacet
  facet normal -0.7730104533627374 -0.6343932841636448 0
    outer loop
      vertex 5.330351379684073 4.8889123728313635 0
      vertex 5.330351379684073 4.8889123728313635 1.2
      vertex 5.1313708498984765 5.1313708498984765 0
    endloop
  endfacet
  facet normal -0.6343932841636448 -0.7730104533627374 -5.52895137906456e-18
    outer loop
      vertex 4.8889123728313635 5.330351379684073 0
      vertex 5.1313708498984765 5.1313708498984765 0
      vertex 5.1313708498984765 5.1313708498984765 1.2
    endloop
  endfacet
  facet normal -0.4713967368259969 -0.8819212643483555 -7.9838364386799e-18
    outer loop
      vertex 4.612293491784143 5.478207252018059 0
      vertex 4.8889123728313635 5.330351379684073 0
      vertex 4.8889123728313635 5.330351379684073 1.2
    endloop
  endfacet
  facet normal 0.8819212643483545 0.47139673682599864 0
    outer loop
      vertex 2.6696486203159275 3.1110876271686365 0
      vertex 2.521792747981941 3.387706508215856 1.2
      vertex 2.6696486203159275 3.1110876271686365 1.2
    endloop
  endfacet
  facet normal 0.9569403357322092 0.29028467725446133 0
    outer loop
      vertex 2.521792747981941 3.387706508215856 0
      vertex 2.4307435513548312 3.687855484774195 1.2
      vertex 2.521792747981941 3.387706508215856 1.2
    endloop
  endfacet
  facet normal 0.9951847266721968 0.09801714032956071 0
    outer loop
      vertex 2.4307435513548312 3.687855484774195 0
      vertex 2.4 4 1.2
      vertex 2.4307435513548312 3.687855484774195 1.2
    endloop
  endfacet
  facet normal 0.9951847266721968 -0.09801714032956071 0
    outer loop
      vertex 2.4 4 0
      vertex 2.4307435513548312 4.312144515225805 1.2
      vertex 2.4 4 1.2
    endloop
  endfacet
  facet normal 0.9569403357322089 -0.2902846772544617 0
    outer loop
      vertex 2.4307435513548312 4.312144515225805 0
      vertex 2.521792747981941 4.612293491784143 1.2
      vertex 2.4307435513548312 4.312144515225805 1.2
    endloop
  endfacet
  facet normal 0.8819212643483548 -0.471396736825998 0
    outer loop
      vertex 2.521792747981941 4.612293491784143 0
      vertex 2.6696486203159275 4.8889123728313635 1.2
      vertex 2.521792747981941 4.612293491784143 1.2
    endloop
  endfacet
  facet normal 0.7730104533627381 -0.634393284163644 0
    outer loop
      vertex 2.6696486203159275 4.8889123728313635 0
      vertex 2.8686291501015235 5.1313708498984765 1.2
      vertex 2.6696486203159275 4.8889123728313635 1.2
    endloop
  endfacet
  facet normal 0.6343932841636448 -0.7730104533627374 0
    outer loop
      vertex 2.8686291501015235 5.1313708498984765 0
      vertex 3.1110876271686365 5.330351379684073 1.2
      vertex 2.8686291501015235 5.1313708498984765 1.2
    endloop
  endfacet
  facet normal -0.8819212643483552 0.4713967368259976 0
    outer loop
      vertex 5.478207252018059 3.387706508215856 0
      vertex 5.330351379684073 3.1110876271686365 1.2
      vertex 5.478207252018059 3.387706508215856 1.2
    endloop
  endfacet
  facet normal -0.9569403357322096 0.29028467725446 0
    outer loop
      vertex 5.569256448645168 3.687855484774195 0
      vertex 5.478207252018059 3.387706508215856 1.2
      vertex 5.569256448645168 3.687855484774195 1.2
    endloop
  endfacet
  facet normal -0.9951847266721968 0.09801714032956071 0
    outer loop
      vertex 5.6 4 0
      vertex 5.569256448645168 3.687855484774195 1.2
      vertex 5.6 4 1.2
    endloop
  endfacet
  facet normal -0.9951847266721968 -0.09801714032956071 0
    outer loop
      vertex 5.569256448645168 4.312144515225805 0
      vertex 5.6 4 1.2
      vertex 5.569256448645168 4.312144515225805 1.2
    endloop
  endfacet
  facet normal -0.9569403357322094 -0.2902846772544604 0
    outer loop
      vertex 5.478207252018059 4.612293491784143 0
      vertex 5.569256448645168 4.312144515225805 1.2
      vertex 5.478207252018059 4.612293491784143 1.2
    endloop
  endfacet
  facet normal 0.4713967368259976 -0.8819212643483552 0
    outer loop
      vertex 3.1110876271686365 5.330351379684073 0
      vertex 3.387706508215856 5.478207252018059 1.2
      vertex 3.1110876271686365 5.330351379684073 1.2
    endloop
  endfacet
  facet normal 0.29028467725446 -0.9569403357322096 0
    outer loop
      vertex 3.387706508215856 5.478207252018059 0
      vertex 3.687855484774195 5.569256448645168 1.2
      vertex 3.387706508215856 5.478207252018059 1.2
    endloop
  endfacet
  facet normal 0.09801714032956071 -0.9951847266721968 0
    outer loop
      vertex 3.687855484774195 5.569256448645168 0
      vertex 4 5.6 1.2
      vertex 3.687855484774195 5.569256448645168 1.2
    endloop
  endfacet
  facet normal -0.09801714032956071 -0.9951847266721968 0
    outer loop
      vertex 4 5.6 0
      vertex 4.312144515225805 5.569256448645168 1.2
      vertex 4 5.6 1.2
    endloop
  endfacet
  facet normal -0.2902846772544604 -0.9569403357322094 0
    outer loop
      vertex 4.312144515225805 5.569256448645168 0
      vertex 4.612293491784143 5.478207252018059 1.2
      vertex 4.312144515225805 5.569256448645168 1.2
    endloop
  endfacet
  facet normal -0.8819212643483555 -0.4713967368259969 0
    outer loop
      vertex 5.330351379684073 4.8889123728313635 0
      vertex 5.478207252018059 4.612293491784143 1.2
      vertex 5.330351379684073 4.8889123728313635 1.2
    endloop
  endfacet
  facet normal -0.7730104533627374 -0.6343932841636448 0
    outer loop
      vertex 5.1313708498984765 5.1313708498984765 0
      vertex 5.330351379684073 4.8889123728313635 1.2
      vertex 5.1313708498984765 5.1313708498984765 1.2
    endloop
  endfacet
  facet normal -0.6343932841636448 -0.7730104533627374 0
    outer loop
      vertex 4.8889123728313635 5.330351379684073 0
      vertex 5.1313708498984765 5.1313708498984765 1.2
      vertex 4.8889123728313635 5.330351379684073 1.2
    endloop
  endfacet
  facet normal -0.4713967368259969 -0.8819212643483555 0
    outer loop
      vertex 4.612293491784143 5.478207252018059 0
      vertex 4.8889123728313635 5.330351379684073 1.2
      vertex 4.612293491784143 5.478207252018059 1.2
    endloop
  endfacet
  facet normal 0 -1 0
    outer loop
      vertex 8 92 0
      vertex 0.6 92 1.2
      vertex 0.6 92 0
    endloop
  endfacet
  facet normal 0 0 -1
    outer loop
      vertex 4.612293491784143 94.52179274798195 0
      vertex 0.17981072555205 92 0
      vertex 0.17760600128899584 92 0
    endloop
  endfacet
  facet normal 0 0 -1
    outer loop
      vertex 0.6 92 0
      vertex 0.17981072555205 92 0
      vertex 4.612293491784143 94.52179274798195 0
    endloop
  endfacet
  facet normal 0 0 -1
    outer loop
      vertex 3.1110876271686365 94.66964862031593 0
      vertex 3.387706508215856 94.52179274798195 0
      vertex 0.17760600128899584 92 0
    endloop
  endfacet
  facet normal 0 0 -1
    outer loop
      vertex 3.387706508215856 94.52179274798195 0
      vertex 3.687855484774195 94.43074355135484 0
      vertex 0.17760600128899584 92 0
    endloop
  endfacet
  facet normal 0 0 -1
    outer loop
      vertex 3.687855484774195 94.43074355135484 0
      vertex 4 94.4 0
      vertex 0.17760600128899584 92 0
    endloop
  endfacet
  facet normal 0 0 -1
    outer loop
      vertex 4 94.4 0
      vertex 4.312144515225805 94.43074355135484 0
      vertex 0.17760600128899584 92 0
    endloop
  endfacet
  facet normal 0 0 -1
    outer loop
      vertex 4.312144515225805 94.43074355135484 0
      vertex 4.612293491784143 94.52179274798195 0
      vertex 0.17760600128899584 92 0
    endloop
  endfacet
  facet normal 0 0 -1
    outer loop
      vertex 8 92 0
      vertex 0.6 92 0
      vertex 4.612293491784143 94.52179274798195 0
    endloop
  endfacet
  facet normal 0 0 -1
    outer loop
      vertex 8 92 0
      vertex 4.612293491784143 94.52179274798195 0
      vertex 4.8889123728313635 94.66964862031593 0
    endloop
  endfacet
  facet normal 0 0 1
    outer loop
      vertex 3.1110876271686365 94.66964862031593 1.2
      vertex 0.6 92 1.2
      vertex 3.387706508215856 94.52179274798195 1.2
    endloop
  endfacet
  facet normal 0 -1 0
    outer loop
      vertex 8 92 0
      vertex 8 92 1.2
      vertex 0.6 92 1.2
    endloop
  endfacet
  facet normal 0 0 1
    outer loop
      vertex 8 92 1.2
      vertex 3.387706508215856 94.52179274798195 1.2
      vertex 0.6 92 1.2
    endloop
  endfacet
  facet normal 0 0 1
    outer loop
      vertex 8 92 1.2
      vertex 3.687855484774195 94.43074355135484 1.2
      vertex 3.387706508215856 94.52179274798195 1.2
    endloop
  endfacet
  facet normal 0 0 1
    outer loop
      vertex 8 92 1.2
      vertex 4 94.4 1.2
      vertex 3.687855484774195 94.43074355135484 1.2
    endloop
  endfacet
  facet normal 0 0 1
    outer loop
      vertex 8 92 1.2
      vertex 4.312144515225805 94.43074355135484 1.2
      vertex 4 94.4 1.2
    endloop
  endfacet
  facet normal 0 0 1
    outer loop
      vertex 8 92 1.2
      vertex 4.612293491784143 94.52179274798195 1.2
      vertex 4.312144515225805 94.43074355135484 1.2
    endloop
  endfacet
  facet normal 0 0 1
    outer loop
      vertex 8 92 1.2
      vertex 4.8889123728313635 94.66964862031593 1.2
      vertex 4.612293491784143 94.52179274798195 1.2
    endloop
  endfacet
  facet normal 0 0 -1
    outer loop
      vertex 2.8686291501015235 94.86862915010153 0
      vertex 0.17760600128899584 92 0
      vertex 2.6696486203159275 95.11108762716864 0
    endloop
  endfacet
  facet normal 0 0 -1
    outer loop
      vertex 3.1110876271686365 94.66964862031593 0
      vertex 0.17760600128899584 92 0
      vertex 2.8686291501015235 94.86862915010153 0
    endloop
  endfacet
  facet normal 0 0 -1
    outer loop
      vertex 2.6696486203159275 95.11108762716864 0
      vertex 0.17760600128899584 92 0
      vertex 2.521792747981941 95.38770650821586 0
    endloop
  endfacet
  facet normal 0 0 -1
    outer loop
      vertex 2.521792747981941 95.38770650821586 0
      vertex 0.17760600128899584 92 0
      vertex 2.4307435513548312 95.68785548477419 0
    endloop
  endfacet
  facet normal 0 0 -1
    outer loop
      vertex 2.4307435513548312 95.68785548477419 0
      vertex 0.17760600128899584 92 0
      vertex 2.4 96 0
    endloop
  endfacet
  facet normal 0 0 -1
    outer loop
      vertex 2.4 96 0
      vertex 0.17760600128899584 92 0
      vertex 2.4307435513548312 96.31214451522581 0
    endloop
  endfacet
  facet normal 0 0 -1
    outer loop
      vertex 2.4307435513548312 96.31214451522581 0
      vertex 0.17760600128899584 92 0
      vertex 2.521792747981941 96.61229349178414 0
    endloop
  endfacet
  facet normal 0 0 -1
    outer loop
      vertex 2.521792747981941 96.61229349178414 0
      vertex 0.17760600128899584 92 0
      vertex 0.5878714465610227 99.31492123351227 0
    endloop
  endfacet
  facet normal 0 0 -1
    outer loop
      vertex 8 92 0
      vertex 4.8889123728313635 94.66964862031593 0
      vertex 5.1313708498984765 94.86862915010153 0
    endloop
  endfacet
  facet normal 0 0 -1
    outer loop
      vertex 8 92 0
      vertex 5.1313708498984765 94.86862915010153 0
      vertex 5.330351379684073 95.11108762716864 0
    endloop
  endfacet
  facet normal 0 0 1
    outer loop
      vertex 3.1110876271686365 94.66964862031593 1.2
      vertex 2.8686291501015235 94.86862915010153 1.2
      vertex 0.6 92 1.2
    endloop
  endfacet
  facet normal 0 0 1
    outer loop
      vertex 2.8686291501015235 94.86862915010153 1.2
      vertex 2.6696486203159275 95.11108762716864 1.2
      vertex 0.6 92 1.2
    endloop
  endfacet
  facet normal 0 0 1
    outer loop
      vertex 2.6696486203159275 95.11108762716864 1.2
      vertex 2.521792747981941 95.38770650821586 1.2
      vertex 0.6 92 1.2
    endloop
  endfacet
  facet normal 0 0 1
    outer loop
      vertex 2.521792747981941 95.38770650821586 1.2
      vertex 2.4307435513548312 95.68785548477419 1.2
      vertex 0.6 92 1.2
    endloop
  endfacet
  facet normal 0 0 1
    outer loop
      vertex 2.4307435513548312 95.68785548477419 1.2
      vertex 2.4 96 1.2
      vertex 0.6 92 1.2
    endloop
  endfacet
  facet normal 0 0 1
    outer loop
      vertex 2.4 96 1.2
      vertex 2.4307435513548312 96.31214451522581 1.2
      vertex 0.6 92 1.2
    endloop
  endfacet
  facet normal 0 0 1
    outer loop
      vertex 2.4307435513548312 96.31214451522581 1.2
      vertex 2.521792747981941 96.61229349178414 1.2
      vertex 0.6 92 1.2
    endloop
  endfacet
  facet normal 0 0 1
    outer loop
      vertex 2.521792747981941 96.61229349178414 1.2
      vertex 0.6 99.4 1.2
      vertex 0.6 92 1.2
    endloop
  endfacet
  facet normal 0 0 1
    outer loop
      vertex 8 92 1.2
      vertex 5.1313708498984765 94.86862915010153 1.2
      vertex 4.8889123728313635 94.66964862031593 1.2
    endloop
  endfacet
  facet normal 0 0 1
    outer loop
      vertex 8 92 1.2
      vertex 5.330351379684073 95.11108762716864 1.2
      vertex 5.1313708498984765 94.86862915010153 1.2
    endloop
  endfacet
  facet normal 0 0 -1
    outer loop
      vertex 2.521792747981941 96.61229349178414 0
      vertex 0.5878714465610227 99.31492123351227 0
      vertex 2.6696486203159275 96.88891237283136 0
    endloop
  endfacet
  facet normal 0 0 -1
    outer loop
      vertex 2.6696486203159275 96.88891237283136 0
      vertex 0.5878714465610227 99.31492123351227 0
      vertex 2.8686291501015235 97.13137084989847 0
    endloop
  endfacet
  facet normal 0 0 -1
    outer loop
      vertex 2.8686291501015235 97.13137084989847 0
      vertex 0 100 0
      vertex 3.1110876271686365 97.33035137968407 0
    endloop
  endfacet
  facet normal 0 0 -1
    outer loop
      vertex 3.1110876271686365 97.33035137968407 0
      vertex 0 100 0
      vertex 3.387706508215856 97.47820725201805 0
    endloop
  endfacet
  facet normal 0 0 -1
    outer loop
      vertex 2.8686291501015235 97.13137084989847 0
      vertex 0.5878714465610227 99.31492123351227 0
      vertex 0 100 0
    endloop
  endfacet
  facet normal 0 0 -1
    outer loop
      vertex 3.387706508215856 97.47820725201805 0
      vertex 7.823569600195058 99.90353586484811 0
      vertex 3.687855484774195 97.56925644864516 0
    endloop
  endfacet
  facet normal 0 0 -1
    outer loop
      vertex 3.687855484774195 97.56925644864516 0
      vertex 7.957506147863992 99.97676629027592 0
      vertex 4 97.6 0
    endloop
  endfacet
  facet normal 0 0 -1
    outer loop
      vertex 4 97.6 0
      vertex 7.957506147863992 99.97676629027592 0
      vertex 4.312144515225805 97.56925644864516 0
    endloop
  endfacet
  facet normal 0 0 -1
    outer loop
      vertex 5.330351379684073 96.88891237283136 0
      vertex 5.1313708498984765 97.13137084989847 0
      vertex 7.957506147863992 99.97676629027592 0
    endloop
  endfacet
  facet normal 0 0 -1
    outer loop
      vertex 4.312144515225805 97.56925644864516 0
      vertex 7.957506147863992 99.97676629027592 0
      vertex 4.612293491784143 97.47820725201805 0
    endloop
  endfacet
  facet normal 0 0 -1
    outer loop
      vertex 4.612293491784143 97.47820725201805 0
      vertex 7.957506147863992 99.97676629027592 0
      vertex 4.8889123728313635 97.33035137968407 0
    endloop
  endfacet
  facet normal 0 0 -1
    outer loop
      vertex 5.1313708498984765 97.13137084989847 0
      vertex 4.8889123728313635 97.33035137968407 0
      vertex 7.957506147863992 99.97676629027592 0
    endloop
  endfacet
  facet normal 0 0 -1
    outer loop
      vertex 3.387706508215856 97.47820725201805 0
      vertex 0 100 0
      vertex 7.823569600195058 99.90353586484811 0
    endloop
  endfacet
  facet normal -1 0 0
    outer loop
      vertex 0 100 1.2
      vertex 0 100 0
      vertex 0 94.84615384615385 1.2
    endloop
  endfacet
  facet normal 0 0 1
    outer loop
      vertex 2.521792747981941 96.61229349178414 1.2
      vertex 2.6696486203159275 96.88891237283136 1.2
      vertex 0.6 99.4 1.2
    endloop
  endfacet
  facet normal 0 0 1
    outer loop
      vertex 2.6696486203159275 96.88891237283136 1.2
      vertex 2.8686291501015235 97.13137084989847 1.2
      vertex 0.6 99.4 1.2
    endloop
  endfacet
  facet normal 0 0 1
    outer loop
      vertex 2.8686291501015235 97.13137084989847 1.2
      vertex 3.1110876271686365 97.33035137968407 1.2
      vertex 0.6 99.4 1.2
    endloop
  endfacet
  facet normal 0 0 1
    outer loop
      vertex 3.1110876271686365 97.33035137968407 1.2
      vertex 3.387706508215856 97.47820725201805 1.2
      vertex 0.6 99.4 1.2
    endloop
  endfacet
  facet normal 0 1 0
    outer loop
      vertex 0 100 1.2
      vertex 0.5217391304347829 100 1.2
      vertex 0 100 0
    endloop
  endfacet
  facet normal 0 0 1
    outer loop
      vertex 3.387706508215856 97.47820725201805 1.2
      vertex 3.687855484774195 97.56925644864516 1.2
      vertex 8 99.4 1.2
    endloop
  endfacet
  facet normal 0 0 1
    outer loop
      vertex 3.687855484774195 97.56925644864516 1.2
      vertex 4 97.6 1.2
      vertex 8 99.4 1.2
    endloop
  endfacet
  facet normal 0 0 1
    outer loop
      vertex 4 97.6 1.2
      vertex 4.312144515225805 97.56925644864516 1.2
      vertex 8 99.4 1.2
    endloop
  endfacet
  facet normal 0 0 1
    outer loop
      vertex 5.330351379684073 96.88891237283136 1.2
      vertex 8 99.4 1.2
      vertex 5.1313708498984765 97.13137084989847 1.2
    endloop
  endfacet
  facet normal 0 0 1
    outer loop
      vertex 5.1313708498984765 97.13137084989847 1.2
      vertex 8 99.4 1.2
      vertex 4.8889123728313635 97.33035137968407 1.2
    endloop
  endfacet
  facet normal 0 0 1
    outer loop
      vertex 4.312144515225805 97.56925644864516 1.2
      vertex 4.612293491784143 97.47820725201805 1.2
      vertex 8 99.4 1.2
    endloop
  endfacet
  facet normal 0 0 1
    outer loop
      vertex 4.612293491784143 97.47820725201805 1.2
      vertex 4.8889123728313635 97.33035137968407 1.2
      vertex 8 99.4 1.2
    endloop
  endfacet
  facet normal 0 0 1
    outer loop
      vertex 3.387706508215856 97.47820725201805 1.2
      vertex 8 99.4 1.2
      vertex 0.6 99.4 1.2
    endloop
  endfacet
  facet normal 0 0 -1
    outer loop
      vertex 8 92 0
      vertex 5.330351379684073 95.11108762716864 0
      vertex 5.478207252018059 95.38770650821586 0
    endloop
  endfacet
  facet normal 0 0 -1
    outer loop
      vertex 8 92 0
      vertex 5.478207252018059 95.38770650821586 0
      vertex 5.569256448645168 95.68785548477419 0
    endloop
  endfacet
  facet normal 0 0 -1
    outer loop
      vertex 8 92 0
      vertex 5.569256448645168 95.68785548477419 0
      vertex 5.6 96 0
    endloop
  endfacet
  facet normal 0 0 -1
    outer loop
      vertex 8 92 0
      vertex 5.6 96 0
      vertex 5.569256448645168 96.31214451522581 0
    endloop
  endfacet
  facet normal 0 0 -1
    outer loop
      vertex 8 92 0
      vertex 5.569256448645168 96.31214451522581 0
      vertex 5.478207252018059 96.61229349178414 0
    endloop
  endfacet
  facet normal 1 0 0
    outer loop
      vertex 8 92 0
      vertex 8 99.4 0
      vertex 8 92 1.2
    endloop
  endfacet
  facet normal 0 0 -1
    outer loop
      vertex 8 92 0
      vertex 5.478207252018059 96.61229349178414 0
      vertex 8 99.4 0
    endloop
  endfacet
  facet normal 0 0 1
    outer loop
      vertex 8 92 1.2
      vertex 5.478207252018059 95.38770650821586 1.2
      vertex 5.330351379684073 95.11108762716864 1.2
    endloop
  endfacet
  facet normal 0 0 1
    outer loop
      vertex 8 92 1.2
      vertex 8 99.4 1.2
      vertex 5.478207252018059 95.38770650821586 1.2
    endloop
  endfacet
  facet normal 0 0 1
    outer loop
      vertex 5.478207252018059 95.38770650821586 1.2
      vertex 8 99.4 1.2
      vertex 5.569256448645168 95.68785548477419 1.2
    endloop
  endfacet
  facet normal 0 0 -1
    outer loop
      vertex 5.478207252018059 96.61229349178414 0
      vertex 5.330351379684073 96.88891237283136 0
      vertex 7.957506147863992 99.97676629027592 0
    endloop
  endfacet
  facet normal 0 0 -1
    outer loop
      vertex 7.823569600195058 99.90353586484811 0
      vertex 7.957506147863992 99.97676629027592 0
      vertex 3.687855484774195 97.56925644864516 0
    endloop
  endfacet
  facet normal 0 0 -1
    outer loop
      vertex 5.478207252018059 96.61229349178414 0
      vertex 8 99.97664222001983 0
      vertex 8 99.4 0
    endloop
  endfacet
  facet normal 0 0 -1
    outer loop
      vertex 5.478207252018059 96.61229349178414 0
      vertex 7.957506147863992 99.97676629027592 0
      vertex 8 99.97664222001983 0
    endloop
  endfacet
  facet normal 1 0 0
    outer loop
      vertex 8 92 1.2
      vertex 8 99.4 0
      vertex 8 99.4 1.2
    endloop
  endfacet
  facet normal 0 0 1
    outer loop
      vertex 5.569256448645168 95.68785548477419 1.2
      vertex 8 99.4 1.2
      vertex 5.6 96 1.2
    endloop
  endfacet
  facet normal 0 0 1
    outer loop
      vertex 5.6 96 1.2
      vertex 8 99.4 1.2
      vertex 5.569256448645168 96.31214451522581 1.2
    endloop
  endfacet
  facet normal 0 0 1
    outer loop
      vertex 5.569256448645168 96.31214451522581 1.2
      vertex 8 99.4 1.2
      vertex 5.478207252018059 96.61229349178414 1.2
    endloop
  endfacet
  facet normal 0 0 1
    outer loop
      vertex 5.478207252018059 96.61229349178414 1.2
      vertex 8 99.4 1.2
      vertex 5.330351379684073 96.88891237283136 1.2
    endloop
  endfacet
  facet normal 0.6343932841636533 0.7730104533627304 -8.726149190193812e-18
    outer loop
      vertex 3.1110876271686365 94.66964862031593 0
      vertex 2.8686291501015235 94.86862915010153 0
      vertex 2.8686291501015235 94.86862915010153 1.2
    endloop
  endfacet
  facet normal 0.8819212643483498 0.47139673682600747 4.935913686331464e-18
    outer loop
      vertex 2.6696486203159275 95.11108762716864 0
      vertex 2.521792747981941 95.38770650821586 0
      vertex 2.521792747981941 95.38770650821586 1.2
    endloop
  endfacet
  facet normal 0.7730104533627438 0.634393284163637 -2.3985245658998003e-18
    outer loop
      vertex 2.8686291501015235 94.86862915010153 0
      vertex 2.6696486203159275 95.11108762716864 0
      vertex 2.6696486203159275 95.11108762716864 1.2
    endloop
  endfacet
  facet normal 0.9569403357322077 0.29028467725446644 4.3069484507046506e-18
    outer loop
      vertex 2.521792747981941 95.38770650821586 0
      vertex 2.4307435513548312 95.68785548477419 0
      vertex 2.4307435513548312 95.68785548477419 1.2
    endloop
  endfacet
  facet normal 0.995184726672197 0.09801714032955906 -3.3552695330473883e-19
    outer loop
      vertex 2.4307435513548312 95.68785548477419 0
      vertex 2.4 96 0
      vertex 2.4 96 1.2
    endloop
  endfacet
  facet normal 0.995184726672197 -0.09801714032955906 3.3552695330473883e-19
    outer loop
      vertex 2.4 96 0
      vertex 2.4307435513548312 96.31214451522581 0
      vertex 2.4307435513548312 96.31214451522581 1.2
    endloop
  endfacet
  facet normal 0.9569403357322077 -0.29028467725446644 -4.3069484507046506e-18
    outer loop
      vertex 2.4307435513548312 96.31214451522581 0
      vertex 2.521792747981941 96.61229349178414 0
      vertex 2.521792747981941 96.61229349178414 1.2
    endloop
  endfacet
  facet normal 0.8819212643483498 -0.47139673682600747 -4.935913686331464e-18
    outer loop
      vertex 2.521792747981941 96.61229349178414 0
      vertex 2.6696486203159275 96.88891237283136 0
      vertex 2.6696486203159275 96.88891237283136 1.2
    endloop
  endfacet
  facet normal 0.2902846772544652 0.956940335732208 0
    outer loop
      vertex 3.387706508215856 94.52179274798195 0
      vertex 3.387706508215856 94.52179274798195 1.2
      vertex 3.687855484774195 94.43074355135484 0
    endloop
  endfacet
  facet normal 0.09801714032956071 0.9951847266721968 0
    outer loop
      vertex 3.687855484774195 94.43074355135484 0
      vertex 3.687855484774195 94.43074355135484 1.2
      vertex 4 94.4 0
    endloop
  endfacet
  facet normal -0.09801714032956071 0.9951847266721968 0
    outer loop
      vertex 4 94.4 0
      vertex 4 94.4 1.2
      vertex 4.312144515225805 94.43074355135484 0
    endloop
  endfacet
  facet normal -0.2902846772544656 0.9569403357322078 0
    outer loop
      vertex 4.312144515225805 94.43074355135484 0
      vertex 4.312144515225805 94.43074355135484 1.2
      vertex 4.612293491784143 94.52179274798195 0
    endloop
  endfacet
  facet normal 0.4713967368259755 0.8819212643483668 0
    outer loop
      vertex 3.1110876271686365 94.66964862031593 0
      vertex 3.1110876271686365 94.66964862031593 1.2
      vertex 3.387706508215856 94.52179274798195 0
    endloop
  endfacet
  facet normal -0.4713967368259749 0.8819212643483672 0
    outer loop
      vertex 4.612293491784143 94.52179274798195 0
      vertex 4.612293491784143 94.52179274798195 1.2
      vertex 4.8889123728313635 94.66964862031593 0
    endloop
  endfacet
  facet normal -0.6343932841636533 0.7730104533627304 0
    outer loop
      vertex 4.8889123728313635 94.66964862031593 0
      vertex 4.8889123728313635 94.66964862031593 1.2
      vertex 5.1313708498984765 94.86862915010153 0
    endloop
  endfacet
  facet normal -0.7730104533627432 0.634393284163638 0
    outer loop
      vertex 5.1313708498984765 94.86862915010153 0
      vertex 5.1313708498984765 94.86862915010153 1.2
      vertex 5.330351379684073 95.11108762716864 0
    endloop
  endfacet
  facet normal -0.8819212643483503 0.47139673682600636 0
    outer loop
      vertex 5.330351379684073 95.11108762716864 0
      vertex 5.330351379684073 95.11108762716864 1.2
      vertex 5.478207252018059 95.38770650821586 0
    endloop
  endfacet
  facet normal -0.9569403357322079 0.2902846772544651 0
    outer loop
      vertex 5.478207252018059 95.38770650821586 0
      vertex 5.478207252018059 95.38770650821586 1.2
      vertex 5.569256448645168 95.68785548477419 0
    endloop
  endfacet
  facet normal -0.995184726672197 0.09801714032955906 0
    outer loop
      vertex 5.569256448645168 95.68785548477419 0
      vertex 5.569256448645168 95.68785548477419 1.2
      vertex 5.6 96 0
    endloop
  endfacet
  facet normal -0.8819212643483503 -0.47139673682600636 0
    outer loop
      vertex 5.478207252018059 96.61229349178414 0
      vertex 5.478207252018059 96.61229349178414 1.2
      vertex 5.330351379684073 96.88891237283136 0
    endloop
  endfacet
  facet normal -0.995184726672197 -0.09801714032955906 0
    outer loop
      vertex 5.6 96 0
      vertex 5.6 96 1.2
      vertex 5.569256448645168 96.31214451522581 0
    endloop
  endfacet
  facet normal -0.9569403357322079 -0.2902846772544651 0
    outer loop
      vertex 5.569256448645168 96.31214451522581 0
      vertex 5.569256448645168 96.31214451522581 1.2
      vertex 5.478207252018059 96.61229349178414 0
    endloop
  endfacet
  facet normal 0.6343932841636533 0.7730104533627304 0
    outer loop
      vertex 3.1110876271686365 94.66964862031593 0
      vertex 2.8686291501015235 94.86862915010153 1.2
      vertex 3.1110876271686365 94.66964862031593 1.2
    endloop
  endfacet
  facet normal 0.8819212643483498 0.47139673682600747 0
    outer loop
      vertex 2.6696486203159275 95.11108762716864 0
      vertex 2.521792747981941 95.38770650821586 1.2
      vertex 2.6696486203159275 95.11108762716864 1.2
    endloop
  endfacet
  facet normal 0.7730104533627438 0.634393284163637 0
    outer loop
      vertex 2.8686291501015235 94.86862915010153 0
      vertex 2.6696486203159275 95.11108762716864 1.2
      vertex 2.8686291501015235 94.86862915010153 1.2
    endloop
  endfacet
  facet normal 0.9569403357322077 0.29028467725446644 0
    outer loop
      vertex 2.521792747981941 95.38770650821586 0
      vertex 2.4307435513548312 95.68785548477419 1.2
      vertex 2.521792747981941 95.38770650821586 1.2
    endloop
  endfacet
  facet normal 0.995184726672197 0.09801714032955906 0
    outer loop
      vertex 2.4307435513548312 95.68785548477419 0
      vertex 2.4 96 1.2
      vertex 2.4307435513548312 95.68785548477419 1.2
    endloop
  endfacet
  facet normal 0.995184726672197 -0.09801714032955906 0
    outer loop
      vertex 2.4 96 0
      vertex 2.4307435513548312 96.31214451522581 1.2
      vertex 2.4 96 1.2
    endloop
  endfacet
  facet normal 0.9569403357322077 -0.29028467725446644 0
    outer loop
      vertex 2.4307435513548312 96.31214451522581 0
      vertex 2.521792747981941 96.61229349178414 1.2
      vertex 2.4307435513548312 96.31214451522581 1.2
    endloop
  endfacet
  facet normal 0.8819212643483498 -0.47139673682600747 0
    outer loop
      vertex 2.521792747981941 96.61229349178414 0
      vertex 2.6696486203159275 96.88891237283136 1.2
      vertex 2.521792747981941 96.61229349178414 1.2
    endloop
  endfacet
  facet normal 0.2902846772544652 0.956940335732208 0
    outer loop
      vertex 3.687855484774195 94.43074355135484 0
      vertex 3.387706508215856 94.52179274798195 1.2
      vertex 3.687855484774195 94.43074355135484 1.2
    endloop
  endfacet
  facet normal 0.09801714032956071 0.9951847266721968 0
    outer loop
      vertex 4 94.4 0
      vertex 3.687855484774195 94.43074355135484 1.2
      vertex 4 94.4 1.2
    endloop
  endfacet
  facet normal -0.09801714032956071 0.9951847266721968 0
    outer loop
      vertex 4.312144515225805 94.43074355135484 0
      vertex 4 94.4 1.2
      vertex 4.312144515225805 94.43074355135484 1.2
    endloop
  endfacet
  facet normal -0.2902846772544656 0.9569403357322078 0
    outer loop
      vertex 4.612293491784143 94.52179274798195 0
      vertex 4.312144515225805 94.43074355135484 1.2
      vertex 4.612293491784143 94.52179274798195 1.2
    endloop
  endfacet
  facet normal 0.4713967368259755 0.8819212643483668 0
    outer loop
      vertex 3.387706508215856 94.52179274798195 0
      vertex 3.1110876271686365 94.66964862031593 1.2
      vertex 3.387706508215856 94.52179274798195 1.2
    endloop
  endfacet
  facet normal -0.4713967368259749 0.8819212643483672 0
    outer loop
      vertex 4.8889123728313635 94.66964862031593 0
      vertex 4.612293491784143 94.52179274798195 1.2
      vertex 4.8889123728313635 94.66964862031593 1.2
    endloop
  endfacet
  facet normal -0.6343932841636533 0.7730104533627304 0
    outer loop
      vertex 5.1313708498984765 94.86862915010153 0
      vertex 4.8889123728313635 94.66964862031593 1.2
      vertex 5.1313708498984765 94.86862915010153 1.2
    endloop
  endfacet
  facet normal -0.7730104533627432 0.634393284163638 0
    outer loop
      vertex 5.330351379684073 95.11108762716864 0
      vertex 5.1313708498984765 94.86862915010153 1.2
      vertex 5.330351379684073 95.11108762716864 1.2
    endloop
  endfacet
  facet normal -0.8819212643483503 0.47139673682600636 0
    outer loop
      vertex 5.478207252018059 95.38770650821586 0
      vertex 5.330351379684073 95.11108762716864 1.2
      vertex 5.478207252018059 95.38770650821586 1.2
    endloop
  endfacet
  facet normal -0.9569403357322079 0.2902846772544651 0
    outer loop
      vertex 5.569256448645168 95.68785548477419 0
      vertex 5.478207252018059 95.38770650821586 1.2
      vertex 5.569256448645168 95.68785548477419 1.2
    endloop
  endfacet
  facet normal -0.995184726672197 0.09801714032955906 0
    outer loop
      vertex 5.6 96 0
      vertex 5.569256448645168 95.68785548477419 1.2
      vertex 5.6 96 1.2
    endloop
  endfacet
  facet normal -0.8819212643483503 -0.47139673682600636 0
    outer loop
      vertex 5.330351379684073 96.88891237283136 0
      vertex 5.478207252018059 96.61229349178414 1.2
      vertex 5.330351379684073 96.88891237283136 1.2
    endloop
  endfacet
  facet normal -0.995184726672197 -0.09801714032955906 0
    outer loop
      vertex 5.569256448645168 96.31214451522581 0
      vertex 5.6 96 1.2
      vertex 5.569256448645168 96.31214451522581 1.2
    endloop
  endfacet
  facet normal -0.9569403357322079 -0.2902846772544651 0
    outer loop
      vertex 5.478207252018059 96.61229349178414 0
      vertex 5.569256448645168 96.31214451522581 1.2
      vertex 5.478207252018059 96.61229349178414 1.2
    endloop
  endfacet
  facet normal 0.7730104533627438 -0.634393284163637 2.3985245658998003e-18
    outer loop
      vertex 2.6696486203159275 96.88891237283136 0
      vertex 2.8686291501015235 97.13137084989847 0
      vertex 2.8686291501015235 97.13137084989847 1.2
    endloop
  endfacet
  facet normal 0.6343932841636533 -0.7730104533627304 8.726149190193812e-18
    outer loop
      vertex 2.8686291501015235 97.13137084989847 0
      vertex 3.1110876271686365 97.33035137968407 0
      vertex 3.1110876271686365 97.33035137968407 1.2
    endloop
  endfacet
  facet normal 0.4713967368259755 -0.8819212643483668 -1.878162843654552e-18
    outer loop
      vertex 3.1110876271686365 97.33035137968407 0
      vertex 3.387706508215856 97.47820725201805 0
      vertex 3.387706508215856 97.47820725201805 1.2
    endloop
  endfacet
  facet normal 0.2902846772544652 -0.956940335732208 2.7268753490884673e-18
    outer loop
      vertex 3.387706508215856 97.47820725201805 0
      vertex 3.687855484774195 97.56925644864516 0
      vertex 3.687855484774195 97.56925644864516 1.2
    endloop
  endfacet
  facet normal 0.09801714032956071 -0.9951847266721968 -1.7116979137877285e-18
    outer loop
      vertex 3.687855484774195 97.56925644864516 0
      vertex 4 97.6 0
      vertex 4 97.6 1.2
    endloop
  endfacet
  facet normal -0.09801714032956071 -0.9951847266721968 1.7116979137877285e-18
    outer loop
      vertex 4 97.6 0
      vertex 4.312144515225805 97.56925644864516 0
      vertex 4.312144515225805 97.56925644864516 1.2
    endloop
  endfacet
  facet normal -0.2902846772544656 -0.9569403357322078 3.3043011786809175e-18
    outer loop
      vertex 4.312144515225805 97.56925644864516 0
      vertex 4.612293491784143 97.47820725201805 0
      vertex 4.612293491784143 97.47820725201805 1.2
    endloop
  endfacet
  facet normal -0.6343932841636533 -0.7730104533627304 0
    outer loop
      vertex 5.1313708498984765 97.13137084989847 0
      vertex 5.1313708498984765 97.13137084989847 1.2
      vertex 4.8889123728313635 97.33035137968407 0
    endloop
  endfacet
  facet normal -0.7730104533627432 -0.634393284163638 0
    outer loop
      vertex 5.330351379684073 96.88891237283136 0
      vertex 5.330351379684073 96.88891237283136 1.2
      vertex 5.1313708498984765 97.13137084989847 0
    endloop
  endfacet
  facet normal -0.4713967368259749 -0.8819212643483672 -6.6533817055042055e-18
    outer loop
      vertex 4.612293491784143 97.47820725201805 0
      vertex 4.8889123728313635 97.33035137968407 0
      vertex 4.8889123728313635 97.33035137968407 1.2
    endloop
  endfacet
  facet normal 0.7730104533627438 -0.634393284163637 0
    outer loop
      vertex 2.6696486203159275 96.88891237283136 0
      vertex 2.8686291501015235 97.13137084989847 1.2
      vertex 2.6696486203159275 96.88891237283136 1.2
    endloop
  endfacet
  facet normal 0.6343932841636533 -0.7730104533627304 0
    outer loop
      vertex 2.8686291501015235 97.13137084989847 0
      vertex 3.1110876271686365 97.33035137968407 1.2
      vertex 2.8686291501015235 97.13137084989847 1.2
    endloop
  endfacet
  facet normal 0.4713967368259755 -0.8819212643483668 0
    outer loop
      vertex 3.1110876271686365 97.33035137968407 0
      vertex 3.387706508215856 97.47820725201805 1.2
      vertex 3.1110876271686365 97.33035137968407 1.2
    endloop
  endfacet
  facet normal 0.2902846772544652 -0.956940335732208 0
    outer loop
      vertex 3.387706508215856 97.47820725201805 0
      vertex 3.687855484774195 97.56925644864516 1.2
      vertex 3.387706508215856 97.47820725201805 1.2
    endloop
  endfacet
  facet normal 0.09801714032956071 -0.9951847266721968 0
    outer loop
      vertex 3.687855484774195 97.56925644864516 0
      vertex 4 97.6 1.2
      vertex 3.687855484774195 97.56925644864516 1.2
    endloop
  endfacet
  facet normal -0.09801714032956071 -0.9951847266721968 0
    outer loop
      vertex 4 97.6 0
      vertex 4.312144515225805 97.56925644864516 1.2
      vertex 4 97.6 1.2
    endloop
  endfacet
  facet normal -0.2902846772544656 -0.9569403357322078 0
    outer loop
      vertex 4.312144515225805 97.56925644864516 0
      vertex 4.612293491784143 97.47820725201805 1.2
      vertex 4.312144515225805 97.56925644864516 1.2
    endloop
  endfacet
  facet normal -0.6343932841636533 -0.7730104533627304 0
    outer loop
      vertex 4.8889123728313635 97.33035137968407 0
      vertex 5.1313708498984765 97.13137084989847 1.2
      vertex 4.8889123728313635 97.33035137968407 1.2
    endloop
  endfacet
  facet normal -0.7730104533627432 -0.634393284163638 0
    outer loop
      vertex 5.1313708498984765 97.13137084989847 0
      vertex 5.330351379684073 96.88891237283136 1.2
      vertex 5.1313708498984765 97.13137084989847 1.2
    endloop
  endfacet
  facet normal -0.4713967368259749 -0.8819212643483672 0
    outer loop
      vertex 4.612293491784143 97.47820725201805 0
      vertex 4.8889123728313635 97.33035137968407 1.2
      vertex 4.612293491784143 97.47820725201805 1.2
    endloop
  endfacet
  facet normal 0 0 -1
    outer loop
      vertex 194.52179274798195 3.387706508215856 0
      vertex 192 0.5972290456431536 0
      vertex 192 0.6 0
    endloop
  endfacet
  facet normal 0 0 -1
    outer loop
      vertex 194.66964862031594 3.1110876271686365 0
      vertex 192.01734971291393 0.023307123633058084 0
      vertex 192.44453741191137 0.597179242696591 0
    endloop
  endfacet
  facet normal 0 0 -1
    outer loop
      vertex 194.52179274798195 3.387706508215856 0
      vertex 192.44453741191137 0.597179242696591 0
      vertex 192 0.5972290456431536 0
    endloop
  endfacet
  facet normal -1 0 0
    outer loop
      vertex 192 8 1.2
      vertex 192 0.6 0
      vertex 192 0.6 1.2
    endloop
  endfacet
  facet normal 0 0 1
    outer loop
      vertex 194.66964862031594 3.1110876271686365 1.2
      vertex 194.52179274798195 3.387706508215856 1.2
      vertex 192 0.6 1.2
    endloop
  endfacet
  facet normal 0 0 1
    outer loop
      vertex 194.52179274798195 3.387706508215856 1.2
      vertex 194.43074355135482 3.687855484774195 1.2
      vertex 192 0.6 1.2
    endloop
  endfacet
  facet normal 0 0 1
    outer loop
      vertex 194.43074355135482 3.687855484774195 1.2
      vertex 194.4 4 1.2
      vertex 192 0.6 1.2
    endloop
  endfacet
  facet normal 0 0 1
    outer loop
      vertex 194.4 4 1.2
      vertex 194.43074355135482 4.312144515225805 1.2
      vertex 192 0.6 1.2
    endloop
  endfacet
  facet normal 0 0 -1
    outer loop
      vertex 194.52179274798195 3.387706508215856 0
      vertex 192 0.6 0
      vertex 192 8 0
    endloop
  endfacet
  facet normal 0 0 -1
    outer loop
      vertex 194.52179274798195 3.387706508215856 0
      vertex 192 8 0
      vertex 194.43074355135482 3.687855484774195 0
    endloop
  endfacet
  facet normal 0 0 -1
    outer loop
      vertex 194.43074355135482 3.687855484774195 0
      vertex 192 8 0
      vertex 194.4 4 0
    endloop
  endfacet
  facet normal 0 0 -1
    outer loop
      vertex 194.4 4 0
      vertex 192 8 0
      vertex 194.43074355135482 4.312144515225805 0
    endloop
  endfacet
  facet normal 0 0 -1
    outer loop
      vertex 194.43074355135482 4.312144515225805 0
      vertex 192 8 0
      vertex 194.52179274798195 4.612293491784143 0
    endloop
  endfacet
  facet normal 0 0 -1
    outer loop
      vertex 194.52179274798195 4.612293491784143 0
      vertex 192 8 0
      vertex 194.66964862031594 4.8889123728313635 0
    endloop
  endfacet
  facet normal -1 0 0
    outer loop
      vertex 192 8 0
      vertex 192 0.6 0
      vertex 192 8 1.2
    endloop
  endfacet
  facet normal 0 0 1
    outer loop
      vertex 194.43074355135482 4.312144515225805 1.2
      vertex 194.52179274798195 4.612293491784143 1.2
      vertex 192 0.6 1.2
    endloop
  endfacet
  facet normal 0 0 1
    outer loop
      vertex 194.52179274798195 4.612293491784143 1.2
      vertex 192 8 1.2
      vertex 192 0.6 1.2
    endloop
  endfacet
  facet normal 0 0 1
    outer loop
      vertex 194.52179274798195 4.612293491784143 1.2
      vertex 194.66964862031594 4.8889123728313635 1.2
      vertex 192 8 1.2
    endloop
  endfacet
  facet normal 0 0 -1
    outer loop
      vertex 195.11108762716864 2.6696486203159275 0
      vertex 200 0 0
      vertex 192.01734971291393 0.023307123633058084 0
    endloop
  endfacet
  facet normal 0 0 -1
    outer loop
      vertex 195.11108762716864 2.6696486203159275 0
      vertex 192.01734971291393 0.023307123633058084 0
      vertex 194.86862915010153 2.8686291501015235 0
    endloop
  endfacet
  facet normal 0 0 -1
    outer loop
      vertex 194.86862915010153 2.8686291501015235 0
      vertex 192.01734971291393 0.023307123633058084 0
      vertex 194.66964862031594 3.1110876271686365 0
    endloop
  endfacet
  facet normal 0 0 -1
    outer loop
      vertex 194.66964862031594 3.1110876271686365 0
      vertex 192.44453741191137 0.597179242696591 0
      vertex 194.52179274798195 3.387706508215856 0
    endloop
  endfacet
  facet normal 0 0 -1
    outer loop
      vertex 195.11108762716864 2.6696486203159275 0
      vertex 195.38770650821584 2.521792747981941 0
      vertex 200 0 0
    endloop
  endfacet
  facet normal 0 0 -1
    outer loop
      vertex 195.38770650821584 2.521792747981941 0
      vertex 195.6878554847742 2.4307435513548312 0
      vertex 200 0 0
    endloop
  endfacet
  facet normal 0 0 -1
    outer loop
      vertex 195.6878554847742 2.4307435513548312 0
      vertex 196 2.4 0
      vertex 200 0 0
    endloop
  endfacet
  facet normal 0 0 -1
    outer loop
      vertex 196 2.4 0
      vertex 196.3121445152258 2.4307435513548312 0
      vertex 200 0 0
    endloop
  endfacet
  facet normal 0 0 -1
    outer loop
      vertex 196.3121445152258 2.4307435513548312 0
      vertex 196.61229349178416 2.521792747981941 0
      vertex 200 0 0
    endloop
  endfacet
  facet normal 0 0 -1
    outer loop
      vertex 196.61229349178416 2.521792747981941 0
      vertex 196.88891237283136 2.6696486203159275 0
      vertex 200 0 0
    endloop
  endfacet
  facet normal 0 0 -1
    outer loop
      vertex 196.88891237283136 2.6696486203159275 0
      vertex 197.13137084989847 2.8686291501015235 0
      vertex 200 0 0
    endloop
  endfacet
  facet normal 0 0 -1
    outer loop
      vertex 197.13137084989847 2.8686291501015235 0
      vertex 197.33035137968406 3.1110876271686365 0
      vertex 200 0 0
    endloop
  endfacet
  facet normal 0 0 -1
    outer loop
      vertex 197.33035137968406 3.1110876271686365 0
      vertex 197.47820725201805 3.387706508215856 0
      vertex 200 0 0
    endloop
  endfacet
  facet normal 0 0 -1
    outer loop
      vertex 197.47820725201805 3.387706508215856 0
      vertex 197.56925644864518 3.687855484774195 0
      vertex 200 0 0
    endloop
  endfacet
  facet normal 0 0 -1
    outer loop
      vertex 197.56925644864518 3.687855484774195 0
      vertex 197.6 4 0
      vertex 200 0 0
    endloop
  endfacet
  facet normal 0 0 -1
    outer loop
      vertex 197.6 4 0
      vertex 197.56925644864518 4.312144515225805 0
      vertex 200 0 0
    endloop
  endfacet
  facet normal 0 0 -1
    outer loop
      vertex 197.56925644864518 4.312144515225805 0
      vertex 197.47820725201805 4.612293491784143 0
      vertex 200 0 0
    endloop
  endfacet
  facet normal 0 0 1
    outer loop
      vertex 196.61229349178416 2.521792747981941 1.2
      vertex 192 0.6 1.2
      vertex 199.4 0.6 1.2
    endloop
  endfacet
  facet normal 0 0 1
    outer loop
      vertex 195.11108762716864 2.6696486203159275 1.2
      vertex 192 0.6 1.2
      vertex 195.38770650821584 2.521792747981941 1.2
    endloop
  endfacet
  facet normal 0 0 1
    outer loop
      vertex 195.38770650821584 2.521792747981941 1.2
      vertex 192 0.6 1.2
      vertex 195.6878554847742 2.4307435513548312 1.2
    endloop
  endfacet
  facet normal 0 0 1
    outer loop
      vertex 195.11108762716864 2.6696486203159275 1.2
      vertex 194.86862915010153 2.8686291501015235 1.2
      vertex 192 0.6 1.2
    endloop
  endfacet
  facet normal 0 0 1
    outer loop
      vertex 194.86862915010153 2.8686291501015235 1.2
      vertex 194.66964862031594 3.1110876271686365 1.2
      vertex 192 0.6 1.2
    endloop
  endfacet
  facet normal 0 0 1
    outer loop
      vertex 195.6878554847742 2.4307435513548312 1.2
      vertex 192 0.6 1.2
      vertex 196 2.4 1.2
    endloop
  endfacet
  facet normal 0 0 1
    outer loop
      vertex 196 2.4 1.2
      vertex 192 0.6 1.2
      vertex 196.3121445152258 2.4307435513548312 1.2
    endloop
  endfacet
  facet normal 0 0 1
    outer loop
      vertex 196.3121445152258 2.4307435513548312 1.2
      vertex 192 0.6 1.2
      vertex 196.61229349178416 2.521792747981941 1.2
    endloop
  endfacet
  facet normal 0 -1 0
    outer loop
      vertex 200 0 1.2
      vertex 199.5 0 1.2
      vertex 200 0 0
    endloop
  endfacet
  facet normal 0 0 1
    outer loop
      vertex 196.61229349178416 2.521792747981941 1.2
      vertex 199.4 0.6 1.2
      vertex 196.88891237283136 2.6696486203159275 1.2
    endloop
  endfacet
  facet normal 0 0 1
    outer loop
      vertex 196.88891237283136 2.6696486203159275 1.2
      vertex 199.4 0.6 1.2
      vertex 197.13137084989847 2.8686291501015235 1.2
    endloop
  endfacet
  facet normal 0 0 1
    outer loop
      vertex 197.13137084989847 2.8686291501015235 1.2
      vertex 199.4 0.6 1.2
      vertex 197.33035137968406 3.1110876271686365 1.2
    endloop
  endfacet
  facet normal 0 0 1
    outer loop
      vertex 197.33035137968406 3.1110876271686365 1.2
      vertex 199.4 0.6 1.2
      vertex 197.47820725201805 3.387706508215856 1.2
    endloop
  endfacet
  facet normal 0 0 -1
    outer loop
      vertex 194.66964862031594 4.8889123728313635 0
      vertex 192 8 0
      vertex 194.86862915010153 5.1313708498984765 0
    endloop
  endfacet
  facet normal 0 0 -1
    outer loop
      vertex 194.86862915010153 5.1313708498984765 0
      vertex 192 8 0
      vertex 195.11108762716864 5.330351379684073 0
    endloop
  endfacet
  facet normal 0 0 -1
    outer loop
      vertex 197.47820725201805 4.612293491784143 0
      vertex 200 8 0
      vertex 200 0 0
    endloop
  endfacet
  facet normal 0 0 -1
    outer loop
      vertex 197.47820725201805 4.612293491784143 0
      vertex 197.33035137968406 4.8889123728313635 0
      vertex 200 8 0
    endloop
  endfacet
  facet normal 0 0 -1
    outer loop
      vertex 197.13137084989847 5.1313708498984765 0
      vertex 196.88891237283136 5.330351379684073 0
      vertex 200 8 0
    endloop
  endfacet
  facet normal 0 0 -1
    outer loop
      vertex 197.33035137968406 4.8889123728313635 0
      vertex 197.13137084989847 5.1313708498984765 0
      vertex 200 8 0
    endloop
  endfacet
  facet normal 0 0 1
    outer loop
      vertex 194.66964862031594 4.8889123728313635 1.2
      vertex 194.86862915010153 5.1313708498984765 1.2
      vertex 192 8 1.2
    endloop
  endfacet
  facet normal 0 0 1
    outer loop
      vertex 194.86862915010153 5.1313708498984765 1.2
      vertex 195.11108762716864 5.330351379684073 1.2
      vertex 192 8 1.2
    endloop
  endfacet
  facet normal 0 0 1
    outer loop
      vertex 197.47820725201805 3.387706508215856 1.2
      vertex 199.4 0.6 1.2
      vertex 199.4 8 1.2
    endloop
  endfacet
  facet normal 0 0 1
    outer loop
      vertex 197.47820725201805 3.387706508215856 1.2
      vertex 199.4 8 1.2
      vertex 197.56925644864518 3.687855484774195 1.2
    endloop
  endfacet
  facet normal 0 0 1
    outer loop
      vertex 197.56925644864518 3.687855484774195 1.2
      vertex 199.4 8 1.2
      vertex 197.6 4 1.2
    endloop
  endfacet
  facet normal 0 0 1
    outer loop
      vertex 197.6 4 1.2
      vertex 199.4 8 1.2
      vertex 197.56925644864518 4.312144515225805 1.2
    endloop
  endfacet
  facet normal 0 0 1
    outer loop
      vertex 197.56925644864518 4.312144515225805 1.2
      vertex 199.4 8 1.2
      vertex 197.47820725201805 4.612293491784143 1.2
    endloop
  endfacet
  facet normal 0 0 1
    outer loop
      vertex 197.47820725201805 4.612293491784143 1.2
      vertex 199.4 8 1.2
      vertex 197.33035137968406 4.8889123728313635 1.2
    endloop
  endfacet
  facet normal 0 0 1
    outer loop
      vertex 197.33035137968406 4.8889123728313635 1.2
      vertex 199.4 8 1.2
      vertex 197.13137084989847 5.1313708498984765 1.2
    endloop
  endfacet
  facet normal 0 0 1
    outer loop
      vertex 197.13137084989847 5.1313708498984765 1.2
      vertex 199.4 8 1.2
      vertex 196.88891237283136 5.330351379684073 1.2
    endloop
  endfacet
  facet normal 0 0 -1
    outer loop
      vertex 195.11108762716864 5.330351379684073 0
      vertex 192 8 0
      vertex 195.38770650821584 5.478207252018059 0
    endloop
  endfacet
  facet normal 0 0 -1
    outer loop
      vertex 192 8 0
      vertex 199.4 8 0
      vertex 195.38770650821584 5.478207252018059 0
    endloop
  endfacet
  facet normal 0 0 -1
    outer loop
      vertex 195.38770650821584 5.478207252018059 0
      vertex 199.81442800569644 7.898537655876225 0
      vertex 195.6878554847742 5.569256448645168 0
    endloop
  endfacet
  facet normal 0 0 -1
    outer loop
      vertex 195.6878554847742 5.569256448645168 0
      vertex 200 8 0
      vertex 196 5.6 0
    endloop
  endfacet
  facet normal 0 0 -1
    outer loop
      vertex 196 5.6 0
      vertex 200 8 0
      vertex 196.3121445152258 5.569256448645168 0
    endloop
  endfacet
  facet normal 0 0 -1
    outer loop
      vertex 196.3121445152258 5.569256448645168 0
      vertex 200 8 0
      vertex 196.61229349178416 5.478207252018059 0
    endloop
  endfacet
  facet normal 0 0 -1
    outer loop
      vertex 196.61229349178416 5.478207252018059 0
      vertex 200 8 0
      vertex 196.88891237283136 5.330351379684073 0
    endloop
  endfacet
  facet normal 0 0 -1
    outer loop
      vertex 195.38770650821584 5.478207252018059 0
      vertex 199.4 8 0
      vertex 199.82018927444796 8 0
    endloop
  endfacet
  facet normal 0 0 -1
    outer loop
      vertex 195.38770650821584 5.478207252018059 0
      vertex 199.82018927444796 8 0
      vertex 199.81442800569644 7.898537655876225 0
    endloop
  endfacet
  facet normal 0 0 -1
    outer loop
      vertex 199.81442800569644 7.898537655876225 0
      vertex 200 8 0
      vertex 195.6878554847742 5.569256448645168 0
    endloop
  endfacet
  facet normal 0 1 0
    outer loop
      vertex 192 8 0
      vertex 199.4 8 1.2
      vertex 199.4 8 0
    endloop
  endfacet
  facet normal 0 0 1
    outer loop
      vertex 195.11108762716864 5.330351379684073 1.2
      vertex 195.38770650821584 5.478207252018059 1.2
      vertex 192 8 1.2
    endloop
  endfacet
  facet normal 0 0 1
    outer loop
      vertex 195.38770650821584 5.478207252018059 1.2
      vertex 195.6878554847742 5.569256448645168 1.2
      vertex 192 8 1.2
    endloop
  endfacet
  facet normal 0 0 1
    outer loop
      vertex 195.6878554847742 5.569256448645168 1.2
      vertex 196 5.6 1.2
      vertex 192 8 1.2
    endloop
  endfacet
  facet normal 0 0 1
    outer loop
      vertex 196 5.6 1.2
      vertex 196.3121445152258 5.569256448645168 1.2
      vertex 192 8 1.2
    endloop
  endfacet
  facet normal 0 0 1
    outer loop
      vertex 196.3121445152258 5.569256448645168 1.2
      vertex 196.61229349178416 5.478207252018059 1.2
      vertex 192 8 1.2
    endloop
  endfacet
  facet normal 0 0 1
    outer loop
      vertex 196.61229349178416 5.478207252018059 1.2
      vertex 199.4 8 1.2
      vertex 192 8 1.2
    endloop
  endfacet
  facet normal 0 1 0
    outer loop
      vertex 192 8 0
      vertex 192 8 1.2
      vertex 199.4 8 1.2
    endloop
  endfacet
  facet normal 0 0 1
    outer loop
      vertex 196.61229349178416 5.478207252018059 1.2
      vertex 196.88891237283136 5.330351379684073 1.2
      vertex 199.4 8 1.2
    endloop
  endfacet
  facet normal 0.4713967368260263 0.8819212643483397 0
    outer loop
      vertex 195.11108762716864 2.6696486203159275 0
      vertex 195.11108762716864 2.6696486203159275 1.2
      vertex 195.38770650821584 2.521792747981941 0
    endloop
  endfacet
  facet normal 0.7730104533627526 0.6343932841636263 1.504883805419997e-18
    outer loop
      vertex 194.86862915010153 2.8686291501015235 0
      vertex 194.66964862031594 3.1110876271686365 0
      vertex 194.66964862031594 3.1110876271686365 1.2
    endloop
  endfacet
  facet normal 0.634393284163637 0.7730104533627438 -2.3985245658998003e-18
    outer loop
      vertex 195.11108762716864 2.6696486203159275 0
      vertex 194.86862915010153 2.8686291501015235 0
      vertex 194.86862915010153 2.8686291501015235 1.2
    endloop
  endfacet
  facet normal 0.2902846772544539 0.9569403357322115 0
    outer loop
      vertex 195.38770650821584 2.521792747981941 0
      vertex 195.38770650821584 2.521792747981941 1.2
      vertex 195.6878554847742 2.4307435513548312 0
    endloop
  endfacet
  facet normal 0.09801714032955906 0.995184726672197 0
    outer loop
      vertex 195.6878554847742 2.4307435513548312 0
      vertex 195.6878554847742 2.4307435513548312 1.2
      vertex 196 2.4 0
    endloop
  endfacet
  facet normal -0.09801714032955906 0.995184726672197 0
    outer loop
      vertex 196 2.4 0
      vertex 196 2.4 1.2
      vertex 196.3121445152258 2.4307435513548312 0
    endloop
  endfacet
  facet normal -0.2902846772544539 0.9569403357322115 0
    outer loop
      vertex 196.3121445152258 2.4307435513548312 0
      vertex 196.3121445152258 2.4307435513548312 1.2
      vertex 196.61229349178416 2.521792747981941 0
    endloop
  endfacet
  facet normal -0.4713967368260263 0.8819212643483397 0
    outer loop
      vertex 196.61229349178416 2.521792747981941 0
      vertex 196.61229349178416 2.521792747981941 1.2
      vertex 196.88891237283136 2.6696486203159275 0
    endloop
  endfacet
  facet normal -0.634393284163637 0.7730104533627438 0
    outer loop
      vertex 196.88891237283136 2.6696486203159275 0
      vertex 196.88891237283136 2.6696486203159275 1.2
      vertex 197.13137084989847 2.8686291501015235 0
    endloop
  endfacet
  facet normal -0.7730104533627526 0.6343932841636263 0
    outer loop
      vertex 197.13137084989847 2.8686291501015235 0
      vertex 197.13137084989847 2.8686291501015235 1.2
      vertex 197.33035137968406 3.1110876271686365 0
    endloop
  endfacet
  facet normal 0.4713967368260263 0.8819212643483397 0
    outer loop
      vertex 195.38770650821584 2.521792747981941 0
      vertex 195.11108762716864 2.6696486203159275 1.2
      vertex 195.38770650821584 2.521792747981941 1.2
    endloop
  endfacet
  facet normal 0.7730104533627526 0.6343932841636263 0
    outer loop
      vertex 194.86862915010153 2.8686291501015235 0
      vertex 194.66964862031594 3.1110876271686365 1.2
      vertex 194.86862915010153 2.8686291501015235 1.2
    endloop
  endfacet
  facet normal 0.634393284163637 0.7730104533627438 0
    outer loop
      vertex 195.11108762716864 2.6696486203159275 0
      vertex 194.86862915010153 2.8686291501015235 1.2
      vertex 195.11108762716864 2.6696486203159275 1.2
    endloop
  endfacet
  facet normal 0.2902846772544539 0.9569403357322115 0
    outer loop
      vertex 195.6878554847742 2.4307435513548312 0
      vertex 195.38770650821584 2.521792747981941 1.2
      vertex 195.6878554847742 2.4307435513548312 1.2
    endloop
  endfacet
  facet normal 0.09801714032955906 0.995184726672197 0
    outer loop
      vertex 196 2.4 0
      vertex 195.6878554847742 2.4307435513548312 1.2
      vertex 196 2.4 1.2
    endloop
  endfacet
  facet normal -0.09801714032955906 0.995184726672197 0
    outer loop
      vertex 196.3121445152258 2.4307435513548312 0
      vertex 196 2.4 1.2
      vertex 196.3121445152258 2.4307435513548312 1.2
    endloop
  endfacet
  facet normal -0.2902846772544539 0.9569403357322115 0
    outer loop
      vertex 196.61229349178416 2.521792747981941 0
      vertex 196.3121445152258 2.4307435513548312 1.2
      vertex 196.61229349178416 2.521792747981941 1.2
    endloop
  endfacet
  facet normal -0.4713967368260263 0.8819212643483397 0
    outer loop
      vertex 196.88891237283136 2.6696486203159275 0
      vertex 196.61229349178416 2.521792747981941 1.2
      vertex 196.88891237283136 2.6696486203159275 1.2
    endloop
  endfacet
  facet normal -0.634393284163637 0.7730104533627438 0
    outer loop
      vertex 197.13137084989847 2.8686291501015235 0
      vertex 196.88891237283136 2.6696486203159275 1.2
      vertex 197.13137084989847 2.8686291501015235 1.2
    endloop
  endfacet
  facet normal -0.7730104533627526 0.6343932841636263 0
    outer loop
      vertex 197.33035137968406 3.1110876271686365 0
      vertex 197.13137084989847 2.8686291501015235 1.2
      vertex 197.33035137968406 3.1110876271686365 1.2
    endloop
  endfacet
  facet normal 0.9569403357321954 0.2902846772545067 2.7097059811797167e-18
    outer loop
      vertex 194.52179274798195 3.387706508215856 0
      vertex 194.43074355135482 3.687855484774195 0
      vertex 194.43074355135482 3.687855484774195 1.2
    endloop
  endfacet
  facet normal 0.9951847266722013 0.09801714032951586 2.1166758400014958e-18
    outer loop
      vertex 194.43074355135482 3.687855484774195 0
      vertex 194.4 4 0
      vertex 194.4 4 1.2
    endloop
  endfacet
  facet normal 0.8819212643483479 0.4713967368260107 -7.624799948815536e-18
    outer loop
      vertex 194.66964862031594 3.1110876271686365 0
      vertex 194.52179274798195 3.387706508215856 0
      vertex 194.52179274798195 3.387706508215856 1.2
    endloop
  endfacet
  facet normal 0.9951847266722013 -0.09801714032951586 -2.1166758400014958e-18
    outer loop
      vertex 194.4 4 0
      vertex 194.43074355135482 4.312144515225805 0
      vertex 194.43074355135482 4.312144515225805 1.2
    endloop
  endfacet
  facet normal 0.9569403357321953 -0.29028467725450713 4.769115152911124e-19
    outer loop
      vertex 194.43074355135482 4.312144515225805 0
      vertex 194.52179274798195 4.612293491784143 0
      vertex 194.52179274798195 4.612293491784143 1.2
    endloop
  endfacet
  facet normal 0.8819212643483484 -0.47139673682601013 -2.279243550523054e-18
    outer loop
      vertex 194.52179274798195 4.612293491784143 0
      vertex 194.66964862031594 4.8889123728313635 0
      vertex 194.66964862031594 4.8889123728313635 1.2
    endloop
  endfacet
  facet normal 0.7730104533627526 -0.6343932841636263 -1.504883805419997e-18
    outer loop
      vertex 194.66964862031594 4.8889123728313635 0
      vertex 194.86862915010153 5.1313708498984765 0
      vertex 194.86862915010153 5.1313708498984765 1.2
    endloop
  endfacet
  facet normal 0.634393284163638 -0.7730104533627432 -6.499549677238956e-18
    outer loop
      vertex 194.86862915010153 5.1313708498984765 0
      vertex 195.11108762716864 5.330351379684073 0
      vertex 195.11108762716864 5.330351379684073 1.2
    endloop
  endfacet
  facet normal 0.4713967368260252 -0.8819212643483403 4.052635145871853e-18
    outer loop
      vertex 195.11108762716864 5.330351379684073 0
      vertex 195.38770650821584 5.478207252018059 0
      vertex 195.38770650821584 5.478207252018059 1.2
    endloop
  endfacet
  facet normal -0.4713967368260252 -0.8819212643483403 -4.052635145871853e-18
    outer loop
      vertex 196.61229349178416 5.478207252018059 0
      vertex 196.88891237283136 5.330351379684073 0
      vertex 196.88891237283136 5.330351379684073 1.2
    endloop
  endfacet
  facet normal 0.29028467725445256 -0.9569403357322119 4.719282336734061e-19
    outer loop
      vertex 195.38770650821584 5.478207252018059 0
      vertex 195.6878554847742 5.569256448645168 0
      vertex 195.6878554847742 5.569256448645168 1.2
    endloop
  endfacet
  facet normal 0.09801714032955906 -0.995184726672197 3.3552695330473883e-19
    outer loop
      vertex 195.6878554847742 5.569256448645168 0
      vertex 196 5.6 0
      vertex 196 5.6 1.2
    endloop
  endfacet
  facet normal -0.09801714032955906 -0.995184726672197 -3.3552695330473883e-19
    outer loop
      vertex 196 5.6 0
      vertex 196.3121445152258 5.569256448645168 0
      vertex 196.3121445152258 5.569256448645168 1.2
    endloop
  endfacet
  facet normal -0.29028467725445256 -0.9569403357322119 -4.719282336734061e-19
    outer loop
      vertex 196.3121445152258 5.569256448645168 0
      vertex 196.61229349178416 5.478207252018059 0
      vertex 196.61229349178416 5.478207252018059 1.2
    endloop
  endfacet
  facet normal -0.8819212643483479 0.4713967368260107 0
    outer loop
      vertex 197.33035137968406 3.1110876271686365 0
      vertex 197.33035137968406 3.1110876271686365 1.2
      vertex 197.47820725201805 3.387706508215856 0
    endloop
  endfacet
  facet normal -0.9569403357321954 0.2902846772545067 0
    outer loop
      vertex 197.47820725201805 3.387706508215856 0
      vertex 197.47820725201805 3.387706508215856 1.2
      vertex 197.56925644864518 3.687855484774195 0
    endloop
  endfacet
  facet normal -0.9951847266722013 0.09801714032951586 0
    outer loop
      vertex 197.56925644864518 3.687855484774195 0
      vertex 197.56925644864518 3.687855484774195 1.2
      vertex 197.6 4 0
    endloop
  endfacet
  facet normal -0.9951847266722013 -0.09801714032951586 0
    outer loop
      vertex 197.6 4 0
      vertex 197.6 4 1.2
      vertex 197.56925644864518 4.312144515225805 0
    endloop
  endfacet
  facet normal -0.9569403357321953 -0.29028467725450713 0
    outer loop
      vertex 197.56925644864518 4.312144515225805 0
      vertex 197.56925644864518 4.312144515225805 1.2
      vertex 197.47820725201805 4.612293491784143 0
    endloop
  endfacet
  facet normal -0.7730104533627526 -0.6343932841636263 0
    outer loop
      vertex 197.33035137968406 4.8889123728313635 0
      vertex 197.33035137968406 4.8889123728313635 1.2
      vertex 197.13137084989847 5.1313708498984765 0
    endloop
  endfacet
  facet normal -0.8819212643483484 -0.47139673682601013 0
    outer loop
      vertex 197.47820725201805 4.612293491784143 0
      vertex 197.47820725201805 4.612293491784143 1.2
      vertex 197.33035137968406 4.8889123728313635 0
    endloop
  endfacet
  facet normal -0.634393284163638 -0.7730104533627432 0
    outer loop
      vertex 197.13137084989847 5.1313708498984765 0
      vertex 197.13137084989847 5.1313708498984765 1.2
      vertex 196.88891237283136 5.330351379684073 0
    endloop
  endfacet
  facet normal 0.9569403357321954 0.2902846772545067 0
    outer loop
      vertex 194.52179274798195 3.387706508215856 0
      vertex 194.43074355135482 3.687855484774195 1.2
      vertex 194.52179274798195 3.387706508215856 1.2
    endloop
  endfacet
  facet normal 0.9951847266722013 0.09801714032951586 0
    outer loop
      vertex 194.43074355135482 3.687855484774195 0
      vertex 194.4 4 1.2
      vertex 194.43074355135482 3.687855484774195 1.2
    endloop
  endfacet
  facet normal 0.8819212643483479 0.4713967368260107 0
    outer loop
      vertex 194.66964862031594 3.1110876271686365 0
      vertex 194.52179274798195 3.387706508215856 1.2
      vertex 194.66964862031594 3.1110876271686365 1.2
    endloop
  endfacet
  facet normal 0.9951847266722013 -0.09801714032951586 0
    outer loop
      vertex 194.4 4 0
      vertex 194.43074355135482 4.312144515225805 1.2
      vertex 194.4 4 1.2
    endloop
  endfacet
  facet normal 0.9569403357321953 -0.29028467725450713 0
    outer loop
      vertex 194.43074355135482 4.312144515225805 0
      vertex 194.52179274798195 4.612293491784143 1.2
      vertex 194.43074355135482 4.312144515225805 1.2
    endloop
  endfacet
  facet normal 0.8819212643483484 -0.47139673682601013 0
    outer loop
      vertex 194.52179274798195 4.612293491784143 0
      vertex 194.66964862031594 4.8889123728313635 1.2
      vertex 194.52179274798195 4.612293491784143 1.2
    endloop
  endfacet
  facet normal 0.7730104533627526 -0.6343932841636263 0
    outer loop
      vertex 194.66964862031594 4.8889123728313635 0
      vertex 194.86862915010153 5.1313708498984765 1.2
      vertex 194.66964862031594 4.8889123728313635 1.2
    endloop
  endfacet
  facet normal 0.634393284163638 -0.7730104533627432 0
    outer loop
      vertex 194.86862915010153 5.1313708498984765 0
      vertex 195.11108762716864 5.330351379684073 1.2
      vertex 194.86862915010153 5.1313708498984765 1.2
    endloop
  endfacet
  facet normal 0.4713967368260252 -0.8819212643483403 0
    outer loop
      vertex 195.11108762716864 5.330351379684073 0
      vertex 195.38770650821584 5.478207252018059 1.2
      vertex 195.11108762716864 5.330351379684073 1.2
    endloop
  endfacet
  facet normal -0.4713967368260252 -0.8819212643483403 0
    outer loop
      vertex 196.61229349178416 5.478207252018059 0
      vertex 196.88891237283136 5.330351379684073 1.2
      vertex 196.61229349178416 5.478207252018059 1.2
    endloop
  endfacet
  facet normal 0.29028467725445256 -0.9569403357322119 0
    outer loop
      vertex 195.38770650821584 5.478207252018059 0
      vertex 195.6878554847742 5.569256448645168 1.2
      vertex 195.38770650821584 5.478207252018059 1.2
    endloop
  endfacet
  facet normal 0.09801714032955906 -0.995184726672197 0
    outer loop
      vertex 195.6878554847742 5.569256448645168 0
      vertex 196 5.6 1.2
      vertex 195.6878554847742 5.569256448645168 1.2
    endloop
  endfacet
  facet normal -0.09801714032955906 -0.995184726672197 0
    outer loop
      vertex 196 5.6 0
      vertex 196.3121445152258 5.569256448645168 1.2
      vertex 196 5.6 1.2
    endloop
  endfacet
  facet normal -0.29028467725445256 -0.9569403357322119 0
    outer loop
      vertex 196.3121445152258 5.569256448645168 0
      vertex 196.61229349178416 5.478207252018059 1.2
      vertex 196.3121445152258 5.569256448645168 1.2
    endloop
  endfacet
  facet normal -0.8819212643483479 0.4713967368260107 0
    outer loop
      vertex 197.47820725201805 3.387706508215856 0
      vertex 197.33035137968406 3.1110876271686365 1.2
      vertex 197.47820725201805 3.387706508215856 1.2
    endloop
  endfacet
  facet normal -0.9569403357321954 0.2902846772545067 0
    outer loop
      vertex 197.56925644864518 3.687855484774195 0
      vertex 197.47820725201805 3.387706508215856 1.2
      vertex 197.56925644864518 3.687855484774195 1.2
    endloop
  endfacet
  facet normal -0.9951847266722013 0.09801714032951586 0
    outer loop
      vertex 197.6 4 0
      vertex 197.56925644864518 3.687855484774195 1.2
      vertex 197.6 4 1.2
    endloop
  endfacet
  facet normal -0.9951847266722013 -0.09801714032951586 0
    outer loop
      vertex 197.56925644864518 4.312144515225805 0
      vertex 197.6 4 1.2
      vertex 197.56925644864518 4.312144515225805 1.2
    endloop
  endfacet
  facet normal -0.9569403357321953 -0.29028467725450713 0
    outer loop
      vertex 197.47820725201805 4.612293491784143 0
      vertex 197.56925644864518 4.312144515225805 1.2
      vertex 197.47820725201805 4.612293491784143 1.2
    endloop
  endfacet
  facet normal -0.7730104533627526 -0.6343932841636263 0
    outer loop
      vertex 197.13137084989847 5.1313708498984765 0
      vertex 197.33035137968406 4.8889123728313635 1.2
      vertex 197.13137084989847 5.1313708498984765 1.2
    endloop
  endfacet
  facet normal -0.8819212643483484 -0.47139673682601013 0
    outer loop
      vertex 197.33035137968406 4.8889123728313635 0
      vertex 197.47820725201805 4.612293491784143 1.2
      vertex 197.33035137968406 4.8889123728313635 1.2
    endloop
  endfacet
  facet normal -0.634393284163638 -0.7730104533627432 0
    outer loop
      vertex 196.88891237283136 5.330351379684073 0
      vertex 197.13137084989847 5.1313708498984765 1.2
      vertex 196.88891237283136 5.330351379684073 1.2
    endloop
  endfacet
  facet normal 0 -1 0
    outer loop
      vertex 192 92 0
      vertex 199.4 92 0
      vertex 192 92 1.2
    endloop
  endfacet
  facet normal 0 0 -1
    outer loop
      vertex 192 92 0
      vertex 195.11108762716864 94.66964862031593 0
      vertex 195.38770650821584 94.52179274798195 0
    endloop
  endfacet
  facet normal 0 0 -1
    outer loop
      vertex 192 92 0
      vertex 195.38770650821584 94.52179274798195 0
      vertex 195.6878554847742 94.43074355135484 0
    endloop
  endfacet
  facet normal 0 0 -1
    outer loop
      vertex 192 92 0
      vertex 195.6878554847742 94.43074355135484 0
      vertex 196 94.4 0
    endloop
  endfacet
  facet normal 0 0 -1
    outer loop
      vertex 192 92 0
      vertex 196 94.4 0
      vertex 196.3121445152258 94.43074355135484 0
    endloop
  endfacet
  facet normal 0 0 -1
    outer loop
      vertex 192 92 0
      vertex 196.3121445152258 94.43074355135484 0
      vertex 196.61229349178416 94.52179274798195 0
    endloop
  endfacet
  facet normal 0 0 -1
    outer loop
      vertex 192 92 0
      vertex 196.61229349178416 94.52179274798195 0
      vertex 199.4 92 0
    endloop
  endfacet
  facet normal 0 0 -1
    outer loop
      vertex 200 92 0
      vertex 196.61229349178416 94.52179274798195 0
      vertex 196.88891237283136 94.66964862031593 0
    endloop
  endfacet
  facet normal 0 0 -1
    outer loop
      vertex 196.61229349178416 94.52179274798195 0
      vertex 200 92 0
      vertex 199.4 92 0
    endloop
  endfacet
  facet normal 0 0 1
    outer loop
      vertex 192 92 1.2
      vertex 195.38770650821584 94.52179274798195 1.2
      vertex 195.11108762716864 94.66964862031593 1.2
    endloop
  endfacet
  facet normal 0 0 1
    outer loop
      vertex 192 92 1.2
      vertex 199.4 92 1.2
      vertex 195.38770650821584 94.52179274798195 1.2
    endloop
  endfacet
  facet normal 0 0 1
    outer loop
      vertex 195.38770650821584 94.52179274798195 1.2
      vertex 199.4 92 1.2
      vertex 195.6878554847742 94.43074355135484 1.2
    endloop
  endfacet
  facet normal 0 -1 0
    outer loop
      vertex 192 92 1.2
      vertex 199.4 92 0
      vertex 199.4 92 1.2
    endloop
  endfacet
  facet normal 0 0 1
    outer loop
      vertex 195.6878554847742 94.43074355135484 1.2
      vertex 199.4 92 1.2
      vertex 196 94.4 1.2
    endloop
  endfacet
  facet normal 0 0 1
    outer loop
      vertex 196 94.4 1.2
      vertex 199.4 92 1.2
      vertex 196.3121445152258 94.43074355135484 1.2
    endloop
  endfacet
  facet normal 0 0 1
    outer loop
      vertex 196.3121445152258 94.43074355135484 1.2
      vertex 199.4 92 1.2
      vertex 196.61229349178416 94.52179274798195 1.2
    endloop
  endfacet
  facet normal 0 0 1
    outer loop
      vertex 196.61229349178416 94.52179274798195 1.2
      vertex 199.4 92 1.2
      vertex 196.88891237283136 94.66964862031593 1.2
    endloop
  endfacet
  facet normal 0 0 -1
    outer loop
      vertex 192 92 0
      vertex 194.52179274798195 95.38770650821586 0
      vertex 194.66964862031594 95.11108762716864 0
    endloop
  endfacet
  facet normal 0 0 -1
    outer loop
      vertex 192 92 0
      vertex 192 99.4 0
      vertex 194.52179274798195 95.38770650821586 0
    endloop
  endfacet
  facet normal -1 0 0
    outer loop
      vertex 192 92 0
      vertex 192 92 1.2
      vertex 192 99.4 1.2
    endloop
  endfacet
  facet normal 0 0 1
    outer loop
      vertex 192 92 1.2
      vertex 194.66964862031594 95.11108762716864 1.2
      vertex 194.52179274798195 95.38770650821586 1.2
    endloop
  endfacet
  facet normal 0 0 1
    outer loop
      vertex 192 92 1.2
      vertex 194.52179274798195 95.38770650821586 1.2
      vertex 194.43074355135482 95.68785548477419 1.2
    endloop
  endfacet
  facet normal 0 0 1
    outer loop
      vertex 192 92 1.2
      vertex 194.43074355135482 95.68785548477419 1.2
      vertex 194.4 96 1.2
    endloop
  endfacet
  facet normal 0 0 1
    outer loop
      vertex 192 92 1.2
      vertex 194.4 96 1.2
      vertex 194.43074355135482 96.31214451522581 1.2
    endloop
  endfacet
  facet normal 0 0 1
    outer loop
      vertex 192 92 1.2
      vertex 194.43074355135482 96.31214451522581 1.2
      vertex 194.52179274798195 96.61229349178414 1.2
    endloop
  endfacet
  facet normal 0 0 1
    outer loop
      vertex 192 92 1.2
      vertex 194.52179274798195 96.61229349178414 1.2
      vertex 192 99.4 1.2
    endloop
  endfacet
  facet normal 0 0 -1
    outer loop
      vertex 194.52179274798195 95.38770650821586 0
      vertex 192.07938028185987 99.85481552451475 0
      vertex 194.43074355135482 95.68785548477419 0
    endloop
  endfacet
  facet normal 0 0 -1
    outer loop
      vertex 194.43074355135482 95.68785548477419 0
      vertex 192.0260029008333 99.95244136918986 0
      vertex 194.4 96 0
    endloop
  endfacet
  facet normal 0 0 -1
    outer loop
      vertex 194.4 96 0
      vertex 192.0260029008333 99.95244136918986 0
      vertex 194.43074355135482 96.31214451522581 0
    endloop
  endfacet
  facet normal 0 0 -1
    outer loop
      vertex 194.43074355135482 96.31214451522581 0
      vertex 192.0260029008333 99.95244136918986 0
      vertex 194.52179274798195 96.61229349178414 0
    endloop
  endfacet
  facet normal 0 0 -1
    outer loop
      vertex 194.52179274798195 95.38770650821586 0
      vertex 192 99.4 0
      vertex 192.07938028185987 99.85481552451475 0
    endloop
  endfacet
  facet normal 0 0 -1
    outer loop
      vertex 194.52179274798195 96.61229349178414 0
      vertex 192.0260029008333 99.95244136918986 0
      vertex 194.66964862031594 96.88891237283136 0
    endloop
  endfacet
  facet normal -1 0 0
    outer loop
      vertex 192 92 0
      vertex 192 99.4 1.2
      vertex 192 99.4 0
    endloop
  endfacet
  facet normal 0 0 -1
    outer loop
      vertex 192.07938028185987 99.85481552451475 0
      vertex 192.0260029008333 99.95244136918986 0
      vertex 194.43074355135482 95.68785548477419 0
    endloop
  endfacet
  facet normal 0 0 -1
    outer loop
      vertex 195.11108762716864 97.33035137968407 0
      vertex 192.0260029008333 99.95244136918986 0
      vertex 192.0635878106182 99.95266553366174 0
    endloop
  endfacet
  facet normal 0 0 1
    outer loop
      vertex 194.52179274798195 96.61229349178414 1.2
      vertex 194.66964862031594 96.88891237283136 1.2
      vertex 192 99.4 1.2
    endloop
  endfacet
  facet normal 0 0 -1
    outer loop
      vertex 192 92 0
      vertex 194.86862915010153 94.86862915010153 0
      vertex 195.11108762716864 94.66964862031593 0
    endloop
  endfacet
  facet normal 0 0 -1
    outer loop
      vertex 192 92 0
      vertex 194.66964862031594 95.11108762716864 0
      vertex 194.86862915010153 94.86862915010153 0
    endloop
  endfacet
  facet normal 0 0 -1
    outer loop
      vertex 200 92 0
      vertex 196.88891237283136 94.66964862031593 0
      vertex 197.13137084989847 94.86862915010153 0
    endloop
  endfacet
  facet normal 0 0 -1
    outer loop
      vertex 200 92 0
      vertex 197.13137084989847 94.86862915010153 0
      vertex 197.33035137968406 95.11108762716864 0
    endloop
  endfacet
  facet normal 0 0 -1
    outer loop
      vertex 200 92 0
      vertex 197.33035137968406 95.11108762716864 0
      vertex 197.47820725201805 95.38770650821586 0
    endloop
  endfacet
  facet normal 0 0 -1
    outer loop
      vertex 200 92 0
      vertex 197.47820725201805 95.38770650821586 0
      vertex 197.56925644864518 95.68785548477419 0
    endloop
  endfacet
  facet normal 0 0 -1
    outer loop
      vertex 200 92 0
      vertex 197.56925644864518 95.68785548477419 0
      vertex 197.6 96 0
    endloop
  endfacet
  facet normal 0 0 -1
    outer loop
      vertex 200 92 0
      vertex 197.6 96 0
      vertex 197.56925644864518 96.31214451522581 0
    endloop
  endfacet
  facet normal 0 0 -1
    outer loop
      vertex 200 92 0
      vertex 197.56925644864518 96.31214451522581 0
      vertex 197.47820725201805 96.61229349178414 0
    endloop
  endfacet
  facet normal 0 0 -1
    outer loop
      vertex 200 92 0
      vertex 197.47820725201805 96.61229349178414 0
      vertex 200 100 0
    endloop
  endfacet
  facet normal 0 0 1
    outer loop
      vertex 192 92 1.2
      vertex 195.11108762716864 94.66964862031593 1.2
      vertex 194.86862915010153 94.86862915010153 1.2
    endloop
  endfacet
  facet normal 0 0 1
    outer loop
      vertex 192 92 1.2
      vertex 194.86862915010153 94.86862915010153 1.2
      vertex 194.66964862031594 95.11108762716864 1.2
    endloop
  endfacet
  facet normal 0 0 1
    outer loop
      vertex 196.88891237283136 94.66964862031593 1.2
      vertex 199.4 92 1.2
      vertex 197.13137084989847 94.86862915010153 1.2
    endloop
  endfacet
  facet normal 0 0 1
    outer loop
      vertex 197.13137084989847 94.86862915010153 1.2
      vertex 199.4 92 1.2
      vertex 197.33035137968406 95.11108762716864 1.2
    endloop
  endfacet
  facet normal 0 0 1
    outer loop
      vertex 197.33035137968406 95.11108762716864 1.2
      vertex 199.4 92 1.2
      vertex 197.47820725201805 95.38770650821586 1.2
    endloop
  endfacet
  facet normal 0 0 1
    outer loop
      vertex 197.47820725201805 95.38770650821586 1.2
      vertex 199.4 92 1.2
      vertex 197.56925644864518 95.68785548477419 1.2
    endloop
  endfacet
  facet normal 0 0 1
    outer loop
      vertex 197.56925644864518 95.68785548477419 1.2
      vertex 199.4 92 1.2
      vertex 199.4 99.4 1.2
    endloop
  endfacet
  facet normal 0 0 -1
    outer loop
      vertex 194.66964862031594 96.88891237283136 0
      vertex 192.0260029008333 99.95244136918986 0
      vertex 194.86862915010153 97.13137084989847 0
    endloop
  endfacet
  facet normal 0 0 -1
    outer loop
      vertex 194.86862915010153 97.13137084989847 0
      vertex 192.0260029008333 99.95244136918986 0
      vertex 195.11108762716864 97.33035137968407 0
    endloop
  endfacet
  facet normal 0 0 -1
    outer loop
      vertex 195.11108762716864 97.33035137968407 0
      vertex 192.0635878106182 99.95266553366174 0
      vertex 195.38770650821584 97.47820725201805 0
    endloop
  endfacet
  facet normal 0 0 -1
    outer loop
      vertex 192.0635878106182 99.95266553366174 0
      vertex 192 100 0
      vertex 200 100 0
    endloop
  endfacet
  facet normal 0 1 0
    outer loop
      vertex 200 100 0
      vertex 192 100 0
      vertex 192 100 0.8
    endloop
  endfacet
  facet normal 0 0 -1
    outer loop
      vertex 195.38770650821584 97.47820725201805 0
      vertex 192.0635878106182 99.95266553366174 0
      vertex 200 100 0
    endloop
  endfacet
  facet normal 0 0 -1
    outer loop
      vertex 195.38770650821584 97.47820725201805 0
      vertex 200 100 0
      vertex 195.6878554847742 97.56925644864516 0
    endloop
  endfacet
  facet normal 0 0 -1
    outer loop
      vertex 195.6878554847742 97.56925644864516 0
      vertex 200 100 0
      vertex 196 97.6 0
    endloop
  endfacet
  facet normal 0 0 -1
    outer loop
      vertex 196 97.6 0
      vertex 200 100 0
      vertex 196.3121445152258 97.56925644864516 0
    endloop
  endfacet
  facet normal 0 0 -1
    outer loop
      vertex 196.3121445152258 97.56925644864516 0
      vertex 200 100 0
      vertex 196.61229349178416 97.47820725201805 0
    endloop
  endfacet
  facet normal 0 0 -1
    outer loop
      vertex 197.47820725201805 96.61229349178414 0
      vertex 197.33035137968406 96.88891237283136 0
      vertex 200 100 0
    endloop
  endfacet
  facet normal 0 0 -1
    outer loop
      vertex 197.13137084989847 97.13137084989847 0
      vertex 200 100 0
      vertex 197.33035137968406 96.88891237283136 0
    endloop
  endfacet
  facet normal 0 0 -1
    outer loop
      vertex 197.13137084989847 97.13137084989847 0
      vertex 196.88891237283136 97.33035137968407 0
      vertex 200 100 0
    endloop
  endfacet
  facet normal 0 0 -1
    outer loop
      vertex 196.61229349178416 97.47820725201805 0
      vertex 200 100 0
      vertex 196.88891237283136 97.33035137968407 0
    endloop
  endfacet
  facet normal 0 0 1
    outer loop
      vertex 194.66964862031594 96.88891237283136 1.2
      vertex 194.86862915010153 97.13137084989847 1.2
      vertex 192 99.4 1.2
    endloop
  endfacet
  facet normal 0 0 1
    outer loop
      vertex 194.86862915010153 97.13137084989847 1.2
      vertex 195.11108762716864 97.33035137968407 1.2
      vertex 192 99.4 1.2
    endloop
  endfacet
  facet normal 0 0 1
    outer loop
      vertex 195.11108762716864 97.33035137968407 1.2
      vertex 195.38770650821584 97.47820725201805 1.2
      vertex 192 99.4 1.2
    endloop
  endfacet
  facet normal 0 0 1
    outer loop
      vertex 195.38770650821584 97.47820725201805 1.2
      vertex 195.6878554847742 97.56925644864516 1.2
      vertex 192 99.4 1.2
    endloop
  endfacet
  facet normal 0 0 1
    outer loop
      vertex 195.6878554847742 97.56925644864516 1.2
      vertex 196 97.6 1.2
      vertex 192 99.4 1.2
    endloop
  endfacet
  facet normal 0 0 1
    outer loop
      vertex 196 97.6 1.2
      vertex 196.3121445152258 97.56925644864516 1.2
      vertex 192 99.4 1.2
    endloop
  endfacet
  facet normal 0 0 1
    outer loop
      vertex 196.3121445152258 97.56925644864516 1.2
      vertex 199.4 99.4 1.2
      vertex 192 99.4 1.2
    endloop
  endfacet
  facet normal 0 0 1
    outer loop
      vertex 197.56925644864518 95.68785548477419 1.2
      vertex 199.4 99.4 1.2
      vertex 197.6 96 1.2
    endloop
  endfacet
  facet normal 0 0 1
    outer loop
      vertex 197.6 96 1.2
      vertex 199.4 99.4 1.2
      vertex 197.56925644864518 96.31214451522581 1.2
    endloop
  endfacet
  facet normal 0 0 1
    outer loop
      vertex 197.56925644864518 96.31214451522581 1.2
      vertex 199.4 99.4 1.2
      vertex 197.47820725201805 96.61229349178414 1.2
    endloop
  endfacet
  facet normal 0 0 1
    outer loop
      vertex 197.47820725201805 96.61229349178414 1.2
      vertex 199.4 99.4 1.2
      vertex 197.33035137968406 96.88891237283136 1.2
    endloop
  endfacet
  facet normal 0 0 1
    outer loop
      vertex 196.3121445152258 97.56925644864516 1.2
      vertex 196.61229349178416 97.47820725201805 1.2
      vertex 199.4 99.4 1.2
    endloop
  endfacet
  facet normal 0 0 1
    outer loop
      vertex 196.61229349178416 97.47820725201805 1.2
      vertex 196.88891237283136 97.33035137968407 1.2
      vertex 199.4 99.4 1.2
    endloop
  endfacet
  facet normal 0 0 1
    outer loop
      vertex 197.13137084989847 97.13137084989847 1.2
      vertex 197.33035137968406 96.88891237283136 1.2
      vertex 199.4 99.4 1.2
    endloop
  endfacet
  facet normal 0 0 1
    outer loop
      vertex 197.13137084989847 97.13137084989847 1.2
      vertex 199.4 99.4 1.2
      vertex 196.88891237283136 97.33035137968407 1.2
    endloop
  endfacet
  facet normal 0.4713967368260032 0.8819212643483522 0
    outer loop
      vertex 195.11108762716864 94.66964862031593 0
      vertex 195.11108762716864 94.66964862031593 1.2
      vertex 195.38770650821584 94.52179274798195 0
    endloop
  endfacet
  facet normal 0.6343932841636465 0.7730104533627363 0
    outer loop
      vertex 194.86862915010153 94.86862915010153 0
      vertex 194.86862915010153 94.86862915010153 1.2
      vertex 195.11108762716864 94.66964862031593 0
    endloop
  endfacet
  facet normal 0.7730104533627584 0.6343932841636194 -4.902203186675262e-18
    outer loop
      vertex 194.86862915010153 94.86862915010153 0
      vertex 194.66964862031594 95.11108762716864 0
      vertex 194.66964862031594 95.11108762716864 1.2
    endloop
  endfacet
  facet normal 0.8819212643483433 0.4713967368260195 -8.700748050783045e-18
    outer loop
      vertex 194.66964862031594 95.11108762716864 0
      vertex 194.52179274798195 95.38770650821586 0
      vertex 194.52179274798195 95.38770650821586 1.2
    endloop
  endfacet
  facet normal 0.2902846772544578 0.9569403357322104 0
    outer loop
      vertex 195.38770650821584 94.52179274798195 0
      vertex 195.38770650821584 94.52179274798195 1.2
      vertex 195.6878554847742 94.43074355135484 0
    endloop
  endfacet
  facet normal 0.09801714032955906 0.995184726672197 0
    outer loop
      vertex 195.6878554847742 94.43074355135484 0
      vertex 195.6878554847742 94.43074355135484 1.2
      vertex 196 94.4 0
    endloop
  endfacet
  facet normal -0.09801714032955906 0.995184726672197 0
    outer loop
      vertex 196 94.4 0
      vertex 196 94.4 1.2
      vertex 196.3121445152258 94.43074355135484 0
    endloop
  endfacet
  facet normal -0.2902846772544578 0.9569403357322104 0
    outer loop
      vertex 196.3121445152258 94.43074355135484 0
      vertex 196.3121445152258 94.43074355135484 1.2
      vertex 196.61229349178416 94.52179274798195 0
    endloop
  endfacet
  facet normal -0.4713967368260032 0.8819212643483522 0
    outer loop
      vertex 196.61229349178416 94.52179274798195 0
      vertex 196.61229349178416 94.52179274798195 1.2
      vertex 196.88891237283136 94.66964862031593 0
    endloop
  endfacet
  facet normal 0.9569403357321938 0.2902846772545118 -1.845145375913503e-18
    outer loop
      vertex 194.52179274798195 95.38770650821586 0
      vertex 194.43074355135482 95.68785548477419 0
      vertex 194.43074355135482 95.68785548477419 1.2
    endloop
  endfacet
  facet normal 0.9951847266722015 0.09801714032951421 6.945097311021736e-20
    outer loop
      vertex 194.43074355135482 95.68785548477419 0
      vertex 194.4 96 0
      vertex 194.4 96 1.2
    endloop
  endfacet
  facet normal 0.9951847266722015 -0.09801714032951421 -6.945097311021736e-20
    outer loop
      vertex 194.4 96 0
      vertex 194.43074355135482 96.31214451522581 0
      vertex 194.43074355135482 96.31214451522581 1.2
    endloop
  endfacet
  facet normal 0.9569403357321938 -0.2902846772545118 1.845145375913503e-18
    outer loop
      vertex 194.43074355135482 96.31214451522581 0
      vertex 194.52179274798195 96.61229349178414 0
      vertex 194.52179274798195 96.61229349178414 1.2
    endloop
  endfacet
  facet normal 0.8819212643483433 -0.4713967368260195 8.700748050783045e-18
    outer loop
      vertex 194.52179274798195 96.61229349178414 0
      vertex 194.66964862031594 96.88891237283136 0
      vertex 194.66964862031594 96.88891237283136 1.2
    endloop
  endfacet
  facet normal -0.6343932841636465 0.7730104533627363 0
    outer loop
      vertex 196.88891237283136 94.66964862031593 0
      vertex 196.88891237283136 94.66964862031593 1.2
      vertex 197.13137084989847 94.86862915010153 0
    endloop
  endfacet
  facet normal -0.7730104533627584 0.6343932841636194 0
    outer loop
      vertex 197.13137084989847 94.86862915010153 0
      vertex 197.13137084989847 94.86862915010153 1.2
      vertex 197.33035137968406 95.11108762716864 0
    endloop
  endfacet
  facet normal -0.8819212643483433 0.4713967368260195 0
    outer loop
      vertex 197.33035137968406 95.11108762716864 0
      vertex 197.33035137968406 95.11108762716864 1.2
      vertex 197.47820725201805 95.38770650821586 0
    endloop
  endfacet
  facet normal -0.9569403357321938 0.2902846772545118 0
    outer loop
      vertex 197.47820725201805 95.38770650821586 0
      vertex 197.47820725201805 95.38770650821586 1.2
      vertex 197.56925644864518 95.68785548477419 0
    endloop
  endfacet
  facet normal -0.9951847266722015 0.09801714032951421 0
    outer loop
      vertex 197.56925644864518 95.68785548477419 0
      vertex 197.56925644864518 95.68785548477419 1.2
      vertex 197.6 96 0
    endloop
  endfacet
  facet normal -0.9951847266722015 -0.09801714032951421 0
    outer loop
      vertex 197.6 96 0
      vertex 197.6 96 1.2
      vertex 197.56925644864518 96.31214451522581 0
    endloop
  endfacet
  facet normal -0.9569403357321938 -0.2902846772545118 0
    outer loop
      vertex 197.56925644864518 96.31214451522581 0
      vertex 197.56925644864518 96.31214451522581 1.2
      vertex 197.47820725201805 96.61229349178414 0
    endloop
  endfacet
  facet normal -0.8819212643483433 -0.4713967368260195 0
    outer loop
      vertex 197.47820725201805 96.61229349178414 0
      vertex 197.47820725201805 96.61229349178414 1.2
      vertex 197.33035137968406 96.88891237283136 0
    endloop
  endfacet
  facet normal 0.4713967368260032 0.8819212643483522 0
    outer loop
      vertex 195.38770650821584 94.52179274798195 0
      vertex 195.11108762716864 94.66964862031593 1.2
      vertex 195.38770650821584 94.52179274798195 1.2
    endloop
  endfacet
  facet normal 0.6343932841636465 0.7730104533627363 0
    outer loop
      vertex 195.11108762716864 94.66964862031593 0
      vertex 194.86862915010153 94.86862915010153 1.2
      vertex 195.11108762716864 94.66964862031593 1.2
    endloop
  endfacet
  facet normal 0.7730104533627584 0.6343932841636194 0
    outer loop
      vertex 194.86862915010153 94.86862915010153 0
      vertex 194.66964862031594 95.11108762716864 1.2
      vertex 194.86862915010153 94.86862915010153 1.2
    endloop
  endfacet
  facet normal 0.8819212643483433 0.4713967368260195 0
    outer loop
      vertex 194.66964862031594 95.11108762716864 0
      vertex 194.52179274798195 95.38770650821586 1.2
      vertex 194.66964862031594 95.11108762716864 1.2
    endloop
  endfacet
  facet normal 0.2902846772544578 0.9569403357322104 0
    outer loop
      vertex 195.6878554847742 94.43074355135484 0
      vertex 195.38770650821584 94.52179274798195 1.2
      vertex 195.6878554847742 94.43074355135484 1.2
    endloop
  endfacet
  facet normal 0.09801714032955906 0.995184726672197 0
    outer loop
      vertex 196 94.4 0
      vertex 195.6878554847742 94.43074355135484 1.2
      vertex 196 94.4 1.2
    endloop
  endfacet
  facet normal -0.09801714032955906 0.995184726672197 0
    outer loop
      vertex 196.3121445152258 94.43074355135484 0
      vertex 196 94.4 1.2
      vertex 196.3121445152258 94.43074355135484 1.2
    endloop
  endfacet
  facet normal -0.2902846772544578 0.9569403357322104 0
    outer loop
      vertex 196.61229349178416 94.52179274798195 0
      vertex 196.3121445152258 94.43074355135484 1.2
      vertex 196.61229349178416 94.52179274798195 1.2
    endloop
  endfacet
  facet normal -0.4713967368260032 0.8819212643483522 0
    outer loop
      vertex 196.88891237283136 94.66964862031593 0
      vertex 196.61229349178416 94.52179274798195 1.2
      vertex 196.88891237283136 94.66964862031593 1.2
    endloop
  endfacet
  facet normal 0.9569403357321938 0.2902846772545118 0
    outer loop
      vertex 194.52179274798195 95.38770650821586 0
      vertex 194.43074355135482 95.68785548477419 1.2
      vertex 194.52179274798195 95.38770650821586 1.2
    endloop
  endfacet
  facet normal 0.9951847266722015 0.09801714032951421 0
    outer loop
      vertex 194.43074355135482 95.68785548477419 0
      vertex 194.4 96 1.2
      vertex 194.43074355135482 95.68785548477419 1.2
    endloop
  endfacet
  facet normal 0.9951847266722015 -0.09801714032951421 0
    outer loop
      vertex 194.4 96 0
      vertex 194.43074355135482 96.31214451522581 1.2
      vertex 194.4 96 1.2
    endloop
  endfacet
  facet normal 0.9569403357321938 -0.2902846772545118 0
    outer loop
      vertex 194.43074355135482 96.31214451522581 0
      vertex 194.52179274798195 96.61229349178414 1.2
      vertex 194.43074355135482 96.31214451522581 1.2
    endloop
  endfacet
  facet normal 0.8819212643483433 -0.4713967368260195 0
    outer loop
      vertex 194.52179274798195 96.61229349178414 0
      vertex 194.66964862031594 96.88891237283136 1.2
      vertex 194.52179274798195 96.61229349178414 1.2
    endloop
  endfacet
  facet normal -0.6343932841636465 0.7730104533627363 0
    outer loop
      vertex 197.13137084989847 94.86862915010153 0
      vertex 196.88891237283136 94.66964862031593 1.2
      vertex 197.13137084989847 94.86862915010153 1.2
    endloop
  endfacet
  facet normal -0.7730104533627584 0.6343932841636194 0
    outer loop
      vertex 197.33035137968406 95.11108762716864 0
      vertex 197.13137084989847 94.86862915010153 1.2
      vertex 197.33035137968406 95.11108762716864 1.2
    endloop
  endfacet
  facet normal -0.8819212643483433 0.4713967368260195 0
    outer loop
      vertex 197.47820725201805 95.38770650821586 0
      vertex 197.33035137968406 95.11108762716864 1.2
      vertex 197.47820725201805 95.38770650821586 1.2
    endloop
  endfacet
  facet normal -0.9569403357321938 0.2902846772545118 0
    outer loop
      vertex 197.56925644864518 95.68785548477419 0
      vertex 197.47820725201805 95.38770650821586 1.2
      vertex 197.56925644864518 95.68785548477419 1.2
    endloop
  endfacet
  facet normal -0.9951847266722015 0.09801714032951421 0
    outer loop
      vertex 197.6 96 0
      vertex 197.56925644864518 95.68785548477419 1.2
      vertex 197.6 96 1.2
    endloop
  endfacet
  facet normal -0.9951847266722015 -0.09801714032951421 0
    outer loop
      vertex 197.56925644864518 96.31214451522581 0
      vertex 197.6 96 1.2
      vertex 197.56925644864518 96.31214451522581 1.2
    endloop
  endfacet
  facet normal -0.9569403357321938 -0.2902846772545118 0
    outer loop
      vertex 197.47820725201805 96.61229349178414 0
      vertex 197.56925644864518 96.31214451522581 1.2
      vertex 197.47820725201805 96.61229349178414 1.2
    endloop
  endfacet
  facet normal -0.8819212643483433 -0.4713967368260195 0
    outer loop
      vertex 197.33035137968406 96.88891237283136 0
      vertex 197.47820725201805 96.61229349178414 1.2
      vertex 197.33035137968406 96.88891237283136 1.2
    endloop
  endfacet
  facet normal 0.7730104533627584 -0.6343932841636194 4.902203186675262e-18
    outer loop
      vertex 194.66964862031594 96.88891237283136 0
      vertex 194.86862915010153 97.13137084989847 0
      vertex 194.86862915010153 97.13137084989847 1.2
    endloop
  endfacet
  facet normal 0.6343932841636465 -0.7730104533627363 -3.302351866057233e-18
    outer loop
      vertex 194.86862915010153 97.13137084989847 0
      vertex 195.11108762716864 97.33035137968407 0
      vertex 195.11108762716864 97.33035137968407 1.2
    endloop
  endfacet
  facet normal 0.4713967368260032 -0.8819212643483522 2.7221804131990395e-18
    outer loop
      vertex 195.11108762716864 97.33035137968407 0
      vertex 195.38770650821584 97.47820725201805 0
      vertex 195.38770650821584 97.47820725201805 1.2
    endloop
  endfacet
  facet normal 0.2902846772544578 -0.9569403357322104 -2.5120929386344785e-18
    outer loop
      vertex 195.38770650821584 97.47820725201805 0
      vertex 195.6878554847742 97.56925644864516 0
      vertex 195.6878554847742 97.56925644864516 1.2
    endloop
  endfacet
  facet normal 0.09801714032955906 -0.995184726672197 3.3552695330473883e-19
    outer loop
      vertex 195.6878554847742 97.56925644864516 0
      vertex 196 97.6 0
      vertex 196 97.6 1.2
    endloop
  endfacet
  facet normal -0.09801714032955906 -0.995184726672197 -3.3552695330473883e-19
    outer loop
      vertex 196 97.6 0
      vertex 196.3121445152258 97.56925644864516 0
      vertex 196.3121445152258 97.56925644864516 1.2
    endloop
  endfacet
  facet normal -0.4713967368260032 -0.8819212643483522 -2.7221804131990395e-18
    outer loop
      vertex 196.61229349178416 97.47820725201805 0
      vertex 196.88891237283136 97.33035137968407 0
      vertex 196.88891237283136 97.33035137968407 1.2
    endloop
  endfacet
  facet normal -0.2902846772544578 -0.9569403357322104 2.5120929386344785e-18
    outer loop
      vertex 196.3121445152258 97.56925644864516 0
      vertex 196.61229349178416 97.47820725201805 0
      vertex 196.61229349178416 97.47820725201805 1.2
    endloop
  endfacet
  facet normal -0.7730104533627584 -0.6343932841636194 -4.902203186675262e-18
    outer loop
      vertex 197.13137084989847 97.13137084989847 0
      vertex 197.33035137968406 96.88891237283136 0
      vertex 197.33035137968406 96.88891237283136 1.2
    endloop
  endfacet
  facet normal -0.6343932841636465 -0.7730104533627363 0
    outer loop
      vertex 197.13137084989847 97.13137084989847 0
      vertex 197.13137084989847 97.13137084989847 1.2
      vertex 196.88891237283136 97.33035137968407 0
    endloop
  endfacet
  facet normal 0.7730104533627584 -0.6343932841636194 0
    outer loop
      vertex 194.66964862031594 96.88891237283136 0
      vertex 194.86862915010153 97.13137084989847 1.2
      vertex 194.66964862031594 96.88891237283136 1.2
    endloop
  endfacet
  facet normal 0.6343932841636465 -0.7730104533627363 0
    outer loop
      vertex 194.86862915010153 97.13137084989847 0
      vertex 195.11108762716864 97.33035137968407 1.2
      vertex 194.86862915010153 97.13137084989847 1.2
    endloop
  endfacet
  facet normal 0.4713967368260032 -0.8819212643483522 0
    outer loop
      vertex 195.11108762716864 97.33035137968407 0
      vertex 195.38770650821584 97.47820725201805 1.2
      vertex 195.11108762716864 97.33035137968407 1.2
    endloop
  endfacet
  facet normal 0.2902846772544578 -0.9569403357322104 0
    outer loop
      vertex 195.38770650821584 97.47820725201805 0
      vertex 195.6878554847742 97.56925644864516 1.2
      vertex 195.38770650821584 97.47820725201805 1.2
    endloop
  endfacet
  facet normal 0.09801714032955906 -0.995184726672197 0
    outer loop
      vertex 195.6878554847742 97.56925644864516 0
      vertex 196 97.6 1.2
      vertex 195.6878554847742 97.56925644864516 1.2
    endloop
  endfacet
  facet normal -0.09801714032955906 -0.995184726672197 0
    outer loop
      vertex 196 97.6 0
      vertex 196.3121445152258 97.56925644864516 1.2
      vertex 196 97.6 1.2
    endloop
  endfacet
  facet normal -0.2902846772544578 -0.9569403357322104 0
    outer loop
      vertex 196.3121445152258 97.56925644864516 0
      vertex 196.61229349178416 97.47820725201805 1.2
      vertex 196.3121445152258 97.56925644864516 1.2
    endloop
  endfacet
  facet normal -0.4713967368260032 -0.8819212643483522 0
    outer loop
      vertex 196.61229349178416 97.47820725201805 0
      vertex 196.88891237283136 97.33035137968407 1.2
      vertex 196.61229349178416 97.47820725201805 1.2
    endloop
  endfacet
  facet normal -0.7730104533627584 -0.6343932841636194 0
    outer loop
      vertex 197.13137084989847 97.13137084989847 0
      vertex 197.33035137968406 96.88891237283136 1.2
      vertex 197.13137084989847 97.13137084989847 1.2
    endloop
  endfacet
  facet normal -0.6343932841636465 -0.7730104533627363 0
    outer loop
      vertex 196.88891237283136 97.33035137968407 0
      vertex 197.13137084989847 97.13137084989847 1.2
      vertex 196.88891237283136 97.33035137968407 1.2
    endloop
  endfacet
endsolid OpenSCAD_Model
